ST_CASE,YEAR,FATALS,PEDS,PERNOTMVIT,VE_TOTAL,VE_FORMS,PVH_INVL,PERSONS,PERMVIT,STATENAME,MONTHNAME,DAYNAME,DAY_WEEKNAME,HOURNAME,MINUTENAME,ROUTENAME,RUR_URBNAME,FUNC_SYSNAME,RD_OWNERNAME,NHSNAME,SP_JURNAME,HARM_EVNAME,MAN_COLLNAME,RELJCT1NAME,RELJCT2NAME,TYP_INTNAME,REL_ROADNAME,WRK_ZONENAME,LGT_CONDNAME,WEATHERNAME,SCH_BUSNAME,RAILNAME,LATITUDE,LONGITUD,COUNTYNAME,CITYNAME
80145,2015,1,0,0,1,1,0,2,2,Colorado,April,27,Monday,12:00pm-12:59pm,35,Interstate,Rural,Interstate,State Highway Agency,This section IS ON the NHS,No Special Jurisdiction,Rollover/Overturn,Not a Collision with Motor Vehicle In-Transport,No,Non-Junction,Not an Intersection,On Roadway,,Daylight,Clear,No,Not Applicable,40.30444444,-103.5225722,Unknown,Unknown
80146,2015,1,0,0,1,1,0,1,1,Colorado,April,3,Friday,10:00am-10:59am,55,Interstate,Urban,Interstate,State Highway Agency,This section IS ON the NHS,No Special Jurisdiction,"Other Post, Other Pole or Other Supports",Not a Collision with Motor Vehicle In-Transport,No,Non-Junction,Not an Intersection,On Median,,Daylight,Clear,No,Not Applicable,39.55229444,-107.3318278,Unknown,Unknown
80147,2015,1,0,0,1,1,0,2,2,Colorado,April,5,Sunday,9:00pm-9:59pm,22,County Road,Rural,Local,County Highway Agency,This section IS NOT on the NHS,No Special Jurisdiction,Rollover/Overturn,Not a Collision with Motor Vehicle In-Transport,No,Non-Junction,Not an Intersection,On Roadside,,Dark - Not Lighted,Clear,No,Not Applicable,39.24422222,-104.5707778,Unknown,Unknown
80148,2015,1,0,0,1,1,0,1,1,Colorado,April,11,Saturday,2:00pm-2:59pm,50,County Road,Rural,Major Collector,County Highway Agency,This section IS NOT on the NHS,No Special Jurisdiction,Rollover/Overturn,Not a Collision with Motor Vehicle In-Transport,No,Non-Junction,Not an Intersection,On Roadway,,Daylight,Clear,No,Not Applicable,40.371,-105.2248889,Unknown,Unknown
80149,2015,1,0,0,2,2,0,2,2,Colorado,April,13,Monday,6:00am-6:59am,28,U.S. Highway,Urban,Principal Arterial - Other,State Highway Agency,This section IS ON the NHS,No Special Jurisdiction,Motor Vehicle In-Transport,Front-to-Front,No,Intersection,Four-Way Intersection,On Roadway,,Dawn,Clear,No,Not Applicable,38.81515278,-104.7662917,Unknown,Unknown
80150,2015,1,0,0,1,1,0,1,1,Colorado,April,26,Sunday,0:00am-0:59am,33,Local Street - Municipality,Urban,Minor Arterial,City or Municipal Highway Agency,This section IS NOT on the NHS,No Special Jurisdiction,Other Fixed Object,Not a Collision with Motor Vehicle In-Transport,No,Non-Junction,Not an Intersection,On Median,,Dark - Lighted,Rain,No,Not Applicable,40.52355556,-105.0784333,Unknown,Unknown
80151,2015,1,0,0,3,1,2,1,1,Colorado,January,25,Sunday,1:00am-1:59am,23,Local Street - Municipality,Urban,Principal Arterial - Other,City or Municipal Highway Agency,This section IS ON the NHS,No Special Jurisdiction,Parked Motor Vehicle,Not a Collision with Motor Vehicle In-Transport,No,Non-Junction,Not an Intersection,In Parking Lane/Zone,,Dark - Lighted,Clear,No,Not Applicable,38.85868333,-104.82025,Unknown,Unknown
80152,2015,1,0,0,2,2,0,2,2,Colorado,February,10,Tuesday,1:00pm-1:59pm,20,Local Street - Municipality,Urban,Principal Arterial - Other,City or Municipal Highway Agency,This section IS ON the NHS,No Special Jurisdiction,Motor Vehicle In-Transport,Front-to-Front,No,Non-Junction,Not an Intersection,On Roadway,,Daylight,Clear,No,Not Applicable,38.86631111,-104.7404028,Unknown,Unknown
80153,2015,1,0,0,3,3,0,3,3,Colorado,February,19,Thursday,1:00pm-1:59pm,30,County Road,Rural,Major Collector,County Highway Agency,This section IS NOT on the NHS,No Special Jurisdiction,Motor Vehicle In-Transport,Sideswipe - Same Direction,No,Intersection,T-Intersection,On Roadway,,Daylight,Clear,No,Not Applicable,40.52321667,-104.8746833,Unknown,Unknown
80154,2015,1,0,0,2,2,0,3,3,Colorado,March,15,Sunday,12:00pm-12:59pm,54,State Highway,Urban,Principal Arterial - Other,State Highway Agency,This section IS ON the NHS,No Special Jurisdiction,Motor Vehicle In-Transport,Angle,No,Intersection,Four-Way Intersection,On Roadway,,Daylight,Clear,No,Not Applicable,40.08796111,-104.9420944,Unknown,Unknown
80155,2015,1,0,0,1,1,0,1,1,Colorado,May,1,Friday,5:00pm-5:59pm,53,U.S. Highway,Urban,Principal Arterial - Other,State Highway Agency,This section IS ON the NHS,No Special Jurisdiction,Traffic Signal Support,Not a Collision with Motor Vehicle In-Transport,No,Intersection-Related,Four-Way Intersection,On Roadside,,Daylight,Clear,No,Not Applicable,40.42153333,-104.794325,Unknown,Unknown
80156,2015,1,0,0,1,1,0,2,2,Colorado,May,3,Sunday,5:00pm-5:59pm,5,County Road,Rural,Local,County Highway Agency,This section IS NOT on the NHS,No Special Jurisdiction,Rollover/Overturn,Not a Collision with Motor Vehicle In-Transport,No,Non-Junction,Not an Intersection,On Roadside,,Daylight,Clear,No,Not Applicable,40.64015278,-107.4155333,Unknown,Unknown
80157,2015,1,0,0,1,1,0,1,1,Colorado,May,2,Saturday,4:00pm-4:59pm,27,Interstate,Urban,Interstate,State Highway Agency,This section IS ON the NHS,No Special Jurisdiction,Guardrail End,Not a Collision with Motor Vehicle In-Transport,Yes,Entrance/Exit Ramp Related,Not an Intersection,Gore,,Daylight,Clear,No,Not Applicable,39.77681111,-104.89,Unknown,Unknown
80158,2015,1,0,0,2,2,0,3,3,Colorado,May,5,Tuesday,2:00pm-2:59pm,45,State Highway,Rural,Major Collector,State Highway Agency,This section IS NOT on the NHS,No Special Jurisdiction,Motor Vehicle In-Transport,Front-to-Front,No,Non-Junction,Not an Intersection,On Roadway,,Daylight,Clear,No,Not Applicable,38.40857778,-105.1705444,Unknown,Unknown
80159,2015,1,0,0,1,1,0,3,3,Colorado,May,9,Saturday,1:00pm-1:59pm,55,Interstate,Rural,Interstate,State Highway Agency,This section IS ON the NHS,No Special Jurisdiction,Rollover/Overturn,Not a Collision with Motor Vehicle In-Transport,No,Non-Junction,Not an Intersection,On Median,,Daylight,Rain,No,Not Applicable,40.47194444,-103.2872833,Unknown,Unknown
80160,2015,1,0,0,1,1,0,1,1,Colorado,May,10,Sunday,7:00pm-7:59pm,45,U.S. Highway,Rural,Principal Arterial - Other,State Highway Agency,This section IS ON the NHS,No Special Jurisdiction,Embankment,Not a Collision with Motor Vehicle In-Transport,No,Non-Junction,Not an Intersection,On Roadside,,Daylight,Snow,No,Not Applicable,38.43278889,-106.3895389,Unknown,Unknown
80161,2015,1,0,0,2,2,0,2,2,Colorado,May,10,Sunday,8:00pm-8:59pm,2,County Road,Urban,Principal Arterial - Other,County Highway Agency,This section IS ON the NHS,No Special Jurisdiction,Motor Vehicle In-Transport,Front-to-Rear,No,Intersection-Related,Four-Way Intersection,On Roadway,,Dusk,Clear,No,Not Applicable,39.88538889,-104.8090056,Unknown,Unknown
80162,2015,1,0,0,1,1,0,1,1,Colorado,May,10,Sunday,10:00pm-10:59pm,13,County Road,Urban,Local,County Highway Agency,This section IS NOT on the NHS,No Special Jurisdiction,Rollover/Overturn,Not a Collision with Motor Vehicle In-Transport,No,Non-Junction,Not an Intersection,On Roadway,,Dark - Lighted,Clear,No,Not Applicable,39.81361111,-104.9921667,Unknown,Unknown
80163,2015,1,0,0,1,1,0,1,1,Colorado,May,11,Monday,7:00am-7:59am,30,U.S. Highway,Rural,Principal Arterial - Other,State Highway Agency,This section IS ON the NHS,No Special Jurisdiction,Rollover/Overturn,Not a Collision with Motor Vehicle In-Transport,No,Non-Junction,Not an Intersection,Outside Trafficway,,Daylight,Clear,No,Not Applicable,38.43916667,-106.3663889,Unknown,Unknown
80164,2015,1,0,0,2,2,0,4,4,Colorado,May,12,Tuesday,6:00am-6:59am,30,County Road,Rural,Major Collector,County Highway Agency,This section IS NOT on the NHS,No Special Jurisdiction,Motor Vehicle In-Transport,Sideswipe - Opposite Direction,No,Non-Junction,Not an Intersection,On Roadway,,Dawn,Clear,No,Not Applicable,38.90306944,-105.2663889,Unknown,Unknown
80165,2015,1,0,0,2,2,0,2,2,Colorado,May,12,Tuesday,8:00am-8:59am,45,U.S. Highway,Rural,Principal Arterial - Other,State Highway Agency,This section IS ON the NHS,No Special Jurisdiction,Motor Vehicle In-Transport,Front-to-Front,No,Non-Junction,Not an Intersection,On Roadway,,Daylight,Clear,No,Not Applicable,39.431125,-105.5765194,Unknown,Unknown
80166,2015,1,1,1,2,2,0,2,2,Colorado,May,13,Wednesday,1:00am-1:59am,24,Interstate,Rural,Interstate,State Highway Agency,This section IS ON the NHS,No Special Jurisdiction,Motor Vehicle In-Transport,Sideswipe - Same Direction,No,Non-Junction,Not an Intersection,On Roadway,,Dark - Not Lighted,Clear,No,Not Applicable,39.72885,-104.273625,Unknown,Unknown
80167,2015,1,0,0,2,2,0,3,3,Colorado,May,11,Monday,6:00am-6:59am,2,County Road,Rural,Major Collector,County Highway Agency,This section IS NOT on the NHS,No Special Jurisdiction,Motor Vehicle In-Transport,Front-to-Front,No,Non-Junction,Not an Intersection,On Roadway,,Dawn,Clear,No,Not Applicable,40.29254167,-104.6022444,Unknown,Unknown
80168,2015,1,0,0,1,1,0,1,1,Colorado,May,12,Tuesday,5:00pm-5:59pm,35,State Highway,Urban,Minor Arterial,State Highway Agency,This section IS NOT on the NHS,No Special Jurisdiction,Rollover/Overturn,Not a Collision with Motor Vehicle In-Transport,No,Non-Junction,Not an Intersection,On Roadside,,Daylight,Clear,No,Not Applicable,39.59272222,-105.0456111,Unknown,Unknown
80169,2015,1,0,0,2,2,0,3,3,Colorado,May,7,Thursday,9:00am-9:59am,44,Local Street - Municipality,Urban,Minor Arterial,City or Municipal Highway Agency,This section IS NOT on the NHS,No Special Jurisdiction,Motor Vehicle In-Transport,Front-to-Front,No,Intersection,Four-Way Intersection,On Roadway,,Daylight,Clear,No,Not Applicable,39.09188889,-108.5523556,Unknown,Unknown
80170,2015,1,0,0,2,2,0,2,2,Colorado,May,14,Thursday,7:00am-7:59am,53,Local Street - Municipality,Urban,Principal Arterial - Other,City or Municipal Highway Agency,This section IS ON the NHS,No Special Jurisdiction,Motor Vehicle In-Transport,Angle,No,Driveway Access Related,Not an Intersection,On Roadway,,Daylight,Clear,No,Not Applicable,39.79833889,-104.8594167,Unknown,Unknown
80171,2015,1,0,0,3,3,0,5,5,Colorado,May,14,Thursday,2:00pm-2:59pm,40,State Highway,Rural,Minor Arterial,State Highway Agency,This section IS NOT on the NHS,No Special Jurisdiction,Motor Vehicle In-Transport,Sideswipe - Opposite Direction,No,Non-Junction,Not an Intersection,On Roadway,,Daylight,Clear,No,Not Applicable,38.80950833,-106.8979639,Unknown,Unknown
80172,2015,1,0,0,4,4,0,4,4,Colorado,May,15,Friday,2:00pm-2:59pm,30,U.S. Highway,Rural,Principal Arterial - Other,State Highway Agency,This section IS ON the NHS,No Special Jurisdiction,Motor Vehicle In-Transport,Sideswipe - Same Direction,No,Non-Junction,Not an Intersection,On Roadway,Construction,Daylight,Clear,No,Not Applicable,38.54177778,-106.2173222,Unknown,Unknown
80173,2015,1,2,2,1,1,0,1,1,Colorado,May,19,Tuesday,12:00pm-12:59pm,31,U.S. Highway,Urban,Minor Arterial,State Highway Agency,This section IS NOT on the NHS,No Special Jurisdiction,Pedestrian,Not a Collision with Motor Vehicle In-Transport,No,Intersection-Related,Four-Way Intersection,On Roadway,,Daylight,Clear,No,Not Applicable,39.07741389,-108.5153528,Unknown,Unknown
80174,2015,1,1,1,2,2,0,2,2,Colorado,May,21,Thursday,3:00pm-3:59pm,32,Local Street - Municipality,Urban,Principal Arterial - Other,City or Municipal Highway Agency,This section IS ON the NHS,No Special Jurisdiction,Non-Motorist on Personal Conveyance,Not a Collision with Motor Vehicle In-Transport,No,Non-Junction,Not an Intersection,On Roadside,,Daylight,Clear,No,Not Applicable,39.71099444,-104.8560139,Unknown,Unknown
80175,2015,1,1,1,1,1,0,1,1,Colorado,May,21,Thursday,4:00pm-4:59pm,42,Local Street - Municipality,Urban,Minor Arterial,City or Municipal Highway Agency,This section IS NOT on the NHS,No Special Jurisdiction,Pedestrian,Not a Collision with Motor Vehicle In-Transport,No,Non-Junction,Not an Intersection,On Roadway,,Daylight,Clear,No,Not Applicable,39.69678333,-105.0059833,Unknown,Unknown
80176,2015,1,0,0,1,1,0,1,1,Colorado,May,16,Saturday,1:00am-1:59am,17,Interstate,Rural,Interstate,State Highway Agency,This section IS ON the NHS,No Special Jurisdiction,Live Animal,Not a Collision with Motor Vehicle In-Transport,No,Non-Junction,Not an Intersection,On Roadway,,Dark - Not Lighted,Clear,No,Not Applicable,38.15330556,-104.6502667,Unknown,Unknown
80177,2015,1,1,1,1,1,0,1,1,Colorado,May,21,Thursday,8:00pm-8:59pm,55,Local Street - Municipality,Urban,Principal Arterial - Other,City or Municipal Highway Agency,This section IS ON the NHS,No Special Jurisdiction,Pedestrian,Not a Collision with Motor Vehicle In-Transport,No,Intersection-Related,T-Intersection,On Roadway,,Dark - Lighted,Clear,No,Not Applicable,39.69825,-104.8099583,Unknown,Unknown
80178,2015,1,0,0,1,1,0,1,1,Colorado,May,25,Monday,5:00pm-5:59pm,1,State Highway,Urban,Minor Arterial,State Highway Agency,This section IS NOT on the NHS,No Special Jurisdiction,Rollover/Overturn,Not a Collision with Motor Vehicle In-Transport,No,Non-Junction,Not an Intersection,On Roadside,,Daylight,Clear,No,Not Applicable,39.41595,-106.0454056,Unknown,Unknown
80179,2015,1,0,0,3,3,0,7,7,Colorado,May,24,Sunday,7:00pm-7:59pm,25,State Highway,Urban,Principal Arterial - Other,State Highway Agency,This section IS ON the NHS,No Special Jurisdiction,Motor Vehicle In-Transport,Angle,No,Intersection,Four-Way Intersection,On Roadway,,Daylight,Clear,No,Not Applicable,38.270875,-104.5998,Unknown,Unknown
80180,2015,1,1,1,1,1,0,2,2,Colorado,May,28,Thursday,9:00pm-9:59pm,34,Local Street - Frontage Road,Urban,Interstate,State Highway Agency,This section IS ON the NHS,No Special Jurisdiction,Pedestrian,Not a Collision with Motor Vehicle In-Transport,No,Non-Junction,Not an Intersection,On Roadway,,Dark - Not Lighted,Clear,No,Not Applicable,40.35527778,-104.9814778,Unknown,Unknown
80181,2015,2,0,0,2,2,0,4,4,Colorado,May,29,Friday,8:00pm-8:59pm,47,Local Street - Municipality,Urban,Principal Arterial - Other,City or Municipal Highway Agency,This section IS ON the NHS,No Special Jurisdiction,Motor Vehicle In-Transport,Angle,No,Intersection,Four-Way Intersection,On Roadway,,Dark - Lighted,Clear,No,Not Applicable,39.82736111,-105.0720917,Unknown,Unknown
80182,2015,1,0,0,1,1,0,2,2,Colorado,May,30,Saturday,2:00pm-2:59pm,0,County Road,Rural,Local,County Highway Agency,This section IS NOT on the NHS,No Special Jurisdiction,Rollover/Overturn,Not a Collision with Motor Vehicle In-Transport,No,Non-Junction,Not an Intersection,Outside Trafficway,,Daylight,Clear,No,Not Applicable,39.61027778,-105.2258333,Unknown,Unknown
80183,2015,1,0,0,1,1,0,1,1,Colorado,May,24,Sunday,5:00pm-5:59pm,43,State Highway,Rural,Minor Arterial,State Highway Agency,This section IS NOT on the NHS,No Special Jurisdiction,Fell/Jumped from Vehicle,Not a Collision with Motor Vehicle In-Transport,No,Non-Junction,Not an Intersection,On Roadway,,Daylight,Clear,No,Not Applicable,39.19005556,-108.1408333,Unknown,Unknown
80184,2015,1,0,0,1,1,0,1,1,Colorado,May,31,Sunday,5:00pm-5:59pm,51,County Road,Rural,Minor Arterial,County Highway Agency,This section IS NOT on the NHS,No Special Jurisdiction,Tree (Standing Only),Not a Collision with Motor Vehicle In-Transport,No,Non-Junction,Not an Intersection,On Roadside,,Daylight,Clear,No,Not Applicable,39.24925556,-105.2408861,Unknown,Unknown
80185,2015,1,0,0,2,2,0,2,2,Colorado,May,25,Monday,3:00am-3:59am,40,U.S. Highway,Rural,Principal Arterial - Other,State Highway Agency,This section IS ON the NHS,No Special Jurisdiction,Motor Vehicle In-Transport,Front-to-Front,No,Non-Junction,Not an Intersection,On Roadway,,Dark - Not Lighted,Clear,No,Not Applicable,37.60097778,-105.1853944,Unknown,Unknown
80186,2015,1,0,0,1,1,0,1,1,Colorado,May,25,Monday,6:00am-6:59am,0,Interstate,Rural,Interstate,State Highway Agency,This section IS ON the NHS,No Special Jurisdiction,Rollover/Overturn,Not a Collision with Motor Vehicle In-Transport,No,Non-Junction,Not an Intersection,On Roadway,,Dawn,Clear,No,Not Applicable,37.90222222,-104.8288889,Unknown,Unknown
80187,2015,1,0,0,2,2,0,2,2,Colorado,May,24,Sunday,8:00am-8:59am,1,State Highway,Urban,Principal Arterial - Other,State Highway Agency,This section IS ON the NHS,No Special Jurisdiction,Motor Vehicle In-Transport,Front-to-Rear,No,Intersection-Related,T-Intersection,On Roadway,,Daylight,Clear,No,Not Applicable,39.08284722,-108.47325,Unknown,Unknown
80188,2015,1,0,0,3,2,1,2,2,Colorado,May,19,Tuesday,5:00pm-5:59pm,48,Local Street - Municipality,Urban,Minor Arterial,City or Municipal Highway Agency,This section IS NOT on the NHS,No Special Jurisdiction,Traffic Sign Support,Not a Collision with Motor Vehicle In-Transport,No,Non-Junction,Not an Intersection,On Roadside,,Daylight,Clear,No,Not Applicable,39.07025556,-108.5599639,Unknown,Unknown
80189,2015,1,0,0,2,2,0,4,4,Colorado,June,2,Tuesday,2:00am-2:59am,31,State Highway,Rural,Principal Arterial - Other,State Highway Agency,This section IS ON the NHS,No Special Jurisdiction,Motor Vehicle In-Transport,Angle,No,Intersection,Four-Way Intersection,On Roadway,,Dark - Not Lighted,Clear,No,Not Applicable,40.08051944,-104.6783194,Unknown,Unknown
80190,2015,1,0,0,1,1,0,3,3,Colorado,June,6,Saturday,3:00pm-3:59pm,11,U.S. Highway,Rural,Principal Arterial - Other,State Highway Agency,This section IS ON the NHS,No Special Jurisdiction,"Other Post, Other Pole or Other Supports",Not a Collision with Motor Vehicle In-Transport,No,Non-Junction,Not an Intersection,On Roadside,,Daylight,Clear,No,Not Applicable,39.26797222,-105.9561111,Unknown,Unknown
80191,2015,1,0,0,1,1,0,1,1,Colorado,June,6,Saturday,8:00pm-8:59pm,45,County Road,Urban,Major Collector,County Highway Agency,This section IS NOT on the NHS,No Special Jurisdiction,Fence,Not a Collision with Motor Vehicle In-Transport,No,Non-Junction,Not an Intersection,Outside Trafficway,,Dusk,Clear,No,Not Applicable,39.60025833,-105.3421528,Unknown,Unknown
80192,2015,1,0,0,2,2,0,4,4,Colorado,June,7,Sunday,3:00pm-3:59pm,16,State Highway,Urban,Principal Arterial - Other Freeways and Expressways,State Highway Agency,This section IS ON the NHS,No Special Jurisdiction,Motor Vehicle In-Transport,Front-to-Rear,No,Non-Junction,Not an Intersection,On Roadway,,Daylight,Clear,No,Not Applicable,39.71350556,-104.72265,Unknown,Unknown
80193,2015,1,0,0,1,1,0,1,1,Colorado,June,7,Sunday,6:00pm-6:59pm,40,State Highway,Rural,Minor Arterial,State Highway Agency,This section IS NOT on the NHS,No Special Jurisdiction,Embankment,Not a Collision with Motor Vehicle In-Transport,No,Non-Junction,Not an Intersection,On Roadside,,Daylight,Clear,No,Not Applicable,39.27644444,-106.2835278,Unknown,Unknown
80194,2015,1,0,0,1,1,0,2,2,Colorado,June,3,Wednesday,11:00pm-11:59pm,5,Local Street - Municipality,Urban,Minor Arterial,City or Municipal Highway Agency,This section IS NOT on the NHS,No Special Jurisdiction,Other Traffic Barrier,Not a Collision with Motor Vehicle In-Transport,No,Non-Junction,Not an Intersection,On Median,,Dark - Lighted,Clear,No,Not Applicable,39.84176944,-105.0594833,Unknown,Unknown
80195,2015,1,0,0,2,2,0,2,2,Colorado,June,3,Wednesday,5:00pm-5:59pm,11,U.S. Highway,Urban,Principal Arterial - Other,State Highway Agency,This section IS ON the NHS,No Special Jurisdiction,Rollover/Overturn,Not a Collision with Motor Vehicle In-Transport,No,Intersection-Related,T-Intersection,On Roadway,,Daylight,Clear,No,Not Applicable,39.89044444,-105.0251389,Unknown,Unknown
80196,2015,1,0,0,2,2,0,5,5,Colorado,June,6,Saturday,12:00pm-12:59pm,0,Local Street - Municipality,Urban,Minor Arterial,City or Municipal Highway Agency,This section IS NOT on the NHS,No Special Jurisdiction,Motor Vehicle In-Transport,Angle,No,Intersection,Four-Way Intersection,On Roadway,,Daylight,Clear,No,Not Applicable,40.16398889,-105.0836111,Unknown,Unknown
80197,2015,2,0,0,8,8,0,14,14,Colorado,June,10,Wednesday,6:00pm-6:59pm,46,U.S. Highway,Rural,Principal Arterial - Other,State Highway Agency,This section IS ON the NHS,No Special Jurisdiction,Motor Vehicle In-Transport,Front-to-Rear,No,Non-Junction,Not an Intersection,On Roadway,,Daylight,"Blowing Sand, Soil, Dirt",No,Not Applicable,37.97134722,-102.6130972,Unknown,Unknown
80198,2015,2,0,0,2,2,0,4,4,Colorado,June,12,Friday,8:00am-8:59am,45,U.S. Highway,Rural,Principal Arterial - Other,State Highway Agency,This section IS ON the NHS,No Special Jurisdiction,Motor Vehicle In-Transport,Front-to-Front,No,Non-Junction,Not an Intersection,On Roadway,,Daylight,Clear,No,Not Applicable,37.43615556,-105.3888889,Unknown,Unknown
80199,2015,1,0,0,1,1,0,1,1,Colorado,June,12,Friday,8:00am-8:59am,15,U.S. Highway,Rural,Minor Arterial,State Highway Agency,This section IS NOT on the NHS,No Special Jurisdiction,Traffic Sign Support,Not a Collision with Motor Vehicle In-Transport,No,Non-Junction,Not an Intersection,On Roadside,,Daylight,Clear,No,Not Applicable,39.74043333,-105.3900278,Unknown,Unknown
80200,2015,1,0,0,3,3,0,3,3,Colorado,June,12,Friday,3:00pm-3:59pm,54,Local Street - Municipality,Urban,Minor Arterial,City or Municipal Highway Agency,This section IS NOT on the NHS,No Special Jurisdiction,Motor Vehicle In-Transport,Angle,No,Intersection,Four-Way Intersection,On Roadway,,Daylight,Clear,No,Not Applicable,39.77508333,-104.8099306,Unknown,Unknown
80201,2015,1,0,0,2,2,0,3,3,Colorado,June,12,Friday,8:00pm-8:59pm,28,State Highway,Rural,Minor Arterial,State Highway Agency,This section IS NOT on the NHS,No Special Jurisdiction,Rollover/Overturn,Not a Collision with Motor Vehicle In-Transport,No,Non-Junction,Not an Intersection,On Roadway,,Dusk,Clear,No,Not Applicable,40.69337222,-105.2656528,Unknown,Unknown
80202,2015,1,0,0,1,1,0,1,1,Colorado,June,13,Saturday,7:00pm-7:59pm,55,County Road,Rural,Local,County Highway Agency,This section IS NOT on the NHS,No Special Jurisdiction,Rollover/Overturn,Not a Collision with Motor Vehicle In-Transport,No,Non-Junction,Not an Intersection,Outside Trafficway,,Dark - Not Lighted,Clear,No,Not Applicable,38.56073056,-104.6995306,Unknown,Unknown
80203,2015,1,0,0,2,2,0,2,2,Colorado,June,14,Sunday,4:00pm-4:59pm,50,County Road,Rural,Major Collector,County Highway Agency,This section IS NOT on the NHS,No Special Jurisdiction,Rollover/Overturn,Not a Collision with Motor Vehicle In-Transport,No,Non-Junction,Not an Intersection,On Roadside,,Daylight,Clear,No,Not Applicable,40.31929444,-105.2092944,Unknown,Unknown
80204,2015,1,1,1,1,1,0,1,1,Colorado,June,14,Sunday,8:00pm-8:59pm,53,State Highway,Urban,Principal Arterial - Other,State Highway Agency,This section IS ON the NHS,No Special Jurisdiction,Pedestrian,Not a Collision with Motor Vehicle In-Transport,No,Intersection-Related,Four-Way Intersection,On Roadway,,Daylight,Clear,No,Not Applicable,39.84563889,-105.0533083,Unknown,Unknown
80205,2015,1,0,0,1,1,0,2,2,Colorado,June,15,Monday,12:00pm-12:59pm,4,Interstate,Rural,Interstate,State Highway Agency,This section IS ON the NHS,No Special Jurisdiction,"Other Post, Other Pole or Other Supports",Not a Collision with Motor Vehicle In-Transport,No,Non-Junction,Not an Intersection,On Roadside,,Daylight,Clear,No,Not Applicable,40.33256111,-103.4734528,Unknown,Unknown
80206,2015,1,0,0,1,1,0,1,1,Colorado,June,14,Sunday,4:00am-4:59am,14,Local Street - Municipality,Urban,Major Collector,City or Municipal Highway Agency,This section IS NOT on the NHS,No Special Jurisdiction,Mail Box,Not a Collision with Motor Vehicle In-Transport,No,Non-Junction,Not an Intersection,On Roadside,,Dark - Lighted,Clear,No,Not Applicable,39.72523056,-105.0627722,Unknown,Unknown
80207,2015,1,0,0,3,3,0,4,4,Colorado,June,16,Tuesday,6:00pm-6:59pm,39,Local Street - Municipality,Urban,Minor Arterial,City or Municipal Highway Agency,This section IS NOT on the NHS,No Special Jurisdiction,Motor Vehicle In-Transport,Sideswipe - Same Direction,No,Intersection,T-Intersection,On Roadway,,Daylight,Clear,No,Not Applicable,39.71405556,-104.8194306,Unknown,Unknown
80208,2015,1,0,0,2,2,0,4,4,Colorado,June,7,Sunday,12:00pm-12:59pm,41,Local Street - Municipality,Urban,Minor Arterial,City or Municipal Highway Agency,This section IS NOT on the NHS,No Special Jurisdiction,Motor Vehicle In-Transport,Angle,No,Intersection,Four-Way Intersection,On Roadway,,Daylight,Clear,No,Not Applicable,40.59587778,-105.0686889,Unknown,Unknown
80209,2015,1,0,0,2,2,0,2,2,Colorado,June,20,Saturday,6:00pm-6:59pm,40,Local Street - Municipality,Urban,Principal Arterial - Other,City or Municipal Highway Agency,This section IS ON the NHS,No Special Jurisdiction,Motor Vehicle In-Transport,Angle,No,Driveway Access Related,Not an Intersection,On Roadway,,Daylight,Clear,No,Not Applicable,39.7775,-104.8471167,Unknown,Unknown
80210,2015,1,1,1,1,1,0,1,1,Colorado,June,19,Friday,4:00pm-4:59pm,25,State Highway,Rural,Minor Arterial,State Highway Agency,This section IS NOT on the NHS,No Special Jurisdiction,Pedalcyclist,Not a Collision with Motor Vehicle In-Transport,No,Intersection,T-Intersection,On Roadway,,Daylight,Clear,No,Not Applicable,38.61721667,-106.8829694,Unknown,Unknown
80211,2015,1,0,0,1,1,0,1,1,Colorado,June,19,Friday,9:00pm-9:59pm,10,U.S. Highway,Urban,Principal Arterial - Other,State Highway Agency,This section IS ON the NHS,No Special Jurisdiction,Culvert,Not a Collision with Motor Vehicle In-Transport,Yes,Entrance/Exit Ramp Related,Not an Intersection,Gore,,Dark - Lighted,Clear,No,Not Applicable,40.41238056,-104.8673167,Unknown,Unknown
80212,2015,1,0,0,2,2,0,3,3,Colorado,June,20,Saturday,0:00am-0:59am,35,County Road,Rural,Major Collector,County Highway Agency,This section IS NOT on the NHS,No Special Jurisdiction,Motor Vehicle In-Transport,Angle,No,Intersection,Four-Way Intersection,On Roadway,,Dark - Not Lighted,Clear,No,Not Applicable,37.64685278,-106.0390556,Unknown,Unknown
80213,2015,1,0,0,1,1,0,1,1,Colorado,June,21,Sunday,12:00pm-12:59pm,25,Interstate,Urban,Interstate,State Highway Agency,This section IS ON the NHS,No Special Jurisdiction,Guardrail Face,Not a Collision with Motor Vehicle In-Transport,No,Non-Junction,Not an Intersection,On Median,,Daylight,Clear,No,Not Applicable,39.69588889,-105.2084333,Unknown,Unknown
80214,2015,1,0,0,1,1,0,1,1,Colorado,June,14,Sunday,7:00pm-7:59pm,30,U.S. Highway,Rural,Minor Arterial,State Highway Agency,This section IS NOT on the NHS,No Special Jurisdiction,Traffic Sign Support,Not a Collision with Motor Vehicle In-Transport,No,Non-Junction,Not an Intersection,On Roadside,,Daylight,Clear,No,Not Applicable,39.7403,-105.4106611,Unknown,Unknown
80215,2015,1,0,0,1,1,0,1,1,Colorado,June,6,Saturday,11:00am-11:59am,20,State Highway,Rural,Major Collector,State Highway Agency,This section IS NOT on the NHS,No Special Jurisdiction,Rollover/Overturn,Not a Collision with Motor Vehicle In-Transport,No,Non-Junction,Not an Intersection,On Roadside,,Daylight,Clear,No,Not Applicable,40.80861111,-102.8083333,Unknown,Unknown