ST_CASE,YEAR,FATALS,PEDS,PERNOTMVIT,VE_TOTAL,VE_FORMS,PVH_INVL,PERSONS,PERMVIT,STATENAME,MONTHNAME,DAYNAME,DAY_WEEKNAME,HOURNAME,MINUTENAME,ROUTENAME,RUR_URBNAME,FUNC_SYSNAME,RD_OWNERNAME,NHSNAME,SP_JURNAME,HARM_EVNAME,MAN_COLLNAME,RELJCT1NAME,RELJCT2NAME,TYP_INTNAME,REL_ROADNAME,WRK_ZONENAME,LGT_CONDNAME,WEATHERNAME,SCH_BUSNAME,RAILNAME,LATITUDE,LONGITUD,COUNTYNAME,CITYNAME
80287,2015,1,0,0,1,1,0,2,2,Colorado,August,2,Sunday,3:00pm-3:59pm,37,State Highway,Rural,Major Collector,State Highway Agency,This section IS NOT on the NHS,No Special Jurisdiction,Rollover/Overturn,Not a Collision with Motor Vehicle In-Transport,No,Non-Junction,Not an Intersection,On Roadside,,Daylight,Clear,No,Not Applicable,40.06297222,-106.5873333,Unknown,Unknown
80288,2015,1,0,0,3,3,0,6,6,Colorado,August,2,Sunday,6:00pm-6:59pm,15,U.S. Highway,Urban,Principal Arterial - Other,State Highway Agency,This section IS ON the NHS,No Special Jurisdiction,Motor Vehicle In-Transport,Angle,No,Intersection,Four-Way Intersection,On Roadway,,Daylight,Clear,No,Not Applicable,38.85119444,-104.8727083,Unknown,Unknown
80289,2015,2,0,0,1,1,0,5,5,Colorado,August,3,Monday,2:00pm-2:59pm,1,Interstate,Rural,Interstate,State Highway Agency,This section IS ON the NHS,No Special Jurisdiction,Rollover/Overturn,Not a Collision with Motor Vehicle In-Transport,No,Non-Junction,Not an Intersection,On Median,,Daylight,Clear,No,Not Applicable,40.90002222,-104.9456972,Unknown,Unknown
80290,2015,1,0,0,1,1,0,2,2,Colorado,August,3,Monday,7:00pm-7:59pm,17,Interstate,Rural,Interstate,State Highway Agency,This section IS ON the NHS,No Special Jurisdiction,Fence,Not a Collision with Motor Vehicle In-Transport,No,Non-Junction,Not an Intersection,Outside Trafficway,,Daylight,Clear,No,Not Applicable,39.65575,-106.9775,Unknown,Unknown
80291,2015,1,0,0,2,2,0,2,2,Colorado,August,4,Tuesday,5:00am-5:59am,15,Interstate,Rural,Interstate,State Highway Agency,This section IS ON the NHS,No Special Jurisdiction,Motor Vehicle In-Transport,Angle,No,Non-Junction,Not an Intersection,On Roadway,,Dawn,Clear,No,Not Applicable,40.23796389,-104.9803417,Unknown,Unknown
80292,2015,1,0,0,1,1,0,5,5,Colorado,August,4,Tuesday,5:00pm-5:59pm,10,State Highway,Rural,Minor Arterial,State Highway Agency,This section IS NOT on the NHS,No Special Jurisdiction,Tree (Standing Only),Not a Collision with Motor Vehicle In-Transport,No,Non-Junction,Not an Intersection,On Roadside,,Daylight,Clear,No,Not Applicable,39.98781667,-105.4358167,Unknown,Unknown
80293,2015,1,0,0,1,1,0,3,3,Colorado,August,4,Tuesday,5:00pm-5:59pm,48,Interstate,Rural,Interstate,State Highway Agency,This section IS ON the NHS,No Special Jurisdiction,Traffic Sign Support,Not a Collision with Motor Vehicle In-Transport,No,Non-Junction,Not an Intersection,On Roadside,,Daylight,Clear,No,Not Applicable,39.17981389,-108.8256444,Unknown,Unknown
80294,2015,1,0,0,6,4,2,5,5,Colorado,August,3,Monday,6:00am-6:59am,33,U.S. Highway,Urban,Principal Arterial - Other,State Highway Agency,This section IS ON the NHS,No Special Jurisdiction,Motor Vehicle In-Transport,Front-to-Rear,No,Intersection-Related,Four-Way Intersection,On Roadway,,Daylight,Clear,No,Not Applicable,39.77659722,-105.02505,Unknown,Unknown
80295,2015,1,0,0,1,1,0,1,1,Colorado,August,9,Sunday,1:00am-1:59am,0,County Road,Rural,Minor Collector,County Highway Agency,This section IS NOT on the NHS,No Special Jurisdiction,Embankment,Not a Collision with Motor Vehicle In-Transport,No,Non-Junction,Not an Intersection,On Roadside,,Dark - Not Lighted,Clear,No,Not Applicable,39.29736111,-104.9112778,Unknown,Unknown
80296,2015,1,0,0,1,1,0,1,1,Colorado,August,11,Tuesday,1:00am-1:59am,35,U.S. Highway,Urban,Principal Arterial - Other,State Highway Agency,This section IS ON the NHS,No Special Jurisdiction,Traffic Signal Support,Not a Collision with Motor Vehicle In-Transport,No,Intersection-Related,Four-Way Intersection,Gore,,Dark - Lighted,Clear,No,Not Applicable,37.22704444,-107.8203139,Unknown,Unknown
80297,2015,1,0,0,2,2,0,3,3,Colorado,August,11,Tuesday,8:00pm-8:59pm,42,State Highway,Urban,Principal Arterial - Other Freeways and Expressways,State Highway Agency,This section IS ON the NHS,No Special Jurisdiction,Motor Vehicle In-Transport,Front-to-Front,No,Non-Junction,Not an Intersection,On Roadway,,Dark - Not Lighted,Clear,No,Not Applicable,39.773925,-105.1664389,Unknown,Unknown
80298,2015,1,0,0,2,2,0,4,4,Colorado,August,9,Sunday,3:00pm-3:59pm,30,U.S. Highway,Rural,Principal Arterial - Other,State Highway Agency,This section IS NOT on the NHS,No Special Jurisdiction,Motor Vehicle In-Transport,Angle,No,Intersection,Four-Way Intersection,On Roadway,,Daylight,Clear,No,Not Applicable,40.41210833,-105.2001278,Unknown,Unknown
80299,2015,1,0,0,4,4,0,7,7,Colorado,August,11,Tuesday,8:00am-8:59am,40,Local Street - Municipality,Urban,Minor Arterial,City or Municipal Highway Agency,This section IS NOT on the NHS,No Special Jurisdiction,Motor Vehicle In-Transport,Angle,No,Intersection,Four-Way Intersection,On Roadway,,Daylight,Clear,No,Not Applicable,39.92842778,-104.9780639,Unknown,Unknown
80300,2015,1,0,0,1,1,0,1,1,Colorado,August,12,Wednesday,5:00pm-5:59pm,21,U.S. Highway,Rural,Principal Arterial - Other,State Highway Agency,This section IS ON the NHS,No Special Jurisdiction,Rollover/Overturn,Not a Collision with Motor Vehicle In-Transport,No,Non-Junction,Not an Intersection,On Roadway,,Daylight,Clear,No,Not Applicable,37.26415278,-107.9930139,Unknown,Unknown
80301,2015,2,0,0,2,2,0,3,3,Colorado,August,12,Wednesday,6:00pm-6:59pm,41,U.S. Highway,Rural,Minor Arterial,State Highway Agency,This section IS NOT on the NHS,No Special Jurisdiction,Motor Vehicle In-Transport,Angle,No,Driveway Access Related,Not an Intersection,On Roadway,,Daylight,Clear,No,Not Applicable,40.13944444,-105.2822917,Unknown,Unknown
80302,2015,1,0,0,1,1,0,1,1,Colorado,August,2,Sunday,6:00pm-6:59pm,14,County Road,Rural,Major Collector,County Highway Agency,This section IS NOT on the NHS,No Special Jurisdiction,Rollover/Overturn,Not a Collision with Motor Vehicle In-Transport,No,Non-Junction,Not an Intersection,On Roadside,,Daylight,Clear,No,Not Applicable,40.33073889,-104.8079111,Unknown,Unknown
80303,2015,1,0,0,2,2,0,3,3,Colorado,August,12,Wednesday,1:00pm-1:59pm,53,Interstate,Urban,Interstate,State Highway Agency,This section IS ON the NHS,No Special Jurisdiction,Motor Vehicle In-Transport,Front-to-Rear,No,Non-Junction,Not an Intersection,On Roadway,,Daylight,Clear,No,Not Applicable,39.68230556,-104.8290194,Unknown,Unknown
80304,2015,2,0,0,1,1,0,2,2,Colorado,August,14,Friday,9:00pm-9:59pm,42,Local Street - Municipality,Urban,Major Collector,City or Municipal Highway Agency,This section IS NOT on the NHS,No Special Jurisdiction,Curb,Not a Collision with Motor Vehicle In-Transport,No,Intersection-Related,T-Intersection,On Roadside,,Dark - Lighted,Clear,No,Not Applicable,39.82691667,-105.17885,Unknown,Unknown
80305,2015,3,0,0,1,1,0,4,4,Colorado,August,14,Friday,10:00pm-10:59pm,0,U.S. Highway,Rural,Principal Arterial - Other,State Highway Agency,This section IS ON the NHS,No Special Jurisdiction,Rollover/Overturn,Not a Collision with Motor Vehicle In-Transport,No,Non-Junction,Not an Intersection,On Roadside,,Dark - Not Lighted,Clear,No,Not Applicable,39.54683333,-105.2680556,Unknown,Unknown
80306,2015,1,0,0,2,2,0,4,4,Colorado,August,15,Saturday,7:00pm-7:59pm,55,State Highway,Urban,Minor Arterial,State Highway Agency,This section IS NOT on the NHS,No Special Jurisdiction,Motor Vehicle In-Transport,Angle,No,Intersection,Four-Way Intersection,On Roadway,,Dusk,Clear,No,Not Applicable,40.47972778,-104.8563222,Unknown,Unknown
80307,2015,1,0,0,2,2,0,2,2,Colorado,August,16,Sunday,9:00pm-9:59pm,1,Local Street - Municipality,Urban,Principal Arterial - Other,City or Municipal Highway Agency,This section IS ON the NHS,No Special Jurisdiction,Motor Vehicle In-Transport,Angle,No,Intersection,Four-Way Intersection,On Roadway,,Daylight,Clear,No,Not Applicable,39.65315278,-104.8073278,Unknown,Unknown
80308,2015,1,0,0,1,1,0,1,1,Colorado,August,8,Saturday,8:00am-8:59am,30,State Highway,Rural,Principal Arterial - Other,State Highway Agency,This section IS ON the NHS,No Special Jurisdiction,"Other Post, Other Pole or Other Supports",Not a Collision with Motor Vehicle In-Transport,No,Non-Junction,Not an Intersection,On Roadside,,Daylight,Clear,No,Not Applicable,38.10251389,-107.9261861,Unknown,Unknown
80309,2015,1,0,0,2,2,0,3,3,Colorado,August,18,Tuesday,6:00pm-6:59pm,34,County Road,Urban,Minor Arterial,County Highway Agency,This section IS NOT on the NHS,No Special Jurisdiction,Motor Vehicle In-Transport,Front-to-Front,No,Non-Junction,Not an Intersection,On Roadway,,Daylight,Rain,No,Not Applicable,40.52289444,-104.9345972,Unknown,Unknown
80310,2015,1,0,0,1,1,0,1,1,Colorado,August,19,Wednesday,6:00am-6:59am,11,U.S. Highway,Urban,Principal Arterial - Other Freeways and Expressways,State Highway Agency,This section IS ON the NHS,No Special Jurisdiction,Other Object (not fixed),Not a Collision with Motor Vehicle In-Transport,Yes,Other location within Interchange Area,Not an Intersection,On Roadside,Construction,Dark - Lighted,Clear,No,Not Applicable,39.72522778,-105.1034722,Unknown,Unknown
80311,2015,1,0,0,1,1,0,6,6,Colorado,August,21,Friday,8:00am-8:59am,30,County Road,Rural,Local,County Highway Agency,This section IS NOT on the NHS,No Special Jurisdiction,Boulder,Not a Collision with Motor Vehicle In-Transport,No,Non-Junction,Not an Intersection,On Roadside,,Daylight,Clear,No,Not Applicable,40.46111667,-105.3550833,Unknown,Unknown
80312,2015,1,1,1,1,1,0,2,2,Colorado,August,21,Friday,5:00pm-5:59pm,55,County Road,Rural,Major Collector,County Highway Agency,This section IS NOT on the NHS,No Special Jurisdiction,Pedalcyclist,Not a Collision with Motor Vehicle In-Transport,No,Non-Junction,Not an Intersection,On Roadway,,Daylight,Clear,No,Not Applicable,39.74928333,-105.2402944,Unknown,Unknown
80313,2015,1,1,1,1,1,0,1,1,Colorado,August,23,Sunday,1:00am-1:59am,20,Interstate,Urban,Interstate,State Highway Agency,This section IS ON the NHS,No Special Jurisdiction,Pedestrian,Not a Collision with Motor Vehicle In-Transport,Yes,Through Roadway,Not an Intersection,On Roadway,,Dark - Not Lighted,Clear,No,Not Applicable,39.90713611,-104.8278833,Unknown,Unknown
80314,2015,1,0,0,1,1,0,2,2,Colorado,August,23,Sunday,1:00am-1:59am,30,State Highway,Rural,Major Collector,State Highway Agency,This section IS NOT on the NHS,No Special Jurisdiction,Other Fixed Object,Not a Collision with Motor Vehicle In-Transport,No,Non-Junction,Not an Intersection,On Roadside,,Dark - Not Lighted,Clear,No,Not Applicable,39.93149444,-104.4142222,Unknown,Unknown
80315,2015,1,0,0,1,1,0,1,1,Colorado,August,23,Sunday,8:00pm-8:59pm,29,Interstate,Rural,Interstate,State Highway Agency,This section IS ON the NHS,No Special Jurisdiction,Rollover/Overturn,Not a Collision with Motor Vehicle In-Transport,Yes,Other location within Interchange Area,Not an Intersection,On Shoulder,,Dark - Lighted,Clear,No,Not Applicable,39.689,-105.881825,Unknown,Unknown
80316,2015,1,0,0,2,2,0,2,2,Colorado,August,25,Tuesday,12:00pm-12:59pm,0,U.S. Highway,Rural,Principal Arterial - Other,State Highway Agency,This section IS ON the NHS,No Special Jurisdiction,Motor Vehicle In-Transport,Sideswipe - Opposite Direction,No,Non-Junction,Not an Intersection,On Roadway,,Daylight,Clear,No,Not Applicable,37.89925,-102.6125,Unknown,Unknown
80317,2015,1,0,0,2,2,0,2,2,Colorado,August,25,Tuesday,8:00pm-8:59pm,44,Local Street - Municipality,Urban,Minor Arterial,City or Municipal Highway Agency,This section IS NOT on the NHS,No Special Jurisdiction,Rollover/Overturn,Not a Collision with Motor Vehicle In-Transport,No,Intersection-Related,Four-Way Intersection,On Roadway,,Dark - Not Lighted,Clear,No,Not Applicable,40.63049444,-103.2210556,Unknown,Unknown
80318,2015,1,0,0,2,2,0,2,2,Colorado,August,27,Thursday,6:00pm-6:59pm,27,Local Street - Municipality,Urban,Principal Arterial - Other,City or Municipal Highway Agency,This section IS ON the NHS,No Special Jurisdiction,Motor Vehicle In-Transport,Angle,No,Intersection,Four-Way Intersection,On Roadway,,Daylight,Clear,No,Not Applicable,39.71116111,-104.9270333,Unknown,Unknown
80319,2015,1,0,0,1,1,0,1,1,Colorado,August,28,Friday,1:00am-1:59am,30,U.S. Highway,Rural,Major Collector,State Highway Agency,This section IS NOT on the NHS,No Special Jurisdiction,Fence,Not a Collision with Motor Vehicle In-Transport,No,Non-Junction,Not an Intersection,Outside Trafficway,,Dark - Not Lighted,Clear,No,Not Applicable,40.96045833,-102.3397222,Unknown,Unknown
80320,2015,1,0,0,1,1,0,1,1,Colorado,August,29,Saturday,3:00am-3:59am,41,U.S. Highway,Rural,Principal Arterial - Other,State Highway Agency,This section IS ON the NHS,No Special Jurisdiction,Bridge Pier or Support,Not a Collision with Motor Vehicle In-Transport,No,Non-Junction,Not an Intersection,On Roadside,,Dark - Not Lighted,Clear,No,Not Applicable,39.02643333,-104.4625722,Unknown,Unknown
80321,2015,1,1,1,2,2,0,2,2,Colorado,August,29,Saturday,8:00pm-8:59pm,50,U.S. Highway,Urban,Principal Arterial - Other Freeways and Expressways,State Highway Agency,This section IS ON the NHS,No Special Jurisdiction,Pedestrian,Not a Collision with Motor Vehicle In-Transport,No,Non-Junction,Not an Intersection,On Roadway,,Dark - Not Lighted,Clear,No,Not Applicable,38.44695833,-105.1874278,Unknown,Unknown
80322,2015,1,0,0,2,2,0,2,2,Colorado,August,30,Sunday,3:00pm-3:59pm,5,Interstate,Rural,Interstate,State Highway Agency,This section IS ON the NHS,No Special Jurisdiction,Guardrail Face,Not a Collision with Motor Vehicle In-Transport,Yes,Other location within Interchange Area,Not an Intersection,On Roadside,,Daylight,Clear,No,Not Applicable,38.12919444,-104.6700139,Unknown,Unknown
80323,2015,1,0,0,1,1,0,1,1,Colorado,August,27,Thursday,10:00pm-10:59pm,8,County Road,Rural,Major Collector,County Highway Agency,This section IS NOT on the NHS,No Special Jurisdiction,Live Animal,Not a Collision with Motor Vehicle In-Transport,No,Non-Junction,Not an Intersection,On Roadway,,Dark - Not Lighted,Clear,No,Not Applicable,40.31939722,-105.2013889,Unknown,Unknown
80324,2015,1,0,0,2,2,0,2,2,Colorado,August,5,Wednesday,5:00am-5:59am,11,U.S. Highway,Urban,Principal Arterial - Other,State Highway Agency,This section IS ON the NHS,No Special Jurisdiction,Rollover/Overturn,Not a Collision with Motor Vehicle In-Transport,No,Intersection-Related,Four-Way Intersection,On Roadway,,Dawn,Clear,No,Not Applicable,40.00033611,-104.8217778,Unknown,Unknown
80325,2015,1,0,0,2,2,0,3,3,Colorado,August,22,Saturday,9:00am-9:59am,55,U.S. Highway,Rural,Minor Arterial,State Highway Agency,This section IS NOT on the NHS,No Special Jurisdiction,Motor Vehicle In-Transport,Angle,No,Driveway Access Related,Not an Intersection,On Roadway,,Daylight,Clear,No,Not Applicable,39.74162778,-105.3295639,Unknown,Unknown
80326,2015,1,0,0,1,1,0,2,2,Colorado,August,1,Saturday,6:00am-6:59am,0,U.S. Highway,Rural,Principal Arterial - Other,State Highway Agency,This section IS ON the NHS,No Special Jurisdiction,"Other Post, Other Pole or Other Supports",Not a Collision with Motor Vehicle In-Transport,No,Non-Junction,Not an Intersection,On Roadside,,Dawn,Clear,No,Not Applicable,38.09814444,-106.0566861,Unknown,Unknown
80327,2015,1,0,0,3,3,0,3,3,Colorado,September,1,Tuesday,5:00am-5:59am,40,Interstate,Urban,Interstate,State Highway Agency,This section IS ON the NHS,No Special Jurisdiction,Motor Vehicle In-Transport,Sideswipe - Same Direction,No,Non-Junction,Not an Intersection,On Roadway,,Dawn,Clear,No,Not Applicable,39.12132222,-104.8651139,Unknown,Unknown
80328,2015,1,0,0,2,2,0,2,2,Colorado,September,1,Tuesday,7:00pm-7:59pm,8,Local Street - Municipality,Urban,Principal Arterial - Other,City or Municipal Highway Agency,This section IS ON the NHS,No Special Jurisdiction,Curb,Not a Collision with Motor Vehicle In-Transport,No,Non-Junction,Not an Intersection,On Median,,Daylight,Clear,No,Not Applicable,39.71823056,-104.9694444,Unknown,Unknown
80329,2015,1,1,1,1,1,0,1,1,Colorado,September,1,Tuesday,8:00pm-8:59pm,47,U.S. Highway,Urban,Principal Arterial - Other,State Highway Agency,This section IS ON the NHS,No Special Jurisdiction,Pedestrian,Not a Collision with Motor Vehicle In-Transport,No,Driveway Access Related,Not an Intersection,On Roadway,,Dark - Not Lighted,Clear,No,Not Applicable,39.91434444,-105.0730556,Unknown,Unknown
80330,2015,1,0,0,2,2,0,2,2,Colorado,September,1,Tuesday,10:00pm-10:59pm,50,U.S. Highway,Rural,Principal Arterial - Other,State Highway Agency,This section IS ON the NHS,No Special Jurisdiction,Rollover/Overturn,Not a Collision with Motor Vehicle In-Transport,No,Intersection-Related,Y-Intersection,On Roadside,,Dark - Not Lighted,Clear,No,Not Applicable,37.06180556,-107.8720833,Unknown,Unknown
80331,2015,1,0,0,1,1,0,1,1,Colorado,September,2,Wednesday,1:00pm-1:59pm,55,State Highway,Rural,Minor Arterial,State Highway Agency,This section IS NOT on the NHS,No Special Jurisdiction,Fence,Not a Collision with Motor Vehicle In-Transport,No,Non-Junction,Not an Intersection,Outside Trafficway,,Daylight,Clear,No,Not Applicable,37.31921667,-106.0380917,Unknown,Unknown
80332,2015,1,0,0,2,2,0,2,2,Colorado,September,3,Thursday,9:00am-9:59am,7,U.S. Highway,Rural,Principal Arterial - Other,State Highway Agency,This section IS ON the NHS,No Special Jurisdiction,Motor Vehicle In-Transport,Front-to-Front,No,Non-Junction,Not an Intersection,On Roadway,,Daylight,Clear,No,Not Applicable,40.27128056,-104.1268889,Unknown,Unknown
80333,2015,1,0,0,1,1,0,1,1,Colorado,September,3,Thursday,4:00pm-4:59pm,35,County Road,Rural,Minor Collector,County Highway Agency,This section IS NOT on the NHS,No Special Jurisdiction,Tree (Standing Only),Not a Collision with Motor Vehicle In-Transport,No,Non-Junction,Not an Intersection,On Roadside,,Daylight,Clear,No,Not Applicable,40.72005556,-106.9016667,Unknown,Unknown
80334,2015,1,0,0,1,1,0,1,1,Colorado,September,3,Thursday,5:00pm-5:59pm,3,Interstate,Rural,Interstate,State Highway Agency,This section IS ON the NHS,No Special Jurisdiction,Rollover/Overturn,Not a Collision with Motor Vehicle In-Transport,No,Non-Junction,Not an Intersection,On Roadside,,Daylight,Clear,No,Not Applicable,37.67361111,-104.8018611,Unknown,Unknown
80335,2015,2,0,0,1,1,0,3,3,Colorado,September,3,Thursday,10:00pm-10:59pm,38,County Road,Rural,Minor Collector,County Highway Agency,This section IS NOT on the NHS,No Special Jurisdiction,Fence,Not a Collision with Motor Vehicle In-Transport,No,Non-Junction,Not an Intersection,Outside Trafficway,,Dark - Not Lighted,Clear,No,Not Applicable,38.02241667,-103.5644444,Unknown,Unknown
80336,2015,1,0,0,2,2,0,3,3,Colorado,September,3,Thursday,0:00am-0:59am,49,State Highway,Urban,Principal Arterial - Other,State Highway Agency,This section IS ON the NHS,No Special Jurisdiction,Motor Vehicle In-Transport,Front-to-Front,No,Non-Junction,Not an Intersection,On Roadway,,Dark - Lighted,Clear,No,Not Applicable,39.70493056,-105.1097778,Unknown,Unknown
80337,2015,1,0,0,1,1,0,3,3,Colorado,September,3,Thursday,11:00am-11:59am,25,County Road,Rural,Local,County Highway Agency,This section IS NOT on the NHS,No Special Jurisdiction,Fell/Jumped from Vehicle,Not a Collision with Motor Vehicle In-Transport,No,Non-Junction,Not an Intersection,On Roadway,,Daylight,Clear,No,Not Applicable,38.98798333,-108.6989972,Unknown,Unknown
80338,2015,1,1,1,1,1,0,1,1,Colorado,September,3,Thursday,11:00pm-11:59pm,47,Interstate,Urban,Interstate,State Highway Agency,This section IS ON the NHS,No Special Jurisdiction,Pedestrian,Not a Collision with Motor Vehicle In-Transport,No,Non-Junction,Not an Intersection,On Roadway,,Dark - Lighted,Clear,No,Not Applicable,39.62175833,-104.9002778,Unknown,Unknown
80339,2015,1,0,0,1,1,0,1,1,Colorado,September,5,Saturday,5:00am-5:59am,40,U.S. Highway,Rural,Principal Arterial - Other,State Highway Agency,This section IS ON the NHS,No Special Jurisdiction,Rollover/Overturn,Not a Collision with Motor Vehicle In-Transport,No,Non-Junction,Not an Intersection,On Roadside,,Dark - Not Lighted,Clear,No,Not Applicable,37.229625,-107.4142389,Unknown,Unknown
80340,2015,1,0,0,2,2,0,3,3,Colorado,September,5,Saturday,11:00am-11:59am,25,County Road,Rural,Minor Collector,County Highway Agency,This section IS NOT on the NHS,No Special Jurisdiction,Rollover/Overturn,Not a Collision with Motor Vehicle In-Transport,No,Non-Junction,Not an Intersection,On Roadway,,Daylight,Clear,No,Not Applicable,40.50413889,-105.2360139,Unknown,Unknown
80341,2015,2,0,0,2,2,0,3,3,Colorado,September,5,Saturday,8:00pm-8:59pm,24,State Highway,Rural,Minor Arterial,State Highway Agency,This section IS NOT on the NHS,No Special Jurisdiction,Motor Vehicle In-Transport,Front-to-Front,No,Intersection,Y-Intersection,On Roadway,,Dark - Not Lighted,Clear,No,Not Applicable,38.80448333,-106.8905833,Unknown,Unknown
80342,2015,1,0,0,1,1,0,3,3,Colorado,September,6,Sunday,2:00am-2:59am,41,State Highway,Rural,Major Collector,State Highway Agency,This section IS NOT on the NHS,No Special Jurisdiction,Live Animal,Not a Collision with Motor Vehicle In-Transport,No,Non-Junction,Not an Intersection,On Roadway,,Dark - Not Lighted,Clear,No,Not Applicable,40.51204722,-103.008375,Unknown,Unknown
80343,2015,1,0,0,2,2,0,3,3,Colorado,September,6,Sunday,2:00pm-2:59pm,25,U.S. Highway,Rural,Principal Arterial - Other,State Highway Agency,This section IS ON the NHS,No Special Jurisdiction,Motor Vehicle In-Transport,Sideswipe - Opposite Direction,No,Non-Junction,Not an Intersection,On Roadway,,Daylight,Clear,No,Not Applicable,37.45234722,-107.8049472,Unknown,Unknown
80344,2015,3,0,0,1,1,0,6,6,Colorado,September,6,Sunday,4:00pm-4:59pm,45,Interstate,Rural,Interstate,State Highway Agency,This section IS ON the NHS,No Special Jurisdiction,Rollover/Overturn,Not a Collision with Motor Vehicle In-Transport,No,Non-Junction,Not an Intersection,On Roadside,,Daylight,Clear,No,Not Applicable,40.10633333,-104.5906167,Unknown,Unknown
80345,2015,1,0,0,2,2,0,4,4,Colorado,September,6,Sunday,11:00pm-11:59pm,24,State Highway,Urban,Principal Arterial - Other,State Highway Agency,This section IS ON the NHS,No Special Jurisdiction,Motor Vehicle In-Transport,Angle,No,Intersection,Four-Way Intersection,On Roadway,,Dark - Lighted,Clear,No,Not Applicable,39.70041111,-105.0532167,Unknown,Unknown
80346,2015,1,1,1,1,1,0,2,2,Colorado,September,8,Tuesday,8:00pm-8:59pm,47,State Highway,Urban,Principal Arterial - Other,State Highway Agency,This section IS ON the NHS,No Special Jurisdiction,Pedestrian,Not a Collision with Motor Vehicle In-Transport,No,Intersection-Related,Four-Way Intersection,On Roadway,,Dark - Lighted,Clear,No,Not Applicable,39.69418889,-105.3563333,Unknown,Unknown
80347,2015,1,0,0,3,3,0,8,8,Colorado,September,6,Sunday,5:00pm-5:59pm,52,State Highway,Urban,Principal Arterial - Other,State Highway Agency,This section IS ON the NHS,No Special Jurisdiction,Motor Vehicle In-Transport,Front-to-Front,No,Intersection,Four-Way Intersection,On Roadway,,Daylight,Clear,No,Not Applicable,39.7275,-105.0814,Unknown,Unknown
80348,2015,1,1,1,1,1,0,1,1,Colorado,September,5,Saturday,2:00pm-2:59pm,5,Local Street - Municipality,Urban,Minor Arterial,City or Municipal Highway Agency,This section IS NOT on the NHS,No Special Jurisdiction,Pedestrian,Not a Collision with Motor Vehicle In-Transport,No,Intersection-Related,Four-Way Intersection,On Roadway,,Daylight,Clear,No,Not Applicable,39.78169444,-104.7722444,Unknown,Unknown
80349,2015,1,0,0,2,2,0,6,6,Colorado,September,10,Thursday,2:00pm-2:59pm,3,Interstate,Rural,Interstate,State Highway Agency,This section IS ON the NHS,No Special Jurisdiction,Motor Vehicle In-Transport,Front-to-Front,No,Non-Junction,Not an Intersection,On Roadway,,Daylight,Clear,No,Not Applicable,37.34279722,-104.5696167,Unknown,Unknown
80350,2015,1,0,0,2,2,0,7,7,Colorado,September,10,Thursday,3:00pm-3:59pm,34,State Highway,Urban,Minor Arterial,State Highway Agency,This section IS NOT on the NHS,No Special Jurisdiction,Motor Vehicle In-Transport,Angle,No,Intersection,Four-Way Intersection,On Roadway,,Daylight,Clear,No,Not Applicable,39.71113333,-104.7349222,Unknown,Unknown
80351,2015,1,0,0,1,1,0,2,2,Colorado,September,12,Saturday,0:00am-0:59am,20,County Road,Urban,Minor Arterial,County Highway Agency,This section IS NOT on the NHS,No Special Jurisdiction,Fell/Jumped from Vehicle,Not a Collision with Motor Vehicle In-Transport,No,Non-Junction,Not an Intersection,On Roadway,,Dark - Not Lighted,Clear,No,Not Applicable,38.42828056,-105.2371111,Unknown,Unknown
80352,2015,1,0,0,4,4,0,4,4,Colorado,September,12,Saturday,2:00am-2:59am,25,Interstate,Urban,Interstate,State Highway Agency,This section IS ON the NHS,No Special Jurisdiction,Motor Vehicle In-Transport,Front-to-Rear,Yes,Through Roadway,Not an Intersection,On Roadway,,Dark - Lighted,Clear,No,Not Applicable,39.78349167,-105.0044444,Unknown,Unknown
80353,2015,1,1,1,1,1,0,3,3,Colorado,September,12,Saturday,11:00am-11:59am,45,State Highway,Urban,Principal Arterial - Other Freeways and Expressways,State Highway Agency,This section IS ON the NHS,No Special Jurisdiction,Pedestrian,Not a Collision with Motor Vehicle In-Transport,Yes,Through Roadway,Not an Intersection,On Roadway,,Daylight,Clear,No,Not Applicable,39.65790556,-104.8412694,Unknown,Unknown
80354,2015,1,0,0,1,1,0,1,1,Colorado,September,12,Saturday,6:00pm-6:59pm,45,State Highway,Rural,Minor Arterial,State Highway Agency,This section IS NOT on the NHS,No Special Jurisdiction,Fell/Jumped from Vehicle,Not a Collision with Motor Vehicle In-Transport,No,Non-Junction,Not an Intersection,Outside Trafficway,,Daylight,Clear,No,Not Applicable,38.62083333,-106.8769444,Unknown,Unknown
80355,2015,1,0,0,1,1,0,1,1,Colorado,September,13,Sunday,10:00pm-10:59pm,0,State Highway,Rural,Minor Arterial,State Highway Agency,This section IS NOT on the NHS,No Special Jurisdiction,Guardrail End,Not a Collision with Motor Vehicle In-Transport,No,Non-Junction,Not an Intersection,On Roadside,,Dark - Not Lighted,Clear,No,Not Applicable,40.08201389,-105.4965306,Unknown,Unknown
80356,2015,1,0,0,1,1,0,1,1,Colorado,September,14,Monday,7:00am-7:59am,25,County Road,Rural,Local,County Highway Agency,This section IS NOT on the NHS,No Special Jurisdiction,Railway Vehicle,Not a Collision with Motor Vehicle In-Transport,No,Railway Grade Crossing,Not an Intersection,On Roadway,,Daylight,Clear,No,003370N,38.02685278,-103.6558917,Unknown,Unknown
80357,2015,1,0,0,2,2,0,2,2,Colorado,September,7,Monday,10:00am-10:59am,25,Local Street - Municipality,Urban,Principal Arterial - Other,City or Municipal Highway Agency,This section IS NOT on the NHS,No Special Jurisdiction,Motor Vehicle In-Transport,Angle,No,Intersection-Related,T-Intersection,On Roadway,,Daylight,Clear,No,Not Applicable,39.72564722,-104.9568333,Unknown,Unknown