ST_CASE,YEAR,FATALS,PEDS,PERNOTMVIT,VE_TOTAL,VE_FORMS,PVH_INVL,PERSONS,PERMVIT,STATENAME,MONTHNAME,DAYNAME,DAY_WEEKNAME,HOURNAME,MINUTENAME,ROUTENAME,RUR_URBNAME,FUNC_SYSNAME,RD_OWNERNAME,NHSNAME,SP_JURNAME,HARM_EVNAME,MAN_COLLNAME,RELJCT1NAME,RELJCT2NAME,TYP_INTNAME,REL_ROADNAME,WRK_ZONENAME,LGT_CONDNAME,WEATHERNAME,SCH_BUSNAME,RAILNAME,LATITUDE,LONGITUD,COUNTYNAME,CITYNAME
80260,2016,1,0,0,1,1,0,1,1,Colorado,July,17,Sunday,5:00pm-5:59pm,35,State Highway,Rural,Major Collector,State Highway Agency,This section IS NOT on the NHS,No Special Jurisdiction,"Post, Pole or Other Supports",Not a Collision with Motor Vehicle In-Transport,No,Non-Junction,Not an Intersection,On Roadside,,Daylight,Not Reported,No,Not Applicable,39.73565556,-105.5266778,CLEAR CREEK (19),NOT APPLICABLE
80261,2016,1,0,0,2,2,0,5,5,Colorado,July,9,Saturday,11:00am-11:59am,43,Local Street - Municipality,Urban,Minor Arterial,City or Municipal Highway Agency,This section IS NOT on the NHS,No Special Jurisdiction,Motor Vehicle In-Transport,Angle,No,Intersection,Four-Way Intersection,On Roadway,,Daylight,Not Reported,No,Not Applicable,39.58822222,-104.8482667,ARAPAHOE (5),CENTENNIAL
80262,2016,1,2,2,1,1,0,1,1,Colorado,July,13,Wednesday,1:00pm-1:59pm,32,Local Street - Municipality,Urban,Minor Arterial,City or Municipal Highway Agency,This section IS NOT on the NHS,No Special Jurisdiction,Pedestrian,Not a Collision with Motor Vehicle In-Transport,No,Non-Junction,Not an Intersection,On Shoulder,,Daylight,Not Reported,No,Not Applicable,39.66740556,-104.9467083,DENVER (31),DENVER
80263,2016,1,0,0,2,2,0,3,3,Colorado,July,17,Sunday,7:00pm-7:59pm,28,Local Street - Municipality,Urban,Minor Arterial,City or Municipal Highway Agency,This section IS NOT on the NHS,No Special Jurisdiction,Motor Vehicle In-Transport,Angle,No,Intersection,T-Intersection,On Roadway,,Daylight,Not Reported,No,Not Applicable,39.8447,-105.1840778,JEFFERSON (59),ARVADA
80264,2016,1,0,0,2,2,0,3,3,Colorado,July,13,Wednesday,10:00am-10:59am,18,State Highway,Urban,Principal Arterial - Other,State Highway Agency,This section IS ON the NHS,No Special Jurisdiction,Motor Vehicle In-Transport,Angle,No,Intersection,Four-Way Intersection,On Roadway,,Daylight,Not Reported,No,Not Applicable,39.66756944,-105.1136333,JEFFERSON (59),LAKEWOOD
80265,2016,1,0,0,1,1,0,1,1,Colorado,July,18,Monday,8:00pm-8:59pm,20,Interstate,Urban,Interstate,State Highway Agency,This section IS ON the NHS,No Special Jurisdiction,Rollover/Overturn,Not a Collision with Motor Vehicle In-Transport,No,Non-Junction,Not an Intersection,On Median,,Dusk,Not Reported,No,Not Applicable,39.78013889,-104.8983333,DENVER (31),DENVER
80266,2016,1,0,0,1,1,0,1,1,Colorado,July,18,Monday,10:00pm-10:59pm,44,U.S. Highway,Urban,Principal Arterial - Other,State Highway Agency,This section IS ON the NHS,No Special Jurisdiction,Curb,Not a Collision with Motor Vehicle In-Transport,No,Non-Junction,Not an Intersection,On Roadside,,Dark - Lighted,Not Reported,No,Not Applicable,40.56322778,-105.0771556,LARIMER (69),FORT COLLINS
80267,2016,1,1,1,1,1,0,1,1,Colorado,July,18,Monday,10:00pm-10:59pm,0,Local Street - Municipality,Urban,Minor Arterial,City or Municipal Highway Agency,This section IS NOT on the NHS,No Special Jurisdiction,Pedestrian,Not a Collision with Motor Vehicle In-Transport,No,Non-Junction,Not an Intersection,On Roadway,,Dark - Lighted,Clear,No,Not Applicable,39.75083333,-104.9034778,DENVER (31),DENVER
80268,2016,1,0,0,2,2,0,3,3,Colorado,July,20,Wednesday,12:00pm-12:59pm,50,State Highway,Urban,Principal Arterial - Other,State Highway Agency,This section IS ON the NHS,No Special Jurisdiction,Motor Vehicle In-Transport,Angle,No,Intersection,Four-Way Intersection,On Roadway,,Daylight,Not Reported,No,Not Applicable,39.98627222,-104.92205,ADAMS (1),THORNTON
80269,2016,1,0,0,1,1,0,1,1,Colorado,July,21,Thursday,2:00pm-2:59pm,55,County Road,Rural,Minor Collector,County Highway Agency,This section IS NOT on the NHS,No Special Jurisdiction,Rollover/Overturn,Not a Collision with Motor Vehicle In-Transport,No,Non-Junction,Not an Intersection,On Roadway,,Daylight,Not Reported,No,Not Applicable,40.51538889,-104.8888889,WELD (123),NOT APPLICABLE
80270,2016,1,0,0,3,3,0,5,5,Colorado,July,21,Thursday,3:00pm-3:59pm,30,U.S. Highway,Rural,Principal Arterial - Other,State Highway Agency,This section IS ON the NHS,No Special Jurisdiction,Motor Vehicle In-Transport,Sideswipe - Opposite Direction,No,Non-Junction,Not an Intersection,On Roadway,,Daylight,Not Reported,No,Not Applicable,38.30736111,-107.7731194,OURAY (91),NOT APPLICABLE
80271,2016,3,0,0,1,1,0,3,3,Colorado,July,22,Friday,10:00pm-10:59pm,12,Interstate,Rural,Interstate,State Highway Agency,This section IS ON the NHS,No Special Jurisdiction,Tree (Standing Only),Not a Collision with Motor Vehicle In-Transport,No,Entrance/Exit Ramp Related,Not an Intersection,Gore,,Dark - Not Lighted,Not Reported,No,Not Applicable,39.65213889,-106.0156333,SUMMIT (117),NOT APPLICABLE
80272,2016,1,0,0,2,2,0,4,4,Colorado,July,22,Friday,11:00pm-11:59pm,59,Local Street - Municipality,Urban,Minor Arterial,City or Municipal Highway Agency,This section IS NOT on the NHS,No Special Jurisdiction,Motor Vehicle In-Transport,Angle,Yes,Intersection,Four-Way Intersection,On Roadway,,Dark - Lighted,Not Reported,No,Not Applicable,39.85806389,-104.9135222,ADAMS (1),COMMERCE CITY
80273,2016,2,0,0,2,2,0,2,2,Colorado,July,23,Saturday,9:00pm-9:59pm,25,U.S. Highway,Rural,Principal Arterial - Other,State Highway Agency,This section IS ON the NHS,No Special Jurisdiction,Motor Vehicle In-Transport,Front-to-Front,No,Intersection,Four-Way Intersection,On Roadway,,Dark - Not Lighted,Not Reported,No,Not Applicable,40.49544444,-104.7023722,WELD (123),NOT APPLICABLE
80274,2016,1,0,0,1,1,0,1,1,Colorado,July,24,Sunday,6:00pm-6:59pm,32,Local Street - Municipality,Urban,Principal Arterial - Other,City or Municipal Highway Agency,This section IS ON the NHS,No Special Jurisdiction,Rollover/Overturn,Not a Collision with Motor Vehicle In-Transport,No,Non-Junction,Not an Intersection,On Roadside,,Daylight,Not Reported,No,Not Applicable,39.75777778,-104.8577778,DENVER (31),DENVER
80275,2016,1,0,0,2,2,0,8,8,Colorado,July,24,Sunday,6:00pm-6:59pm,40,County Road,Rural,Major Collector,County Highway Agency,This section IS NOT on the NHS,No Special Jurisdiction,Motor Vehicle In-Transport,Sideswipe - Opposite Direction,No,Non-Junction,Not an Intersection,On Roadway,,Daylight,Not Reported,No,Not Applicable,39.24765556,-104.9526556,DOUGLAS (35),NOT APPLICABLE
80276,2016,1,0,0,1,1,0,2,2,Colorado,July,24,Sunday,10:00pm-10:59pm,48,Local Street - Municipality,Urban,Principal Arterial - Other,City or Municipal Highway Agency,This section IS ON the NHS,No Special Jurisdiction,Curb,Not a Collision with Motor Vehicle In-Transport,No,Non-Junction,Not an Intersection,On Roadside,,Dark - Lighted,Not Reported,No,Not Applicable,39.61988889,-104.8103556,ARAPAHOE (5),AURORA
80277,2016,1,0,0,4,4,0,8,8,Colorado,July,24,Sunday,8:00pm-8:59pm,6,State Highway,Urban,Principal Arterial - Other,State Highway Agency,This section IS ON the NHS,No Special Jurisdiction,Wall,Not a Collision with Motor Vehicle In-Transport,No,Intersection-Related,Four-Way Intersection,On Roadside,,Dark - Lighted,Not Reported,No,Not Applicable,39.65337222,-104.9593333,ARAPAHOE (5),NOT APPLICABLE
80278,2016,1,0,0,1,1,0,1,1,Colorado,July,13,Wednesday,1:00pm-1:59pm,35,Local Street - Municipality,Urban,Minor Arterial,City or Municipal Highway Agency,This section IS NOT on the NHS,No Special Jurisdiction,Curb,Not a Collision with Motor Vehicle In-Transport,No,Non-Junction,Not an Intersection,On Roadside,,Daylight,Not Reported,No,Not Applicable,39.66763889,-104.9509306,DENVER (31),DENVER
80279,2016,1,0,0,1,1,0,1,1,Colorado,July,22,Friday,6:00pm-6:59pm,47,U.S. Highway,Urban,Principal Arterial - Other,State Highway Agency,This section IS ON the NHS,No Special Jurisdiction,Rollover/Overturn,Not a Collision with Motor Vehicle In-Transport,No,Intersection,Four-Way Intersection,On Roadway,,Daylight,Not Reported,No,Not Applicable,39.74004167,-104.8053889,ARAPAHOE (5),AURORA
80280,2016,1,0,0,1,1,0,1,1,Colorado,July,26,Tuesday,8:00pm-8:59pm,34,U.S. Highway,Rural,Principal Arterial - Other,State Highway Agency,This section IS ON the NHS,No Special Jurisdiction,Rollover/Overturn,Not a Collision with Motor Vehicle In-Transport,No,Non-Junction,Not an Intersection,On Median,,Dark - Not Lighted,Not Reported,No,Not Applicable,39.55436111,-105.2405778,JEFFERSON (59),NOT APPLICABLE
80281,2016,1,0,0,3,3,0,5,5,Colorado,July,27,Wednesday,6:00am-6:59am,45,Interstate,Urban,Interstate,State Highway Agency,This section IS ON the NHS,No Special Jurisdiction,Motor Vehicle In-Transport,Angle,Yes,Acceleration/Deceleration Lane,Not an Intersection,On Roadway,,Daylight,Clear,No,Not Applicable,40.51923889,-104.992,LARIMER (69),NOT APPLICABLE
80282,2016,1,0,0,3,3,0,3,3,Colorado,July,28,Thursday,11:00am-11:59am,10,State Highway,Rural,Minor Arterial,State Highway Agency,This section IS NOT on the NHS,No Special Jurisdiction,Motor Vehicle In-Transport,Sideswipe - Same Direction,No,Driveway Access Related,Not an Intersection,On Roadway,,Daylight,Not Reported,No,Not Applicable,39.94415278,-108.7595139,RIO BLANCO (103),NOT APPLICABLE
80283,2016,1,0,0,1,1,0,3,3,Colorado,July,28,Thursday,5:00pm-5:59pm,9,County Road,Rural,Local,County Highway Agency,This section IS NOT on the NHS,No Special Jurisdiction,Rollover/Overturn,Not a Collision with Motor Vehicle In-Transport,No,Non-Junction,Not an Intersection,Outside Trafficway,,Daylight,Not Reported,No,Not Applicable,40.22758333,-103.1719444,WASHINGTON (121),NOT APPLICABLE
80284,2016,1,0,0,2,1,1,1,1,Colorado,July,27,Wednesday,4:00am-4:59am,47,Local Street - Municipality,Urban,Major Collector,City or Municipal Highway Agency,This section IS NOT on the NHS,No Special Jurisdiction,Parked Motor Vehicle,Not a Collision with Motor Vehicle In-Transport,No,Non-Junction,Not an Intersection,In Parking Lane/Zone,,Dark - Lighted,Not Reported,No,Not Applicable,39.84394444,-105.0588556,JEFFERSON (59),ARVADA
80285,2016,1,0,0,2,2,0,2,2,Colorado,July,28,Thursday,3:00am-3:59am,48,County Road,Urban,Major Collector,County Highway Agency,This section IS NOT on the NHS,No Special Jurisdiction,Curb,Not a Collision with Motor Vehicle In-Transport,No,Non-Junction,Not an Intersection,On Median,,Dark - Not Lighted,Clear,No,Not Applicable,39.79563889,-104.9881167,ADAMS (1),NOT APPLICABLE
80286,2016,2,0,0,1,1,0,5,5,Colorado,July,29,Friday,8:00am-8:59am,50,U.S. Highway,Rural,Principal Arterial - Other,State Highway Agency,This section IS ON the NHS,No Special Jurisdiction,Rollover/Overturn,Not a Collision with Motor Vehicle In-Transport,No,Non-Junction,Not an Intersection,On Roadside,,Daylight,Not Reported,No,Not Applicable,38.24070278,-105.9458972,SAGUACHE (109),NOT APPLICABLE
80287,2016,1,0,0,2,2,0,5,5,Colorado,July,29,Friday,6:00pm-6:59pm,28,State Highway,Rural,Minor Arterial,State Highway Agency,This section IS NOT on the NHS,No Special Jurisdiction,Motor Vehicle In-Transport,Front-to-Front,No,Non-Junction,Not an Intersection,On Shoulder,,Daylight,Not Reported,No,Not Applicable,39.23448889,-106.0222222,PARK (93),NOT APPLICABLE
80288,2016,1,0,0,1,1,0,1,1,Colorado,July,29,Friday,8:00pm-8:59pm,45,Interstate,Rural,Interstate,State Highway Agency,This section IS ON the NHS,No Special Jurisdiction,Tree (Standing Only),Not a Collision with Motor Vehicle In-Transport,No,Non-Junction,Not an Intersection,On Roadside,,Dark - Not Lighted,Not Reported,No,Not Applicable,39.65159722,-106.8840972,EAGLE (37),NOT APPLICABLE
80289,2016,1,0,0,2,2,0,3,3,Colorado,July,30,Saturday,3:00pm-3:59pm,38,U.S. Highway,Rural,Principal Arterial - Other,State Highway Agency,This section IS ON the NHS,No Special Jurisdiction,Motor Vehicle In-Transport,Angle,No,Driveway Access Related,Not an Intersection,On Roadway,,Daylight,Clear,No,Not Applicable,39.434275,-104.938875,DOUGLAS (35),NOT APPLICABLE
80290,2016,1,0,0,3,3,0,5,5,Colorado,July,30,Saturday,5:00pm-5:59pm,13,U.S. Highway,Rural,Principal Arterial - Other,State Highway Agency,This section IS ON the NHS,No Special Jurisdiction,Motor Vehicle In-Transport,Front-to-Front,No,Non-Junction,Not an Intersection,On Roadway,,Daylight,Not Reported,No,Not Applicable,38.48790278,-105.2761111,FREMONT (43),NOT APPLICABLE
80291,2016,1,0,0,1,1,0,1,1,Colorado,July,31,Sunday,11:00am-11:59am,51,Interstate,Rural,Interstate,State Highway Agency,This section IS ON the NHS,No Special Jurisdiction,Rollover/Overturn,Not a Collision with Motor Vehicle In-Transport,No,Non-Junction,Not an Intersection,On Median,,Daylight,Not Reported,No,Not Applicable,38.42,-104.61,PUEBLO (101),NOT APPLICABLE
80292,2016,1,0,0,1,1,0,1,1,Colorado,July,31,Sunday,8:00pm-8:59pm,30,State Highway,Rural,Minor Arterial,State Highway Agency,This section IS NOT on the NHS,No Special Jurisdiction,Rollover/Overturn,Not a Collision with Motor Vehicle In-Transport,No,Non-Junction,Not an Intersection,On Roadside,,Dusk,Not Reported,No,Not Applicable,37.25638889,-106.995,ARCHULETA (7),NOT APPLICABLE
80293,2016,2,0,0,1,1,0,2,2,Colorado,July,2,Saturday,10:00pm-10:59pm,6,Local Street - Frontage Road,Urban,Minor Arterial,State Highway Agency,This section IS NOT on the NHS,No Special Jurisdiction,Boulder,Not a Collision with Motor Vehicle In-Transport,No,Intersection-Related,T-Intersection,On Roadside,,Dark - Not Lighted,Rain,No,Not Applicable,39.10629444,-108.3650083,MESA (77),PALISADE
80294,2016,1,0,0,1,1,0,1,1,Colorado,July,9,Saturday,8:00pm-8:59pm,32,Local Street - Municipality,Urban,Local,City or Municipal Highway Agency,This section IS NOT on the NHS,No Special Jurisdiction,Curb,Not a Collision with Motor Vehicle In-Transport,No,Non-Junction,Not an Intersection,On Roadside,,Dark - Not Lighted,Not Reported,No,Not Applicable,39.49280833,-104.8050278,DOUGLAS (35),PARKER
80295,2016,1,0,0,1,1,0,1,1,Colorado,July,18,Monday,5:00pm-5:59pm,26,County Road,Rural,Local,County Highway Agency,This section IS NOT on the NHS,No Special Jurisdiction,Rollover/Overturn,Not a Collision with Motor Vehicle In-Transport,No,Non-Junction,Not an Intersection,On Roadside,,Daylight,Not Reported,No,Not Applicable,37.23041667,-107.0615056,ARCHULETA (7),NOT APPLICABLE
80296,2016,1,0,0,1,1,0,2,2,Colorado,July,22,Friday,4:00am-4:59am,0,County Road,Rural,Local,County Highway Agency,This section IS NOT on the NHS,No Special Jurisdiction,Rollover/Overturn,Not a Collision with Motor Vehicle In-Transport,No,Non-Junction,Not an Intersection,Outside Trafficway,,Dark - Not Lighted,Not Reported,No,Not Applicable,37.66208333,-105.9269444,ALAMOSA (3),NOT APPLICABLE
80297,2016,1,0,0,1,1,0,1,1,Colorado,July,14,Thursday,10:00pm-10:59pm,1,Local Street - Municipality,Urban,Minor Arterial,City or Municipal Highway Agency,This section IS NOT on the NHS,No Special Jurisdiction,Guardrail Face,Not a Collision with Motor Vehicle In-Transport,No,Non-Junction,Not an Intersection,On Roadside,,Dark - Lighted,Not Reported,No,Not Applicable,39.09016667,-108.6217361,MESA (77),GRAND JUNCTION
80298,2016,1,0,0,1,1,0,1,1,Colorado,July,27,Wednesday,3:00pm-3:59pm,44,Interstate,Urban,Interstate,State Highway Agency,This section IS ON the NHS,No Special Jurisdiction,Rollover/Overturn,Not a Collision with Motor Vehicle In-Transport,No,Non-Junction,Not an Intersection,On Median,,Daylight,Clear,No,Not Applicable,39.52613889,-107.7685,GARFIELD (45),RIFLE
80299,2016,1,0,0,1,1,0,2,2,Colorado,July,21,Thursday,1:00pm-1:59pm,41,County Road,Rural,Local,"Local Park, Forest or Reservation Agency",This section IS NOT on the NHS,National Park Service,Tree (Standing Only),Not a Collision with Motor Vehicle In-Transport,No,Non-Junction,Not an Intersection,On Roadside,,Daylight,Not Reported,No,Not Applicable,38.58333611,-105.2427778,FREMONT (43),CANON CITY
80300,2016,1,0,0,5,5,0,9,9,Colorado,July,21,Thursday,12:00pm-12:59pm,10,State Highway,Urban,Principal Arterial - Other,State Highway Agency,This section IS ON the NHS,No Special Jurisdiction,Motor Vehicle In-Transport,Front-to-Rear,No,Intersection-Related,T-Intersection,On Roadway,,Daylight,Not Reported,No,Not Applicable,40.08783333,-104.9370833,WELD (123),DACONO
80301,2016,1,0,0,4,4,0,4,4,Colorado,April,8,Friday,3:00pm-3:59pm,38,State Highway,Urban,Principal Arterial - Other,State Highway Agency,This section IS ON the NHS,No Special Jurisdiction,Motor Vehicle In-Transport,Front-to-Rear,No,Intersection-Related,Four-Way Intersection,On Roadway,,Daylight,Not Reported,No,Not Applicable,38.721775,-104.7128333,EL PASO (41),FOUNTAIN
80302,2016,1,1,1,1,1,0,0,0,Colorado,June,24,Friday,8:00am-8:59am,12,U.S. Highway,Urban,Principal Arterial - Other,State Highway Agency,This section IS ON the NHS,No Special Jurisdiction,Curb,Not a Collision with Motor Vehicle In-Transport,No,Non-Junction,Not an Intersection,On Roadside,Construction,Daylight,Not Reported,No,Not Applicable,37.35680556,-108.5892889,MONTEZUMA (83),CORTEZ
80303,2016,2,0,0,1,1,0,2,2,Colorado,August,1,Monday,6:00am-6:59am,15,Interstate,Rural,Interstate,State Highway Agency,This section IS ON the NHS,No Special Jurisdiction,Rollover/Overturn,Not a Collision with Motor Vehicle In-Transport,No,Non-Junction,Not an Intersection,On Median,,Dawn,Not Reported,No,Not Applicable,39.51955556,-107.8495556,GARFIELD (45),NOT APPLICABLE
80304,2016,1,0,0,2,2,0,3,3,Colorado,August,1,Monday,12:00pm-12:59pm,10,County Road,Rural,Minor Collector,County Highway Agency,This section IS NOT on the NHS,No Special Jurisdiction,Motor Vehicle In-Transport,Angle,No,Intersection,Four-Way Intersection,On Roadway,,Daylight,Not Reported,No,Not Applicable,40.13108333,-104.8861278,WELD (123),NOT APPLICABLE
80305,2016,1,0,0,5,5,0,6,6,Colorado,August,2,Tuesday,11:00am-11:59am,15,Interstate,Urban,Interstate,State Highway Agency,This section IS ON the NHS,No Special Jurisdiction,Motor Vehicle In-Transport,Sideswipe - Same Direction,No,Non-Junction,Not an Intersection,On Roadway,,Daylight,Not Reported,No,Not Applicable,39.92786111,-104.9876833,ADAMS (1),THORNTON
80306,2016,1,0,0,1,1,0,1,1,Colorado,August,2,Tuesday,10:00pm-10:59pm,0,State Highway,Rural,Major Collector,State Highway Agency,This section IS NOT on the NHS,No Special Jurisdiction,Tree (Standing Only),Not a Collision with Motor Vehicle In-Transport,No,Non-Junction,Not an Intersection,On Roadside,,Dark - Not Lighted,Rain,No,Not Applicable,37.92355556,-104.9042833,PUEBLO (101),NOT APPLICABLE
80307,2016,1,1,1,1,1,0,1,1,Colorado,August,3,Wednesday,1:00pm-1:59pm,0,State Highway,Urban,Principal Arterial - Other,State Highway Agency,This section IS ON the NHS,No Special Jurisdiction,Non-Motorist on Personal Conveyance,Not a Collision with Motor Vehicle In-Transport,No,Intersection-Related,Four-Way Intersection,On Roadway,,Daylight,Not Reported,No,Not Applicable,39.69197778,-104.8660667,ARAPAHOE (5),AURORA
80308,2016,2,0,0,1,1,0,2,2,Colorado,August,5,Friday,1:00am-1:59am,9,Interstate,Urban,Interstate,State Highway Agency,This section IS ON the NHS,No Special Jurisdiction,Curb,Not a Collision with Motor Vehicle In-Transport,Yes,Intersection-Related,Four-Way Intersection,On Roadside,,Dark - Lighted,Not Reported,No,Not Applicable,39.7609,-105.0039611,DENVER (31),DENVER
80309,2016,1,1,1,1,1,0,1,1,Colorado,August,7,Sunday,9:00am-9:59am,45,U.S. Highway,Rural,Minor Arterial,State Highway Agency,This section IS NOT on the NHS,No Special Jurisdiction,Pedalcyclist,Not a Collision with Motor Vehicle In-Transport,No,Non-Junction,Not an Intersection,On Roadway,,Daylight,Not Reported,No,Not Applicable,40.07410556,-105.2846611,BOULDER (13),NOT APPLICABLE
80310,2016,1,0,0,1,1,0,1,1,Colorado,August,7,Sunday,9:00am-9:59am,54,Interstate,Rural,Interstate,State Highway Agency,This section IS ON the NHS,No Special Jurisdiction,Rollover/Overturn,Not a Collision with Motor Vehicle In-Transport,No,Non-Junction,Not an Intersection,On Median,,Daylight,Not Reported,No,Not Applicable,36.99941667,-104.4825833,LAS ANIMAS (71),NOT APPLICABLE
80312,2016,1,0,0,1,1,0,5,5,Colorado,August,8,Monday,8:00am-8:59am,25,State Highway,Rural,Minor Arterial,State Highway Agency,This section IS NOT on the NHS,No Special Jurisdiction,Rollover/Overturn,Not a Collision with Motor Vehicle In-Transport,No,Non-Junction,Not an Intersection,On Roadside,,Daylight,Not Reported,No,Not Applicable,40.69575,-105.6772222,LARIMER (69),NOT APPLICABLE
80313,2016,1,0,3,2,1,1,4,1,Colorado,August,8,Monday,1:00pm-1:59pm,5,U.S. Highway,Rural,Principal Arterial - Other,State Highway Agency,This section IS ON the NHS,No Special Jurisdiction,Parked Motor Vehicle,Not a Collision with Motor Vehicle In-Transport,No,Non-Junction,Not an Intersection,On Shoulder,,Daylight,Rain,No,Not Applicable,38.95013056,-108.4139833,MESA (77),NOT APPLICABLE
80314,2016,1,0,0,1,1,0,1,1,Colorado,August,10,Wednesday,7:00pm-7:59pm,50,County Road,Rural,Major Collector,County Highway Agency,This section IS NOT on the NHS,No Special Jurisdiction,Tree (Standing Only),Not a Collision with Motor Vehicle In-Transport,No,Non-Junction,Not an Intersection,On Roadside,,Dusk,Not Reported,No,Not Applicable,39.67638889,-105.46325,CLEAR CREEK (19),NOT APPLICABLE
80315,2016,1,0,0,2,2,0,5,5,Colorado,August,6,Saturday,6:00pm-6:59pm,25,State Highway,Rural,Major Collector,State Highway Agency,This section IS NOT on the NHS,No Special Jurisdiction,Motor Vehicle In-Transport,Angle,No,Intersection,Four-Way Intersection,On Roadway,,Daylight,Not Reported,No,Not Applicable,37.42978889,-106.0393389,ALAMOSA (3),NOT APPLICABLE
80316,2016,1,1,1,1,1,0,1,1,Colorado,August,12,Friday,5:00am-5:59am,19,Local Street - Frontage Road,Urban,Interstate,State Highway Agency,This section IS ON the NHS,No Special Jurisdiction,Pedestrian,Not a Collision with Motor Vehicle In-Transport,No,Non-Junction,Not an Intersection,On Roadway,,Dark - Not Lighted,Clear,No,Not Applicable,40.10010556,-104.9808944,WELD (123),NOT APPLICABLE
80317,2016,2,0,0,1,1,0,2,2,Colorado,August,13,Saturday,3:00am-3:59am,45,U.S. Highway,Rural,Major Collector,State Highway Agency,This section IS NOT on the NHS,No Special Jurisdiction,Rollover/Overturn,Not a Collision with Motor Vehicle In-Transport,No,Non-Junction,Not an Intersection,On Roadside,,Dark - Not Lighted,Not Reported,No,Not Applicable,39.57181944,-107.4586306,GARFIELD (45),NOT APPLICABLE
80318,2016,1,0,0,1,1,0,1,1,Colorado,August,14,Sunday,6:00am-6:59am,34,State Highway,Rural,Major Collector,State Highway Agency,This section IS NOT on the NHS,No Special Jurisdiction,Rollover/Overturn,Not a Collision with Motor Vehicle In-Transport,No,Non-Junction,Not an Intersection,On Roadside,,Dark - Not Lighted,Not Reported,No,Not Applicable,40.06237778,-106.7935,ROUTT (107),NOT APPLICABLE
80319,2016,1,0,0,2,2,0,3,3,Colorado,August,14,Sunday,3:00pm-3:59pm,5,State Highway,Rural,Principal Arterial - Other,State Highway Agency,This section IS ON the NHS,No Special Jurisdiction,Rollover/Overturn,Not a Collision with Motor Vehicle In-Transport,No,Intersection-Related,T-Intersection,On Roadway,,Daylight,Not Reported,No,Not Applicable,37.58930556,-108.3539333,MONTEZUMA (83),NOT APPLICABLE
80320,2016,1,0,0,1,1,0,3,3,Colorado,August,14,Sunday,10:00pm-10:59pm,18,U.S. Highway,Rural,Minor Arterial,State Highway Agency,This section IS NOT on the NHS,No Special Jurisdiction,Rollover/Overturn,Not a Collision with Motor Vehicle In-Transport,No,Non-Junction,Not an Intersection,Outside Trafficway,,Dark - Not Lighted,Not Reported,No,Not Applicable,39.74187222,-105.2857222,JEFFERSON (59),NOT APPLICABLE
80321,2016,1,0,0,1,1,0,1,1,Colorado,August,13,Saturday,5:00am-5:59am,16,County Road,Rural,Minor Arterial,County Highway Agency,This section IS NOT on the NHS,No Special Jurisdiction,Wall,Not a Collision with Motor Vehicle In-Transport,No,Non-Junction,Not an Intersection,On Roadside,,Dark - Lighted,Not Reported,No,Not Applicable,40.0447,-105.1311139,BOULDER (13),NOT APPLICABLE
80322,2016,1,0,0,1,1,0,4,4,Colorado,August,17,Wednesday,5:00pm-5:59pm,31,Interstate,Urban,Interstate,State Highway Agency,This section IS ON the NHS,No Special Jurisdiction,Rollover/Overturn,Not a Collision with Motor Vehicle In-Transport,Yes,Other location within Interchange Area,Not an Intersection,On Roadside,,Daylight,Not Reported,No,Not Applicable,39.78622222,-105.0777778,JEFFERSON (59),ARVADA
80323,2016,1,1,1,1,1,0,1,1,Colorado,August,19,Friday,6:00am-6:59am,19,Interstate,Urban,Interstate,State Highway Agency,This section IS ON the NHS,No Special Jurisdiction,Pedestrian,Not a Collision with Motor Vehicle In-Transport,Yes,Through Roadway,Not an Intersection,On Roadway,,Dark - Lighted,Not Reported,No,Not Applicable,39.942,-104.7856889,ADAMS (1),BRIGHTON
80324,2016,1,0,0,1,1,0,2,2,Colorado,August,20,Saturday,4:00pm-4:59pm,40,County Road,Rural,Major Collector,County Highway Agency,This section IS NOT on the NHS,No Special Jurisdiction,Rollover/Overturn,Not a Collision with Motor Vehicle In-Transport,No,Non-Junction,Not an Intersection,On Roadside,,Daylight,Clear,No,Not Applicable,40.37785,-104.9202778,WELD (123),NOT APPLICABLE
80325,2016,1,0,0,1,1,0,1,1,Colorado,August,21,Sunday,7:00am-7:59am,37,County Road,Rural,Minor Collector,County Highway Agency,This section IS NOT on the NHS,No Special Jurisdiction,Fence,Not a Collision with Motor Vehicle In-Transport,No,Non-Junction,Not an Intersection,Outside Trafficway,,Dark - Not Lighted,Not Reported,No,Not Applicable,37.99338889,-106.0339444,SAGUACHE (109),NOT APPLICABLE
80326,2016,2,0,0,2,2,0,4,4,Colorado,August,21,Sunday,4:00pm-4:59pm,40,U.S. Highway,Rural,Principal Arterial - Other,State Highway Agency,This section IS NOT on the NHS,No Special Jurisdiction,Motor Vehicle In-Transport,Front-to-Front,No,Non-Junction,Not an Intersection,On Roadway,,Daylight,Not Reported,No,Not Applicable,40.41439444,-105.2528056,LARIMER (69),NOT APPLICABLE
80327,2016,1,0,0,1,1,0,5,5,Colorado,August,21,Sunday,6:00pm-6:59pm,25,State Highway,Rural,Minor Arterial,State Highway Agency,This section IS NOT on the NHS,No Special Jurisdiction,Tree (Standing Only),Not a Collision with Motor Vehicle In-Transport,No,Non-Junction,Not an Intersection,On Roadside,,Daylight,Not Reported,No,Not Applicable,38.08274444,-108.1770583,SAN MIGUEL (113),NOT APPLICABLE
80328,2016,2,0,0,3,3,0,7,7,Colorado,August,19,Friday,6:00pm-6:59pm,47,Local Street - Municipality,Urban,Principal Arterial - Other,City or Municipal Highway Agency,This section IS NOT on the NHS,No Special Jurisdiction,Motor Vehicle In-Transport,Angle,No,Non-Junction,Not an Intersection,On Roadway,,Daylight,Rain,No,Not Applicable,38.8175,-104.8420139,EL PASO (41),COLORADO SPGS