ST_CASE,YEAR,FATALS,PEDS,PERNOTMVIT,VE_TOTAL,VE_FORMS,PVH_INVL,PERSONS,PERMVIT,STATENAME,MONTHNAME,DAYNAME,DAY_WEEKNAME,HOURNAME,MINUTENAME,ROUTENAME,RUR_URBNAME,FUNC_SYSNAME,RD_OWNERNAME,NHSNAME,SP_JURNAME,HARM_EVNAME,MAN_COLLNAME,RELJCT1NAME,RELJCT2NAME,TYP_INTNAME,REL_ROADNAME,WRK_ZONENAME,LGT_CONDNAME,WEATHERNAME,SCH_BUSNAME,RAILNAME,LATITUDE,LONGITUD,COUNTYNAME,CITYNAME
80464,2016,1,0,0,3,3,0,7,7,Colorado,October,26,Wednesday,3:00pm-3:59pm,40,County Road,Urban,Major Collector,County Highway Agency,This section IS NOT on the NHS,No Special Jurisdiction,Motor Vehicle In-Transport,Rear-to-Side,No,Intersection-Related,T-Intersection,On Roadway,,Daylight,Not Reported,No,Not Applicable,40.10169444,-105.1363333,BOULDER (13),NOT APPLICABLE
80465,2016,1,0,0,2,2,0,2,2,Colorado,October,27,Thursday,9:00am-9:59am,6,Local Street - Municipality,Urban,Local,City or Municipal Highway Agency,This section IS NOT on the NHS,No Special Jurisdiction,Motor Vehicle In-Transport,Front-to-Front,No,Intersection,Four-Way Intersection,On Roadway,,Daylight,Not Reported,No,Not Applicable,39.9016,-105.0828778,BROOMFIELD (14),BROOMFIELD
80466,2016,1,0,0,1,1,0,1,1,Colorado,October,27,Thursday,1:00pm-1:59pm,50,County Road,Rural,Local,County Highway Agency,This section IS NOT on the NHS,No Special Jurisdiction,Embankment,Not a Collision with Motor Vehicle In-Transport,No,Non-Junction,Not an Intersection,On Roadside,,Daylight,Clear,No,Not Applicable,38.11452778,-103.5183056,OTERO (89),NOT APPLICABLE
80467,2016,1,0,0,1,1,0,1,1,Colorado,October,22,Saturday,5:00am-5:59am,40,Local Street - Municipality,Urban,Local,City or Municipal Highway Agency,This section IS NOT on the NHS,No Special Jurisdiction,Other Fixed Object,Not a Collision with Motor Vehicle In-Transport,No,Non-Junction,Not an Intersection,On Roadside,,Dark - Not Lighted,Not Reported,No,Not Applicable,39.17358889,-108.7105472,MESA (77),FRUITA
80468,2016,1,1,1,1,1,0,1,1,Colorado,October,28,Friday,8:00pm-8:59pm,8,State Highway,Urban,Principal Arterial - Other,State Highway Agency,This section IS ON the NHS,No Special Jurisdiction,Non-Motorist on Personal Conveyance,Not a Collision with Motor Vehicle In-Transport,No,Intersection-Related,Four-Way Intersection,On Roadway,,Dark - Lighted,Not Reported,No,Not Applicable,39.75823333,-104.9404833,DENVER (31),DENVER
80469,2016,1,1,1,1,1,0,1,1,Colorado,October,28,Friday,10:00pm-10:59pm,0,County Road,Rural,Local,County Highway Agency,This section IS NOT on the NHS,No Special Jurisdiction,Pedestrian,Not a Collision with Motor Vehicle In-Transport,No,Non-Junction,Not an Intersection,On Roadway,,Dark - Not Lighted,Not Reported,No,Not Applicable,37.39825833,-105.8742694,ALAMOSA (3),NOT APPLICABLE
80470,2016,1,0,0,1,1,0,1,1,Colorado,October,29,Saturday,10:00pm-10:59pm,19,State Highway,Urban,Principal Arterial - Other,State Highway Agency,This section IS ON the NHS,No Special Jurisdiction,Curb,Not a Collision with Motor Vehicle In-Transport,No,Non-Junction,Not an Intersection,On Median,,Dark - Lighted,Not Reported,No,Not Applicable,39.71518056,-105.0250944,DENVER (31),DENVER
80471,2016,1,2,2,1,1,0,1,1,Colorado,October,30,Sunday,2:00am-2:59am,7,Local Street - Municipality,Urban,Principal Arterial - Other,City or Municipal Highway Agency,This section IS ON the NHS,No Special Jurisdiction,Pedestrian,Not a Collision with Motor Vehicle In-Transport,No,Intersection-Related,Four-Way Intersection,On Roadway,,Dark - Lighted,Not Reported,No,Not Applicable,39.73674444,-104.9873889,DENVER (31),DENVER
80472,2016,1,0,0,2,2,0,3,3,Colorado,October,5,Wednesday,10:00am-10:59am,32,Local Street - Municipality,Urban,Principal Arterial - Other,City or Municipal Highway Agency,This section IS ON the NHS,No Special Jurisdiction,Motor Vehicle In-Transport,Angle,No,Intersection,T-Intersection,On Roadway,,Daylight,Not Reported,No,Not Applicable,38.86272778,-104.7756222,EL PASO (41),COLORADO SPGS
80473,2016,1,0,0,1,1,0,1,1,Colorado,October,13,Thursday,4:00pm-4:59pm,15,U.S. Highway,Rural,Principal Arterial - Other Freeways and Expressways,State Highway Agency,This section IS ON the NHS,No Special Jurisdiction,Rollover/Overturn,Not a Collision with Motor Vehicle In-Transport,No,Non-Junction,Not an Intersection,On Roadway,,Daylight,Not Reported,No,Not Applicable,40.23512222,-104.8210611,WELD (123),PLATTEVILLE
80474,2016,1,1,1,1,1,0,2,2,Colorado,October,29,Saturday,8:00pm-8:59pm,24,Local Street - Municipality,Urban,Principal Arterial - Other,City or Municipal Highway Agency,This section IS ON the NHS,No Special Jurisdiction,Pedestrian,Not a Collision with Motor Vehicle In-Transport,No,Intersection-Related,Four-Way Intersection,On Roadway,,Dark - Lighted,Not Reported,No,Not Applicable,38.81764444,-104.7806278,EL PASO (41),COLORADO SPGS
80475,2016,1,0,0,1,1,0,1,1,Colorado,October,31,Monday,6:00am-6:59am,40,U.S. Highway,Rural,Principal Arterial - Other,State Highway Agency,This section IS ON the NHS,No Special Jurisdiction,Rollover/Overturn,Not a Collision with Motor Vehicle In-Transport,No,Non-Junction,Not an Intersection,On Roadway,,Dark - Not Lighted,Not Reported,No,Not Applicable,40.3765,-106.7960278,ROUTT (107),NOT APPLICABLE
80476,2016,1,0,0,3,3,0,3,3,Colorado,October,31,Monday,5:00pm-5:59pm,20,U.S. Highway,Rural,Principal Arterial - Other,State Highway Agency,This section IS ON the NHS,No Special Jurisdiction,Motor Vehicle In-Transport,Angle,No,Non-Junction,Not an Intersection,On Shoulder,,Daylight,Not Reported,No,Not Applicable,37.67431111,-106.4199361,RIO GRANDE (105),NOT APPLICABLE
80477,2016,1,1,1,1,1,0,1,1,Colorado,October,31,Monday,6:00pm-6:59pm,38,County Road,Urban,Minor Arterial,County Highway Agency,This section IS NOT on the NHS,No Special Jurisdiction,Pedestrian,Not a Collision with Motor Vehicle In-Transport,No,Non-Junction,Not an Intersection,On Roadway,,Dark - Not Lighted,Not Reported,No,Not Applicable,39.67535556,-104.9035472,ARAPAHOE (5),NOT APPLICABLE
80478,2016,1,0,0,1,1,0,1,1,Colorado,October,21,Friday,3:00pm-3:59pm,58,Interstate,Rural,Interstate,State Highway Agency,This section IS ON the NHS,No Special Jurisdiction,Embankment,Not a Collision with Motor Vehicle In-Transport,No,Non-Junction,Not an Intersection,Separator,,Daylight,Clear,No,Not Applicable,40.81988333,-104.9729083,LARIMER (69),NOT APPLICABLE
80479,2016,1,0,0,2,2,0,2,2,Colorado,October,14,Friday,7:00pm-7:59pm,35,Local Street - Municipality,Urban,Major Collector,City or Municipal Highway Agency,This section IS NOT on the NHS,No Special Jurisdiction,Motor Vehicle In-Transport,Angle,No,Intersection,Four-Way Intersection,On Roadway,,Dark - Not Lighted,Not Reported,No,Not Applicable,40.044,-104.9424861,WELD (123),DACONO
80480,2016,1,0,0,2,2,0,5,5,Colorado,October,31,Monday,1:00pm-1:59pm,1,Local Street - Municipality,Urban,Principal Arterial - Other,City or Municipal Highway Agency,This section IS ON the NHS,No Special Jurisdiction,Motor Vehicle In-Transport,Angle,No,Intersection,Four-Way Intersection,On Roadway,,Daylight,Not Reported,No,Not Applicable,39.67858889,-105.0110944,ARAPAHOE (5),ENGLEWOOD
80481,2016,1,0,0,2,2,0,3,3,Colorado,October,3,Monday,3:00pm-3:59pm,41,U.S. Highway,Urban,Principal Arterial - Other,State Highway Agency,This section IS ON the NHS,No Special Jurisdiction,Motor Vehicle In-Transport,Angle,No,Intersection,Four-Way Intersection,On Roadway,,Daylight,Not Reported,No,Not Applicable,39.65113611,-104.9830083,ARAPAHOE (5),ENGLEWOOD
80482,2016,1,1,1,1,1,0,0,0,Colorado,October,20,Thursday,5:00am-5:59am,25,State Highway,Urban,Minor Arterial,State Highway Agency,This section IS NOT on the NHS,No Special Jurisdiction,Pedestrian,Not a Collision with Motor Vehicle In-Transport,No,Non-Junction,Not an Intersection,On Shoulder,,Dark - Lighted,Not Reported,No,Not Applicable,39.91385,-105.1481111,BOULDER (13),SUPERIOR
80483,2016,1,0,0,2,2,0,3,3,Colorado,October,26,Wednesday,7:00pm-7:59pm,34,State Highway,Urban,Principal Arterial - Other,State Highway Agency,This section IS ON the NHS,No Special Jurisdiction,Motor Vehicle In-Transport,Angle,No,Intersection,T-Intersection,On Roadway,,Dark - Lighted,Not Reported,No,Not Applicable,39.78172778,-105.0813722,JEFFERSON (59),WHEAT RIDGE
80484,2016,1,0,0,2,2,0,2,2,Colorado,October,17,Monday,3:00pm-3:59pm,30,State Highway,Rural,Principal Arterial - Other,State Highway Agency,This section IS ON the NHS,No Special Jurisdiction,Motor Vehicle In-Transport,Front-to-Front,No,Non-Junction,Not an Intersection,On Roadway,,Daylight,Not Reported,No,Not Applicable,40.20440556,-104.9907056,WELD (123),NOT APPLICABLE
80485,2016,1,0,0,3,3,0,6,6,Colorado,October,20,Thursday,11:00am-11:59am,40,State Highway,Urban,Principal Arterial - Other,State Highway Agency,This section IS ON the NHS,No Special Jurisdiction,Motor Vehicle In-Transport,Front-to-Front,No,Intersection,Four-Way Intersection,On Roadway,,Daylight,Not Reported,No,Not Applicable,38.72126389,-104.7119167,EL PASO (41),FOUNTAIN
80486,2016,1,1,1,1,1,0,1,1,Colorado,April,5,Tuesday,11:00am-11:59am,12,Local Street - Municipality,Urban,Major Collector,City or Municipal Highway Agency,This section IS NOT on the NHS,No Special Jurisdiction,Pedestrian,Not a Collision with Motor Vehicle In-Transport,No,Intersection,Four-Way Intersection,On Roadway,,Daylight,Not Reported,No,Not Applicable,40.61897222,-103.2268972,LOGAN (75),STERLING
80487,2016,1,0,0,1,1,0,1,1,Colorado,July,17,Sunday,10:00am-10:59am,30,County Road,Rural,Minor Collector,County Highway Agency,This section IS NOT on the NHS,No Special Jurisdiction,Fence,Not a Collision with Motor Vehicle In-Transport,No,Intersection-Related,Y-Intersection,Outside Trafficway,,Daylight,Clear,No,Not Applicable,39.51038333,-105.2711944,JEFFERSON (59),NOT APPLICABLE
80488,2016,1,0,0,3,3,0,3,3,Colorado,August,12,Friday,12:00pm-12:59pm,55,Local Street - Municipality,Urban,Principal Arterial - Other,City or Municipal Highway Agency,This section IS ON the NHS,No Special Jurisdiction,Motor Vehicle In-Transport,Angle,No,Intersection,Four-Way Intersection,On Roadway,,Daylight,Not Reported,No,Not Applicable,38.89675,-104.8255,EL PASO (41),COLORADO SPGS
80489,2016,1,0,0,1,1,0,6,6,Colorado,August,16,Tuesday,7:00am-7:59am,0,U.S. Highway,Rural,Principal Arterial - Other Freeways and Expressways,State Highway Agency,This section IS ON the NHS,No Special Jurisdiction,Fence,Not a Collision with Motor Vehicle In-Transport,No,Non-Junction,Not an Intersection,Outside Trafficway,,Daylight,Not Reported,No,Not Applicable,40.24567222,-104.8177861,WELD (123),PLATTEVILLE
80490,2016,1,1,1,1,1,0,1,1,Colorado,August,17,Wednesday,7:00pm-7:59pm,15,U.S. Highway,Urban,Principal Arterial - Other,Town or Township Highway Agency,This section IS NOT on the NHS,National Park Service,Non-Motorist on Personal Conveyance,Not a Collision with Motor Vehicle In-Transport,No,Intersection-Related,Four-Way Intersection,On Roadway,,Daylight,Not Reported,No,Not Applicable,39.65115,-104.9804944,ARAPAHOE (5),ENGLEWOOD
80491,2016,1,0,0,3,3,0,4,4,Colorado,September,20,Tuesday,10:00am-10:59am,2,Local Street - Municipality,Urban,Local,City or Municipal Highway Agency,This section IS NOT on the NHS,No Special Jurisdiction,Motor Vehicle In-Transport,Front-to-Front,No,Intersection,T-Intersection,On Roadway,,Daylight,Cloudy,No,Not Applicable,39.41261111,-104.8994111,DOUGLAS (35),CASTLE ROCK
80492,2016,1,0,0,1,1,0,1,1,Colorado,November,1,Tuesday,6:00pm-6:59pm,55,State Highway,Urban,Principal Arterial - Other Freeways and Expressways,State Highway Agency,This section IS ON the NHS,No Special Jurisdiction,Cable Barrier,Not a Collision with Motor Vehicle In-Transport,Yes,Other location within Interchange Area,Not an Intersection,On Median,,Dark - Lighted,Not Reported,No,Not Applicable,39.55576667,-104.8756667,DOUGLAS (35),LONE TREE
80493,2016,1,0,0,1,1,0,2,2,Colorado,November,4,Friday,1:00pm-1:59pm,9,U.S. Highway,Urban,Principal Arterial - Other Freeways and Expressways,State Highway Agency,This section IS ON the NHS,No Special Jurisdiction,Rollover/Overturn,Not a Collision with Motor Vehicle In-Transport,No,Non-Junction,Not an Intersection,On Roadside,,Daylight,Not Reported,No,Not Applicable,38.34322222,-104.7709583,PUEBLO (101),NOT APPLICABLE
80494,2016,1,1,1,1,1,0,1,1,Colorado,November,5,Saturday,6:00pm-6:59pm,44,Local Street - Frontage Road,Rural,Interstate,State Highway Agency,This section IS ON the NHS,No Special Jurisdiction,Pedestrian,Not a Collision with Motor Vehicle In-Transport,No,Non-Junction,Not an Intersection,On Roadway,,Dark - Not Lighted,Not Reported,No,Not Applicable,38.18336111,-104.6344139,PUEBLO (101),NOT APPLICABLE
80495,2016,1,1,1,1,1,0,1,1,Colorado,November,6,Sunday,8:00pm-8:59pm,15,Local Street - Municipality,Urban,Principal Arterial - Other Freeways and Expressways,City or Municipal Highway Agency,This section IS ON the NHS,No Special Jurisdiction,Pedestrian,Not a Collision with Motor Vehicle In-Transport,Yes,Through Roadway,Not an Intersection,On Roadway,,Dark - Not Lighted,Not Reported,No,Not Applicable,39.786675,-104.7909833,DENVER (31),DENVER
80496,2016,1,1,1,1,1,0,2,2,Colorado,November,6,Sunday,9:00pm-9:59pm,32,State Highway,Urban,Principal Arterial - Other,State Highway Agency,This section IS ON the NHS,No Special Jurisdiction,Pedestrian,Not a Collision with Motor Vehicle In-Transport,No,Intersection-Related,Four-Way Intersection,On Roadway,,Dark - Lighted,Not Reported,No,Not Applicable,39.80177778,-105.0766667,JEFFERSON (59),ARVADA
80497,2016,1,1,1,1,1,0,1,1,Colorado,November,4,Friday,8:00pm-8:59pm,50,Local Street - Municipality,Urban,Minor Arterial,City or Municipal Highway Agency,This section IS NOT on the NHS,No Special Jurisdiction,Pedestrian,Not a Collision with Motor Vehicle In-Transport,No,Shared-Use Path Crossing,Not an Intersection,On Roadway,,Dark - Lighted,Not Reported,No,Not Applicable,40.024425,-105.2536222,BOULDER (13),BOULDER
80498,2016,1,0,0,1,1,0,2,2,Colorado,November,4,Friday,2:00pm-2:59pm,20,Interstate,Rural,Interstate,State Highway Agency,This section IS ON the NHS,No Special Jurisdiction,"Post, Pole or Other Supports",Not a Collision with Motor Vehicle In-Transport,No,Non-Junction,Not an Intersection,On Roadside,,Daylight,Clear,No,Not Applicable,39.35044444,-103.8590972,ELBERT (39),NOT APPLICABLE
80499,2016,1,0,0,2,2,0,2,2,Colorado,November,3,Thursday,12:00pm-12:59pm,14,State Highway,Urban,Minor Arterial,State Highway Agency,This section IS NOT on the NHS,No Special Jurisdiction,Motor Vehicle In-Transport,Angle,No,Intersection,Four-Way Intersection,On Roadway,,Daylight,Not Reported,No,Not Applicable,39.82366111,-104.9875,ADAMS (1),NOT APPLICABLE
80500,2016,1,0,0,2,2,0,3,3,Colorado,November,5,Saturday,3:00pm-3:59pm,56,Local Street - Municipality,Urban,Principal Arterial - Other,City or Municipal Highway Agency,This section IS ON the NHS,No Special Jurisdiction,Motor Vehicle In-Transport,Angle,No,Intersection,Four-Way Intersection,On Roadway,,Daylight,Not Reported,No,Not Applicable,38.83572222,-104.7573333,EL PASO (41),COLORADO SPGS
80501,2016,1,1,1,1,1,0,2,2,Colorado,November,3,Thursday,7:00am-7:59am,10,Local Street - Municipality,Urban,Principal Arterial - Other,City or Municipal Highway Agency,This section IS ON the NHS,No Special Jurisdiction,Pedestrian,Not a Collision with Motor Vehicle In-Transport,No,Intersection-Related,T-Intersection,On Roadway,,Dawn,Not Reported,No,Not Applicable,39.70813333,-104.8792278,DENVER (31),DENVER
80502,2016,1,1,1,2,1,1,1,1,Colorado,November,9,Wednesday,4:00pm-4:59pm,24,Local Street - Municipality,Urban,Local,City or Municipal Highway Agency,This section IS NOT on the NHS,No Special Jurisdiction,Pedestrian,Not a Collision with Motor Vehicle In-Transport,No,Non-Junction,Not an Intersection,On Roadway,,Dusk,Not Reported,No,Not Applicable,38.88968333,-104.6942389,EL PASO (41),COLORADO SPGS
80503,2016,1,1,1,1,1,0,1,1,Colorado,November,8,Tuesday,6:00pm-6:59pm,5,Local Street - Municipality,Urban,Minor Arterial,City or Municipal Highway Agency,This section IS NOT on the NHS,No Special Jurisdiction,Pedestrian,Not a Collision with Motor Vehicle In-Transport,No,Intersection-Related,T-Intersection,On Roadway,,Dark - Lighted,Not Reported,No,Not Applicable,39.82731389,-105.0305278,ADAMS (1),WESTMINSTER
80504,2016,1,0,0,1,1,0,1,1,Colorado,November,11,Friday,1:00am-1:59am,48,Local Street - Municipality,Urban,Minor Arterial,City or Municipal Highway Agency,This section IS NOT on the NHS,No Special Jurisdiction,Curb,Not a Collision with Motor Vehicle In-Transport,No,Intersection-Related,Four-Way Intersection,On Roadside,,Dark - Lighted,Not Reported,No,Not Applicable,39.74752778,-104.8984944,DENVER (31),DENVER
80505,2016,1,0,0,1,1,0,1,1,Colorado,November,12,Saturday,7:00pm-7:59pm,1,State Highway,Rural,Minor Arterial,State Highway Agency,This section IS NOT on the NHS,No Special Jurisdiction,Rollover/Overturn,Not a Collision with Motor Vehicle In-Transport,No,Non-Junction,Not an Intersection,On Roadside,,Dark - Not Lighted,Not Reported,No,Not Applicable,39.13336111,-105.9160972,PARK (93),NOT APPLICABLE
80506,2016,1,1,1,1,1,0,1,1,Colorado,November,13,Sunday,1:00pm-1:59pm,23,Local Street - Municipality,Urban,Principal Arterial - Other,City or Municipal Highway Agency,This section IS ON the NHS,No Special Jurisdiction,Pedalcyclist,Not a Collision with Motor Vehicle In-Transport,No,Intersection-Related,Four-Way Intersection,On Roadway,,Daylight,Not Reported,No,Not Applicable,39.69652222,-104.85405,ARAPAHOE (5),AURORA
80507,2016,1,1,1,1,1,0,1,1,Colorado,November,14,Monday,7:00pm-7:59pm,10,Local Street - Municipality,Urban,Minor Arterial,City or Municipal Highway Agency,This section IS NOT on the NHS,No Special Jurisdiction,Pedestrian,Not a Collision with Motor Vehicle In-Transport,No,Intersection-Related,Four-Way Intersection,On Roadway,,Dark - Lighted,Not Reported,No,Not Applicable,39.73393333,-104.9835722,DENVER (31),DENVER
80508,2016,1,0,0,2,2,0,3,3,Colorado,November,14,Monday,11:00am-11:59am,39,Interstate,Rural,Interstate,State Highway Agency,This section IS ON the NHS,No Special Jurisdiction,Motor Vehicle In-Transport,Front-to-Rear,No,Non-Junction,Not an Intersection,On Roadway,Construction,Daylight,Clear,No,Not Applicable,40.25048611,-104.9800556,WELD (123),NOT APPLICABLE
80509,2016,1,0,0,1,1,0,1,1,Colorado,November,14,Monday,5:00pm-5:59pm,55,U.S. Highway,Urban,Principal Arterial - Other,State Highway Agency,This section IS ON the NHS,No Special Jurisdiction,Traffic Signal Support,Not a Collision with Motor Vehicle In-Transport,No,Intersection-Related,Four-Way Intersection,On Roadside,,Dark - Lighted,Not Reported,No,Not Applicable,37.22726667,-107.82,LA PLATA (67),NOT APPLICABLE
80510,2016,1,0,0,1,1,0,4,4,Colorado,November,10,Thursday,5:00am-5:59am,24,U.S. Highway,Rural,Principal Arterial - Other,State Highway Agency,This section IS ON the NHS,No Special Jurisdiction,Rollover/Overturn,Not a Collision with Motor Vehicle In-Transport,No,Non-Junction,Not an Intersection,On Roadside,,Dark - Not Lighted,Not Reported,No,Not Applicable,39.10510278,-105.9904,PARK (93),NOT APPLICABLE
80511,2016,1,0,0,2,2,0,2,2,Colorado,November,17,Thursday,11:00am-11:59am,30,Interstate,Urban,Interstate,State Highway Agency,This section IS ON the NHS,No Special Jurisdiction,Motor Vehicle In-Transport,Angle,Yes,Entrance/Exit Ramp Related,Not an Intersection,On Roadway,,Daylight,Not Reported,No,Not Applicable,39.81728333,-104.98145,ADAMS (1),NOT APPLICABLE
80512,2016,1,1,1,1,1,0,1,1,Colorado,November,5,Saturday,4:00pm-4:59pm,33,State Highway,Urban,Principal Arterial - Other,State Highway Agency,This section IS ON the NHS,No Special Jurisdiction,Pedestrian,Not a Collision with Motor Vehicle In-Transport,No,Non-Junction,Not an Intersection,On Roadway,,Daylight,Not Reported,No,Not Applicable,39.688425,-104.9404806,DENVER (31),DENVER
80513,2016,1,0,0,3,3,0,3,3,Colorado,November,16,Wednesday,3:00pm-3:59pm,20,State Highway,Urban,Minor Arterial,State Highway Agency,This section IS NOT on the NHS,No Special Jurisdiction,Motor Vehicle In-Transport,Front-to-Rear,No,Intersection-Related,T-Intersection,On Roadway,,Daylight,Not Reported,No,Not Applicable,40.45365,-104.8891528,WELD (123),WINDSOR
80514,2016,1,0,0,1,1,0,1,1,Colorado,November,19,Saturday,3:00am-3:59am,2,County Road,Rural,Minor Collector,County Highway Agency,This section IS NOT on the NHS,No Special Jurisdiction,Tree (Standing Only),Not a Collision with Motor Vehicle In-Transport,No,Non-Junction,Not an Intersection,On Roadside,,Dark - Not Lighted,Not Reported,No,Not Applicable,39.1675,-106.8763889,PITKIN (97),NOT APPLICABLE
80515,2016,2,0,0,1,1,0,2,2,Colorado,November,19,Saturday,1:00am-1:59am,40,State Highway,Rural,Major Collector,State Highway Agency,This section IS NOT on the NHS,No Special Jurisdiction,Rollover/Overturn,Not a Collision with Motor Vehicle In-Transport,No,Non-Junction,Not an Intersection,On Roadside,,Dark - Not Lighted,Clear,No,Not Applicable,40.3692,-104.8696722,WELD (123),NOT APPLICABLE
80516,2016,1,1,1,1,1,0,1,1,Colorado,November,15,Tuesday,10:00pm-10:59pm,52,U.S. Highway,Urban,Principal Arterial - Other,State Highway Agency,This section IS ON the NHS,No Special Jurisdiction,Pedestrian,Not a Collision with Motor Vehicle In-Transport,No,Non-Junction,Not an Intersection,On Roadway,,Dark - Lighted,Not Reported,No,Not Applicable,39.74019444,-104.8784556,ADAMS (1),AURORA
80517,2016,1,0,0,3,3,0,5,5,Colorado,November,17,Thursday,9:00pm-9:59pm,15,U.S. Highway,Urban,Principal Arterial - Other Freeways and Expressways,State Highway Agency,This section IS ON the NHS,No Special Jurisdiction,Motor Vehicle In-Transport,Front-to-Front,No,Non-Junction,Not an Intersection,On Roadway,,Dark - Not Lighted,Snow,No,Not Applicable,40.39269722,-104.7993806,WELD (123),GREELEY
80518,2016,1,0,0,2,2,0,3,3,Colorado,November,17,Thursday,11:00pm-11:59pm,32,Local Street - Municipality,Urban,Principal Arterial - Other,City or Municipal Highway Agency,This section IS ON the NHS,No Special Jurisdiction,Motor Vehicle In-Transport,Angle,No,Intersection,Four-Way Intersection,On Roadway,,Dark - Lighted,Not Reported,No,Not Applicable,38.78175,-104.7576611,EL PASO (41),COLORADO SPGS
80519,2016,1,0,0,2,2,0,3,3,Colorado,November,24,Thursday,3:00am-3:59am,4,Interstate,Rural,Interstate,State Highway Agency,This section IS ON the NHS,No Special Jurisdiction,Motor Vehicle In-Transport,Front-to-Front,No,Non-Junction,Not an Intersection,On Roadway,,Dark - Not Lighted,Not Reported,No,Not Applicable,40.03509444,-104.9804278,WELD (123),NOT APPLICABLE
80520,2016,1,0,0,1,1,0,1,1,Colorado,November,25,Friday,1:00am-1:59am,50,U.S. Highway,Rural,Minor Arterial,State Highway Agency,This section IS NOT on the NHS,No Special Jurisdiction,Rollover/Overturn,Not a Collision with Motor Vehicle In-Transport,No,Non-Junction,Not an Intersection,On Roadside,,Dark - Not Lighted,Not Reported,No,Not Applicable,37.34202778,-104.2705,LAS ANIMAS (71),NOT APPLICABLE
80521,2016,1,1,1,2,1,1,1,1,Colorado,November,25,Friday,1:00pm-1:59pm,50,Interstate,Urban,Interstate,State Highway Agency,This section IS ON the NHS,No Special Jurisdiction,Pedestrian,Not a Collision with Motor Vehicle In-Transport,No,Non-Junction,Not an Intersection,On Shoulder,,Daylight,Not Reported,No,Not Applicable,39.34520556,-104.8735028,DOUGLAS (35),NOT APPLICABLE
80522,2016,1,0,0,1,1,0,2,2,Colorado,November,25,Friday,2:00pm-2:59pm,23,County Road,Rural,Minor Collector,County Highway Agency,This section IS NOT on the NHS,No Special Jurisdiction,Tree (Standing Only),Not a Collision with Motor Vehicle In-Transport,No,Non-Junction,Not an Intersection,Outside Trafficway,,Daylight,Not Reported,No,Not Applicable,39.53681944,-105.3503667,JEFFERSON (59),NOT APPLICABLE
80523,2016,1,0,0,2,2,0,2,2,Colorado,November,29,Tuesday,5:00am-5:59am,25,Local Street - Municipality,Urban,Principal Arterial - Other,City or Municipal Highway Agency,This section IS ON the NHS,No Special Jurisdiction,Motor Vehicle In-Transport,Angle,No,Non-Junction,Not an Intersection,On Roadway,,Dark - Lighted,Not Reported,No,Not Applicable,39.84056944,-104.8981,ADAMS (1),COMMERCE CITY
80524,2016,1,1,1,3,3,0,3,3,Colorado,November,11,Friday,10:00pm-10:59pm,11,Interstate,Urban,Interstate,State Highway Agency,This section IS ON the NHS,No Special Jurisdiction,Pedestrian,Not a Collision with Motor Vehicle In-Transport,Yes,Through Roadway,Not an Intersection,On Roadway,,Dark - Lighted,Not Reported,No,Not Applicable,39.73,-104.8248944,ARAPAHOE (5),AURORA
80525,2016,2,0,0,1,1,0,3,3,Colorado,November,25,Friday,6:00pm-6:59pm,43,Local Street - Municipality,Urban,Local,City or Municipal Highway Agency,This section IS NOT on the NHS,No Special Jurisdiction,Rollover/Overturn,Not a Collision with Motor Vehicle In-Transport,No,Non-Junction,Not an Intersection,On Roadway,,Dark - Lighted,Not Reported,No,Not Applicable,39.754675,-104.7275583,ADAMS (1),AURORA
80526,2016,1,1,1,1,1,0,1,1,Colorado,November,30,Wednesday,5:00pm-5:59pm,20,U.S. Highway,Urban,Principal Arterial - Other,State Highway Agency,This section IS ON the NHS,No Special Jurisdiction,Pedalcyclist,Not a Collision with Motor Vehicle In-Transport,No,Intersection-Related,Four-Way Intersection,On Roadway,,Dark - Lighted,Not Reported,No,Not Applicable,40.01452222,-105.2582278,BOULDER (13),BOULDER
80527,2016,1,0,0,2,2,0,2,2,Colorado,November,11,Friday,1:00pm-1:59pm,32,Local Street - Municipality,Urban,Minor Arterial,City or Municipal Highway Agency,This section IS NOT on the NHS,No Special Jurisdiction,Motor Vehicle In-Transport,Angle,No,Intersection,T-Intersection,On Roadway,,Daylight,Not Reported,No,Not Applicable,38.24768889,-104.6438861,PUEBLO (101),PUEBLO
80528,2016,1,0,0,2,2,0,3,3,Colorado,November,16,Wednesday,5:00pm-5:59pm,19,State Highway,Urban,Principal Arterial - Other Freeways and Expressways,State Highway Agency,This section IS ON the NHS,No Special Jurisdiction,Motor Vehicle In-Transport,Front-to-Rear,No,Non-Junction,Not an Intersection,On Roadway,,Dusk,Not Reported,No,Not Applicable,38.93245278,-104.7200889,EL PASO (41),COLORADO SPGS
80529,2016,1,0,0,1,1,0,1,1,Colorado,August,11,Thursday,6:00pm-6:59pm,10,County Road,Urban,Local,County Highway Agency,This section IS NOT on the NHS,No Special Jurisdiction,Fence,Not a Collision with Motor Vehicle In-Transport,No,Intersection-Related,T-Intersection,Outside Trafficway,,Daylight,Clear,No,Not Applicable,40.37869444,-105.1723528,LARIMER (69),NOT APPLICABLE
80530,2016,1,0,0,1,1,0,1,1,Colorado,September,27,Tuesday,9:00pm-9:59pm,20,U.S. Highway,Urban,Principal Arterial - Other,State Highway Agency,This section IS ON the NHS,No Special Jurisdiction,Traffic Sign Support,Not a Collision with Motor Vehicle In-Transport,No,Non-Junction,Not an Intersection,On Roadside,,Dark - Not Lighted,Not Reported,No,Not Applicable,40.36638889,-105.0734611,LARIMER (69),LOVELAND