ST_CASE,YEAR,FATALS,PEDS,PERNOTMVIT,VE_TOTAL,VE_FORMS,PVH_INVL,PERSONS,PERMVIT,STATENAME,MONTHNAME,DAYNAME,DAY_WEEKNAME,HOURNAME,MINUTENAME,ROUTENAME,RUR_URBNAME,FUNC_SYSNAME,RD_OWNERNAME,NHSNAME,SP_JURNAME,HARM_EVNAME,MAN_COLLNAME,RELJCT1NAME,RELJCT2NAME,TYP_INTNAME,REL_ROADNAME,WRK_ZONENAME,LGT_CONDNAME,WEATHERNAME,SCH_BUSNAME,RAILNAME,LATITUDE,LONGITUD,COUNTYNAME,CITYNAME
80531,2016,1,0,0,1,1,0,1,1,Colorado,December,2,Friday,0:00am-0:59am,57,Interstate,Urban,Interstate,State Highway Agency,This section IS ON the NHS,No Special Jurisdiction,Embankment,Not a Collision with Motor Vehicle In-Transport,Yes,Entrance/Exit Ramp Related,Not an Intersection,On Roadside,,Dark - Lighted,Not Reported,No,Not Applicable,39.82194444,-104.9609167,ADAMS (1),NOT APPLICABLE
80532,2016,1,0,0,1,1,0,2,2,Colorado,December,5,Monday,5:00pm-5:59pm,56,Local Street - Municipality,Urban,Minor Arterial,City or Municipal Highway Agency,This section IS NOT on the NHS,No Special Jurisdiction,Utility Pole/Light Support,Not a Collision with Motor Vehicle In-Transport,No,Non-Junction,Not an Intersection,On Roadside,,Dusk,Not Reported,No,Not Applicable,39.98076667,-105.0201667,BROOMFIELD (14),BROOMFIELD
80533,2016,1,1,1,1,1,0,3,3,Colorado,December,4,Sunday,7:00pm-7:59pm,57,Local Street - Municipality,Urban,Principal Arterial - Other,City or Municipal Highway Agency,This section IS ON the NHS,No Special Jurisdiction,Pedestrian,Not a Collision with Motor Vehicle In-Transport,No,Intersection-Related,T-Intersection,On Roadway,,Dark - Lighted,Not Reported,No,Not Applicable,38.84988889,-104.7574444,EL PASO (41),COLORADO SPGS
80534,2016,1,1,1,1,1,0,1,1,Colorado,December,3,Saturday,11:00am-11:59am,42,U.S. Highway,Urban,Principal Arterial - Other,State Highway Agency,This section IS ON the NHS,No Special Jurisdiction,Curb,Not a Collision with Motor Vehicle In-Transport,No,Intersection-Related,Four-Way Intersection,On Roadside,,Daylight,Not Reported,No,Not Applicable,39.89972222,-105.0248,ADAMS (1),WESTMINSTER
80535,2016,2,0,0,4,4,0,5,5,Colorado,December,8,Thursday,2:00pm-2:59pm,48,U.S. Highway,Urban,Principal Arterial - Other,State Highway Agency,This section IS ON the NHS,No Special Jurisdiction,Motor Vehicle In-Transport,Front-to-Rear,No,Intersection-Related,Four-Way Intersection,On Roadway,,Daylight,Not Reported,No,Not Applicable,39.98646667,-105.0983667,BOULDER (13),LAFAYETTE
80536,2016,1,1,1,1,1,0,1,1,Colorado,December,9,Friday,9:00pm-9:59pm,50,U.S. Highway,Urban,Principal Arterial - Other,State Highway Agency,This section IS ON the NHS,No Special Jurisdiction,Pedestrian,Not a Collision with Motor Vehicle In-Transport,No,Intersection-Related,Four-Way Intersection,On Roadway,,Dark - Lighted,Not Reported,No,Not Applicable,40.50453333,-105.0775444,LARIMER (69),FORT COLLINS
80537,2016,1,0,0,2,2,0,4,4,Colorado,December,10,Saturday,5:00pm-5:59pm,29,State Highway,Urban,Principal Arterial - Other,State Highway Agency,This section IS ON the NHS,No Special Jurisdiction,Motor Vehicle In-Transport,Angle,No,Intersection,Four-Way Intersection,On Roadway,,Dark - Lighted,Not Reported,No,Not Applicable,39.71124444,-105.0086611,DENVER (31),DENVER
80538,2016,1,0,0,1,1,0,1,1,Colorado,December,13,Tuesday,0:00am-0:59am,45,U.S. Highway,Rural,Principal Arterial - Other,State Highway Agency,This section IS ON the NHS,No Special Jurisdiction,Traffic Sign Support,Not a Collision with Motor Vehicle In-Transport,No,Non-Junction,Not an Intersection,On Roadside,,Dark - Not Lighted,Not Reported,No,Not Applicable,39.27655556,-105.9445833,PARK (93),NOT APPLICABLE
80539,2016,1,1,1,1,1,0,1,1,Colorado,December,20,Tuesday,6:00pm-6:59pm,5,U.S. Highway,Urban,Principal Arterial - Other,State Highway Agency,This section IS ON the NHS,No Special Jurisdiction,Pedalcyclist,Not a Collision with Motor Vehicle In-Transport,No,Driveway Access Related,Not an Intersection,On Roadway,,Dark - Not Lighted,Not Reported,No,Not Applicable,37.48177222,-105.9103,ALAMOSA (3),NOT APPLICABLE
80540,2016,1,0,0,1,1,0,3,3,Colorado,December,15,Thursday,3:00am-3:59am,31,Interstate,Urban,Interstate,State Highway Agency,This section IS ON the NHS,No Special Jurisdiction,Live Animal,Not a Collision with Motor Vehicle In-Transport,No,Non-Junction,Not an Intersection,On Roadway,,Dark - Not Lighted,Not Reported,No,Not Applicable,38.41296111,-104.6124417,PUEBLO (101),NOT APPLICABLE
80541,2016,1,0,0,1,1,0,1,1,Colorado,December,15,Thursday,9:00pm-9:59pm,25,County Road,Rural,Major Collector,County Highway Agency,This section IS NOT on the NHS,No Special Jurisdiction,Traffic Sign Support,Not a Collision with Motor Vehicle In-Transport,No,Intersection-Related,Y-Intersection,On Roadside,,Dark - Not Lighted,Not Reported,No,Not Applicable,40.42841111,-104.54785,WELD (123),NOT APPLICABLE
80542,2016,1,1,1,1,1,0,1,1,Colorado,December,21,Wednesday,6:00pm-6:59pm,45,Local Street - Municipality,Urban,Minor Arterial,City or Municipal Highway Agency,This section IS NOT on the NHS,No Special Jurisdiction,Non-Motorist on Personal Conveyance,Not a Collision with Motor Vehicle In-Transport,No,Intersection,T-Intersection,On Roadway,,Dark - Lighted,Not Reported,No,Not Applicable,39.63863889,-104.8926667,DENVER (31),DENVER
80543,2016,2,0,0,3,3,0,4,4,Colorado,December,22,Thursday,1:00pm-1:59pm,22,Interstate,Urban,Interstate,State Highway Agency,This section IS ON the NHS,No Special Jurisdiction,Motor Vehicle In-Transport,Sideswipe - Same Direction,No,Non-Junction,Not an Intersection,On Roadway,,Daylight,Not Reported,No,Not Applicable,39.12071667,-104.8652778,EL PASO (41),NOT APPLICABLE
80544,2016,1,0,0,2,2,0,3,3,Colorado,December,22,Thursday,2:00pm-2:59pm,22,Local Street - Municipality,Urban,Minor Arterial,City or Municipal Highway Agency,This section IS NOT on the NHS,No Special Jurisdiction,Motor Vehicle In-Transport,Angle,No,Intersection,Four-Way Intersection,On Roadway,,Daylight,Not Reported,No,Not Applicable,40.00016667,-105.2252889,BOULDER (13),BOULDER
80545,2016,3,0,0,2,2,0,3,3,Colorado,December,22,Thursday,10:00pm-10:59pm,35,Interstate,Rural,Interstate,State Highway Agency,This section IS ON the NHS,No Special Jurisdiction,Motor Vehicle In-Transport,Front-to-Front,No,Non-Junction,Not an Intersection,On Roadway,,Dark - Not Lighted,Not Reported,No,Not Applicable,38.41558056,-104.6114833,PUEBLO (101),NOT APPLICABLE
80546,2016,1,0,0,1,1,0,1,1,Colorado,December,22,Thursday,11:00pm-11:59pm,25,State Highway,Rural,Minor Arterial,State Highway Agency,This section IS NOT on the NHS,No Special Jurisdiction,Rollover/Overturn,Not a Collision with Motor Vehicle In-Transport,No,Non-Junction,Not an Intersection,On Roadside,,Dark - Not Lighted,Not Reported,No,Not Applicable,40.07333333,-104.2945694,WELD (123),NOT APPLICABLE
80547,2016,1,0,0,1,1,0,4,4,Colorado,December,23,Friday,8:00am-8:59am,0,Interstate,Rural,Interstate,State Highway Agency,This section IS ON the NHS,No Special Jurisdiction,Rollover/Overturn,Not a Collision with Motor Vehicle In-Transport,No,Non-Junction,Not an Intersection,On Median,,Daylight,Not Reported,No,Not Applicable,40.71572222,-103.0431667,LOGAN (75),NOT APPLICABLE
80548,2016,1,0,0,2,2,0,3,3,Colorado,December,23,Friday,8:00pm-8:59pm,10,County Road,Rural,Major Collector,County Highway Agency,This section IS NOT on the NHS,No Special Jurisdiction,Motor Vehicle In-Transport,Sideswipe - Same Direction,No,Non-Junction,Not an Intersection,On Roadway,,Dark - Not Lighted,Clear,No,Not Applicable,40.00039444,-104.8588889,ADAMS (1),NOT APPLICABLE
80549,2016,1,0,0,2,2,0,2,2,Colorado,December,24,Saturday,8:00pm-8:59pm,18,U.S. Highway,Urban,Principal Arterial - Other,State Highway Agency,This section IS ON the NHS,No Special Jurisdiction,Motor Vehicle In-Transport,Front-to-Rear,No,Intersection-Related,Four-Way Intersection,On Roadway,,Dark - Lighted,Not Reported,No,Not Applicable,40.51548056,-105.0773222,LARIMER (69),FORT COLLINS
80550,2016,1,0,0,1,1,0,3,3,Colorado,December,26,Monday,5:00am-5:59am,53,Interstate,Rural,Interstate,State Highway Agency,This section IS ON the NHS,No Special Jurisdiction,Rollover/Overturn,Not a Collision with Motor Vehicle In-Transport,No,Non-Junction,Not an Intersection,On Median,,Dark - Not Lighted,Snow,No,Not Applicable,39.39111111,-108.1302778,GARFIELD (45),NOT APPLICABLE
80551,2016,1,0,0,1,1,0,4,4,Colorado,December,27,Tuesday,7:00am-7:59am,20,Interstate,Urban,Interstate,State Highway Agency,This section IS ON the NHS,No Special Jurisdiction,Guardrail Face,Not a Collision with Motor Vehicle In-Transport,No,Non-Junction,Not an Intersection,On Roadside,,Daylight,Clear,No,Not Applicable,39.82465833,-104.9586111,ADAMS (1),NOT APPLICABLE
80552,2016,1,0,0,5,5,0,9,9,Colorado,December,28,Wednesday,12:00pm-12:59pm,15,U.S. Highway,Rural,Principal Arterial - Other,State Highway Agency,This section IS ON the NHS,No Special Jurisdiction,Motor Vehicle In-Transport,Sideswipe - Opposite Direction,No,Non-Junction,Not an Intersection,On Roadway,,Daylight,Not Reported,No,Not Applicable,37.58522778,-105.2616444,COSTILLA (23),NOT APPLICABLE
80553,2016,1,0,0,2,2,0,2,2,Colorado,December,29,Thursday,8:00am-8:59am,11,County Road,Rural,Major Collector,County Highway Agency,This section IS NOT on the NHS,No Special Jurisdiction,Motor Vehicle In-Transport,Angle,No,Intersection,Four-Way Intersection,On Roadway,,Daylight,Not Reported,No,Not Applicable,38.79525,-104.3687806,EL PASO (41),NOT APPLICABLE
80554,2016,1,0,0,1,1,0,1,1,Colorado,December,26,Monday,1:00pm-1:59pm,15,County Road,Rural,Major Collector,County Highway Agency,This section IS NOT on the NHS,No Special Jurisdiction,Other Fixed Object,Not a Collision with Motor Vehicle In-Transport,No,Intersection-Related,Four-Way Intersection,On Roadside,,Daylight,Not Reported,No,Not Applicable,40.37753056,-104.6209139,WELD (123),NOT APPLICABLE
80555,2016,1,0,0,1,1,0,1,1,Colorado,December,30,Friday,6:00pm-6:59pm,38,County Road,Urban,Local,County Highway Agency,This section IS NOT on the NHS,No Special Jurisdiction,Rollover/Overturn,Not a Collision with Motor Vehicle In-Transport,No,Non-Junction,Not an Intersection,On Roadside,,Dark - Not Lighted,Not Reported,No,Not Applicable,39.73741667,-105.1476667,JEFFERSON (59),NOT APPLICABLE
80556,2016,1,1,1,1,1,0,2,2,Colorado,December,30,Friday,9:00pm-9:59pm,32,U.S. Highway,Urban,Principal Arterial - Other,State Highway Agency,This section IS ON the NHS,No Special Jurisdiction,Pedestrian,Not a Collision with Motor Vehicle In-Transport,No,Non-Junction,Not an Intersection,On Roadway,,Dark - Lighted,Not Reported,No,Not Applicable,39.74018889,-104.8512472,ADAMS (1),AURORA
80557,2016,1,0,0,2,2,0,3,3,Colorado,December,23,Friday,6:00pm-6:59pm,40,Local Street - Municipality,Urban,Principal Arterial - Other,City or Municipal Highway Agency,This section IS ON the NHS,No Special Jurisdiction,Motor Vehicle In-Transport,Sideswipe - Same Direction,No,Intersection,T-Intersection,On Roadway,,Dark - Lighted,Not Reported,No,Not Applicable,38.84975,-104.7942111,EL PASO (41),COLORADO SPGS
80558,2016,1,0,0,3,3,0,6,6,Colorado,December,26,Monday,7:00pm-7:59pm,22,Interstate,Rural,Interstate,State Highway Agency,This section IS ON the NHS,No Special Jurisdiction,Motor Vehicle In-Transport,Sideswipe - Opposite Direction,No,Non-Junction,Not an Intersection,On Roadway,,Dark - Not Lighted,Not Reported,No,Not Applicable,38.16992778,-104.6368444,PUEBLO (101),NOT APPLICABLE
80559,2016,1,0,0,2,2,0,2,2,Colorado,August,7,Sunday,2:00pm-2:59pm,44,Local Street - Municipality,Urban,Minor Arterial,City or Municipal Highway Agency,This section IS NOT on the NHS,No Special Jurisdiction,Guardrail End,Not a Collision with Motor Vehicle In-Transport,No,Non-Junction,Not an Intersection,On Roadside,,Daylight,Not Reported,No,Not Applicable,39.08956667,-108.6232222,MESA (77),GRAND JUNCTION
80001,2017,1,0,0,3,3,0,5,5,Colorado,January,2,Monday,1:00pm-1:59pm,9,U.S. Highway,Rural,Principal Arterial - Other,State Highway Agency,This section IS ON the NHS,No Special Jurisdiction,Motor Vehicle In-Transport,Front-to-Rear,No,Intersection-Related,T-Intersection,On Roadway,,Daylight,Not Reported,No,Not Applicable,39.48729167,-104.9960972,DOUGLAS (35),NOT APPLICABLE
80002,2017,1,0,0,2,2,0,3,3,Colorado,January,1,Sunday,2:00pm-2:59pm,13,U.S. Highway,Urban,Principal Arterial - Other,State Highway Agency,This section IS ON the NHS,No Special Jurisdiction,Motor Vehicle In-Transport,Angle,No,Intersection-Related,T-Intersection,On Roadway,,Daylight,Clear,No,Not Applicable,40.13520556,-105.1025417,BOULDER (13),LONGMONT
80003,2017,1,0,0,2,2,0,2,2,Colorado,January,7,Saturday,10:00am-10:59am,33,Local Street - Municipality,Urban,Minor Arterial,City or Municipal Highway Agency,This section IS NOT on the NHS,No Special Jurisdiction,Motor Vehicle In-Transport,Front-to-Front,No,Non-Junction,Not an Intersection,On Roadway,,Daylight,Not Reported,No,Not Applicable,40.53806389,-105.0635611,LARIMER (69),FORT COLLINS
80004,2017,1,0,0,2,2,0,3,3,Colorado,January,8,Sunday,6:00pm-6:59pm,2,Local Street - Municipality,Rural,Major Collector,City or Municipal Highway Agency,This section IS NOT on the NHS,No Special Jurisdiction,Bridge Rail (Includes parapet),Not a Collision with Motor Vehicle In-Transport,No,Non-Junction,Not an Intersection,On Roadside,,Dark - Not Lighted,Not Reported,No,Not Applicable,39.97861111,-104.9593972,ADAMS (1),THORNTON
80005,2017,1,1,1,1,1,0,1,1,Colorado,January,8,Sunday,8:00pm-8:59pm,20,County Road,Rural,Major Collector,County Highway Agency,This section IS NOT on the NHS,No Special Jurisdiction,Pedestrian,Not a Collision with Motor Vehicle In-Transport,No,Driveway Access Related,Not an Intersection,On Roadway,,Dark - Not Lighted,Not Reported,No,Not Applicable,38.73338611,-106.1589889,CHAFFEE (15),NOT APPLICABLE
80006,2017,1,0,0,3,3,0,3,3,Colorado,January,9,Monday,7:00am-7:59am,25,U.S. Highway,Rural,Principal Arterial - Other,State Highway Agency,This section IS ON the NHS,No Special Jurisdiction,Motor Vehicle In-Transport,Angle,No,Non-Junction,Not an Intersection,On Roadway,,Daylight,Rain,No,Not Applicable,39.97555556,-105.82665,GRAND (49),NOT APPLICABLE
80007,2017,1,0,0,2,2,0,2,2,Colorado,January,10,Tuesday,6:00am-6:59am,49,U.S. Highway,Rural,Principal Arterial - Other,State Highway Agency,This section IS ON the NHS,No Special Jurisdiction,Motor Vehicle In-Transport,Angle,No,Non-Junction,Not an Intersection,On Roadway,,Dark - Not Lighted,Cloudy,No,Not Applicable,38.58556667,-107.9672861,MONTROSE (85),NOT APPLICABLE
80008,2017,1,0,0,4,4,0,4,4,Colorado,January,11,Wednesday,1:00pm-1:59pm,50,State Highway,Urban,Principal Arterial - Other,State Highway Agency,This section IS ON the NHS,No Special Jurisdiction,Motor Vehicle In-Transport,Sideswipe - Same Direction,No,Intersection-Related,Four-Way Intersection,On Roadway,,Daylight,Not Reported,No,Not Applicable,39.66737222,-104.8661139,DENVER (31),DENVER
80009,2017,1,0,0,1,1,0,2,2,Colorado,January,13,Friday,2:00am-2:59am,49,Interstate,Rural,Interstate,State Highway Agency,This section IS ON the NHS,No Special Jurisdiction,Guardrail Face,Not a Collision with Motor Vehicle In-Transport,No,Non-Junction,Not an Intersection,On Median,,Dark - Not Lighted,Not Reported,No,Not Applicable,37.93821667,-104.8136111,PUEBLO (101),NOT APPLICABLE
80010,2017,1,0,0,2,2,0,2,2,Colorado,January,13,Friday,3:00pm-3:59pm,52,Interstate,Rural,Interstate,State Highway Agency,This section IS ON the NHS,No Special Jurisdiction,Motor Vehicle In-Transport,Angle,No,Crossover-Related,Not an Intersection,On Shoulder,,Daylight,Not Reported,No,Not Applicable,39.28895833,-104.8958083,DOUGLAS (35),NOT APPLICABLE
80011,2017,1,0,0,1,1,0,1,1,Colorado,January,14,Saturday,9:00am-9:59am,41,County Road,Urban,Local,County Highway Agency,This section IS NOT on the NHS,No Special Jurisdiction,Curb,Not a Collision with Motor Vehicle In-Transport,No,Non-Junction,Not an Intersection,On Median,,Daylight,Not Reported,No,Not Applicable,39.56218889,-105.0209056,DOUGLAS (35),NOT APPLICABLE
80012,2017,1,0,0,2,2,0,3,3,Colorado,January,14,Saturday,2:00pm-2:59pm,17,County Road,Urban,Local,County Highway Agency,This section IS NOT on the NHS,No Special Jurisdiction,Motor Vehicle In-Transport,Sideswipe - Opposite Direction,No,Non-Junction,Not an Intersection,On Roadway,,Daylight,Not Reported,No,Not Applicable,39.0953,-108.4570056,MESA (77),NOT APPLICABLE
80013,2017,1,0,0,2,2,0,3,3,Colorado,January,16,Monday,5:00pm-5:59pm,56,Local Street - Municipality,Urban,Minor Arterial,City or Municipal Highway Agency,This section IS NOT on the NHS,No Special Jurisdiction,Motor Vehicle In-Transport,Front-to-Front,No,Non-Junction,Not an Intersection,On Roadway,,Dark - Lighted,Not Reported,No,Not Applicable,40.43388333,-104.7350194,WELD (123),GREELEY
80014,2017,1,0,0,2,2,0,3,3,Colorado,January,16,Monday,9:00pm-9:59pm,30,U.S. Highway,Rural,Principal Arterial - Other,State Highway Agency,This section IS ON the NHS,No Special Jurisdiction,Motor Vehicle In-Transport,Angle,No,Non-Junction,Not an Intersection,On Roadway,,Dark - Not Lighted,Snow,No,Not Applicable,37.375275,-105.9197056,ALAMOSA (3),NOT APPLICABLE
80015,2017,2,0,0,1,1,0,2,2,Colorado,January,17,Tuesday,9:00pm-9:59pm,0,State Highway,Urban,Principal Arterial - Other,State Highway Agency,This section IS ON the NHS,No Special Jurisdiction,Tree (Standing Only),Not a Collision with Motor Vehicle In-Transport,No,Non-Junction,Not an Intersection,Outside Trafficway,,Dark - Not Lighted,Not Reported,No,Not Applicable,39.65283611,-105.3073417,JEFFERSON (59),NOT APPLICABLE
80016,2017,1,0,0,3,2,1,2,2,Colorado,January,18,Wednesday,9:00am-9:59am,37,U.S. Highway,Urban,Principal Arterial - Other Freeways and Expressways,State Highway Agency,This section IS ON the NHS,No Special Jurisdiction,Cable Barrier,Not a Collision with Motor Vehicle In-Transport,No,Non-Junction,Not an Intersection,On Median,,Daylight,Not Reported,No,Not Applicable,39.65310556,-105.11755,JEFFERSON (59),LAKEWOOD
80017,2017,1,0,0,1,1,0,3,3,Colorado,January,19,Thursday,3:00am-3:59am,20,Local Street - Frontage Road,Rural,Interstate,State Highway Agency,This section IS ON the NHS,No Special Jurisdiction,Rollover/Overturn,Not a Collision with Motor Vehicle In-Transport,No,Non-Junction,Not an Intersection,Separator,,Dark - Not Lighted,Clear,No,Not Applicable,40.24361111,-103.9198333,MORGAN (87),NOT APPLICABLE
80018,2017,1,1,1,1,1,0,1,1,Colorado,January,15,Sunday,2:00am-2:59am,15,Local Street - Municipality,Urban,Minor Arterial,City or Municipal Highway Agency,This section IS NOT on the NHS,No Special Jurisdiction,Pedestrian,Not a Collision with Motor Vehicle In-Transport,No,Intersection-Related,Four-Way Intersection,On Roadway,,Dark - Lighted,Not Reported,No,Not Applicable,39.75048333,-104.9992056,DENVER (31),DENVER
80019,2017,1,0,0,3,3,0,3,3,Colorado,January,22,Sunday,9:00pm-9:59pm,14,Interstate,Urban,Interstate,State Highway Agency,This section IS ON the NHS,No Special Jurisdiction,Motor Vehicle In-Transport,Front-to-Rear,No,Non-Junction,Not an Intersection,On Shoulder,,Dark - Lighted,Not Reported,No,Not Applicable,39.79430556,-104.9875056,ADAMS (1),NOT APPLICABLE
80020,2017,1,0,0,3,3,0,5,5,Colorado,January,22,Sunday,9:00pm-9:59pm,55,U.S. Highway,Urban,Principal Arterial - Other Freeways and Expressways,State Highway Agency,This section IS ON the NHS,No Special Jurisdiction,Motor Vehicle In-Transport,Front-to-Rear,Yes,Through Roadway,Not an Intersection,On Roadway,,Dark - Lighted,Not Reported,No,Not Applicable,39.65334722,-105.0541667,DENVER (31),DENVER
80021,2017,1,1,1,1,1,0,1,1,Colorado,January,23,Monday,6:00am-6:59am,20,County Road,Urban,Major Collector,County Highway Agency,This section IS NOT on the NHS,No Special Jurisdiction,Pedestrian,Not a Collision with Motor Vehicle In-Transport,No,Non-Junction,Not an Intersection,On Roadway,,Dark - Lighted,Not Reported,No,Not Applicable,39.79254167,-105.0158917,ADAMS (1),NOT APPLICABLE
80022,2017,2,0,0,1,1,0,5,5,Colorado,January,24,Tuesday,3:00pm-3:59pm,25,County Road,Rural,Local,County Highway Agency,This section IS NOT on the NHS,No Special Jurisdiction,Rollover/Overturn,Not a Collision with Motor Vehicle In-Transport,No,Non-Junction,Not an Intersection,Outside Trafficway,,Daylight,Cloudy,No,Not Applicable,39.76675,-104.4583333,ADAMS (1),NOT APPLICABLE
80023,2017,1,2,2,1,1,0,1,1,Colorado,January,24,Tuesday,7:00pm-7:59pm,47,Local Street - Municipality,Urban,Principal Arterial - Other,City or Municipal Highway Agency,This section IS ON the NHS,No Special Jurisdiction,Pedestrian,Not a Collision with Motor Vehicle In-Transport,No,Intersection-Related,Four-Way Intersection,On Roadway,,Dark - Lighted,Not Reported,No,Not Applicable,38.88249444,-104.7568806,EL PASO (41),COLORADO SPGS
80024,2017,1,0,0,1,1,0,1,1,Colorado,January,25,Wednesday,1:00pm-1:59pm,23,State Highway,Rural,Principal Arterial - Other,State Highway Agency,This section IS ON the NHS,No Special Jurisdiction,Embankment,Not a Collision with Motor Vehicle In-Transport,No,Non-Junction,Not an Intersection,On Roadside,,Daylight,Not Reported,No,Not Applicable,40.08062222,-104.6673583,WELD (123),NOT APPLICABLE
80026,2017,1,1,1,1,1,0,1,1,Colorado,January,24,Tuesday,9:00pm-9:59pm,48,Local Street - Municipality,Urban,Principal Arterial - Other,City or Municipal Highway Agency,This section IS ON the NHS,No Special Jurisdiction,Pedestrian,Not a Collision with Motor Vehicle In-Transport,Yes,Intersection-Related,Four-Way Intersection,On Roadway,,Dark - Lighted,Not Reported,No,Not Applicable,39.69654444,-104.8284167,ARAPAHOE (5),AURORA
80027,2017,1,0,0,1,1,0,2,2,Colorado,January,27,Friday,0:00am-0:59am,15,County Road,Urban,Minor Arterial,County Highway Agency,This section IS NOT on the NHS,No Special Jurisdiction,Guardrail Face,Not a Collision with Motor Vehicle In-Transport,No,Non-Junction,Not an Intersection,On Roadside,,Dark - Lighted,Not Reported,No,Not Applicable,39.82795556,-104.9590389,ADAMS (1),NOT APPLICABLE
80028,2017,1,1,1,1,1,0,1,1,Colorado,January,27,Friday,7:00pm-7:59pm,17,U.S. Highway,Rural,Principal Arterial - Other,State Highway Agency,This section IS ON the NHS,No Special Jurisdiction,Pedestrian,Not a Collision with Motor Vehicle In-Transport,No,Non-Junction,Not an Intersection,On Roadway,,Dark - Not Lighted,Not Reported,No,Not Applicable,38.45570556,-105.8422056,FREMONT (43),NOT APPLICABLE
80029,2017,1,0,0,2,2,0,3,3,Colorado,January,29,Sunday,2:00pm-2:59pm,28,State Highway,Urban,Principal Arterial - Other,State Highway Agency,This section IS ON the NHS,No Special Jurisdiction,Motor Vehicle In-Transport,Angle,No,Intersection,Four-Way Intersection,On Roadway,,Daylight,Not Reported,No,Not Applicable,39.70044444,-105.0251806,DENVER (31),DENVER
80030,2017,1,1,1,1,1,0,2,2,Colorado,January,26,Thursday,6:00am-6:59am,39,State Highway,Urban,Principal Arterial - Other,State Highway Agency,This section IS ON the NHS,No Special Jurisdiction,Pedestrian,Not a Collision with Motor Vehicle In-Transport,No,Intersection-Related,Four-Way Intersection,On Roadway,,Dark - Lighted,Not Reported,No,Not Applicable,39.73786667,-105.0250667,DENVER (31),DENVER
80031,2017,1,0,0,1,1,0,1,1,Colorado,January,29,Sunday,7:00pm-7:59pm,23,U.S. Highway,Urban,Principal Arterial - Other Freeways and Expressways,State Highway Agency,This section IS ON the NHS,No Special Jurisdiction,Traffic Sign Support,Not a Collision with Motor Vehicle In-Transport,No,Non-Junction,Not an Intersection,On Median,,Dark - Not Lighted,Not Reported,No,Not Applicable,39.98173611,-104.8250694,ADAMS (1),BRIGHTON
80032,2017,1,0,0,1,1,0,1,1,Colorado,January,31,Tuesday,4:00am-4:59am,37,County Road,Urban,Principal Arterial - Other,County Highway Agency,This section IS ON the NHS,No Special Jurisdiction,Traffic Sign Support,Not a Collision with Motor Vehicle In-Transport,No,Non-Junction,Not an Intersection,On Roadside,,Dark - Lighted,Not Reported,No,Not Applicable,39.81512778,-104.9782278,ADAMS (1),NOT APPLICABLE
80033,2017,1,1,1,1,1,0,1,1,Colorado,January,17,Tuesday,5:00pm-5:59pm,50,U.S. Highway,Urban,Principal Arterial - Other,State Highway Agency,This section IS ON the NHS,No Special Jurisdiction,Pedestrian,Not a Collision with Motor Vehicle In-Transport,No,Non-Junction,Not an Intersection,On Roadway,,Dark - Lighted,Not Reported,No,Not Applicable,39.74006111,-104.8714361,ARAPAHOE (5),AURORA
80034,2017,1,0,0,2,2,0,2,2,Colorado,January,31,Tuesday,2:00pm-2:59pm,49,County Road,Rural,Major Collector,County Highway Agency,This section IS NOT on the NHS,No Special Jurisdiction,Motor Vehicle In-Transport,Angle,No,Intersection,Four-Way Intersection,On Roadway,,Daylight,Not Reported,No,Not Applicable,40.23373611,-104.9417722,WELD (123),NOT APPLICABLE
80035,2017,1,0,0,1,1,0,1,1,Colorado,January,11,Wednesday,7:00pm-7:59pm,24,State Highway,Urban,Minor Arterial,State Highway Agency,This section IS NOT on the NHS,No Special Jurisdiction,"Post, Pole or Other Supports",Not a Collision with Motor Vehicle In-Transport,No,Non-Junction,Not an Intersection,On Roadside,,Dark - Not Lighted,Not Reported,No,Not Applicable,38.2255,-104.6788778,PUEBLO (101),PUEBLO
80036,2017,1,0,0,2,2,0,2,2,Colorado,January,19,Thursday,4:00pm-4:59pm,11,Local Street - Municipality,Urban,Minor Arterial,City or Municipal Highway Agency,This section IS NOT on the NHS,No Special Jurisdiction,Motor Vehicle In-Transport,Angle,No,Intersection,Four-Way Intersection,On Roadway,,Daylight,Not Reported,No,Not Applicable,38.22602778,-104.6436694,PUEBLO (101),PUEBLO
80037,2017,1,0,0,3,3,0,3,3,Colorado,January,25,Wednesday,4:00pm-4:59pm,36,County Road,Urban,Principal Arterial - Other,County Highway Agency,This section IS ON the NHS,No Special Jurisdiction,Motor Vehicle In-Transport,Angle,No,Intersection,Four-Way Intersection,On Roadway,,Daylight,Not Reported,No,Not Applicable,39.54402778,-104.9712444,DOUGLAS (35),NOT APPLICABLE
80038,2017,2,0,0,2,2,0,3,3,Colorado,January,16,Monday,7:00am-7:59am,48,State Highway,Rural,Major Collector,State Highway Agency,This section IS NOT on the NHS,No Special Jurisdiction,Motor Vehicle In-Transport,Angle,No,Non-Junction,Not an Intersection,On Roadway,,Daylight,Snow,No,Not Applicable,40.37285,-104.8697833,WELD (123),MILLIKEN
80039,2017,1,0,0,1,1,0,1,1,Colorado,February,1,Wednesday,3:00pm-3:59pm,3,State Highway,Rural,Major Collector,State Highway Agency,This section IS NOT on the NHS,No Special Jurisdiction,Rollover/Overturn,Not a Collision with Motor Vehicle In-Transport,No,Non-Junction,Not an Intersection,On Roadside,,Daylight,Freezing Rain or Drizzle,No,Not Applicable,40.47898889,-104.6497222,WELD (123),NOT APPLICABLE