ST_CASE,YEAR,FATALS,PEDS,PERNOTMVIT,VE_TOTAL,VE_FORMS,PVH_INVL,PERSONS,PERMVIT,STATENAME,MONTHNAME,DAYNAME,DAY_WEEKNAME,HOURNAME,MINUTENAME,ROUTENAME,RUR_URBNAME,FUNC_SYSNAME,RD_OWNERNAME,NHSNAME,SP_JURNAME,HARM_EVNAME,MAN_COLLNAME,RELJCT1NAME,RELJCT2NAME,TYP_INTNAME,REL_ROADNAME,WRK_ZONENAME,LGT_CONDNAME,WEATHERNAME,SCH_BUSNAME,RAILNAME,LATITUDE,LONGITUD,COUNTYNAME,CITYNAME
80040,2017,1,0,0,2,2,0,4,4,Colorado,February,1,Wednesday,3:00pm-3:59pm,11,State Highway,Rural,Principal Arterial - Other,State Highway Agency,This section IS ON the NHS,No Special Jurisdiction,"Post, Pole or Other Supports",Not a Collision with Motor Vehicle In-Transport,No,Non-Junction,Not an Intersection,On Roadside,,Daylight,Freezing Rain or Drizzle,No,Not Applicable,40.58235556,-104.782,WELD (123),NOT APPLICABLE
80041,2017,1,0,0,2,2,0,8,8,Colorado,February,1,Wednesday,4:00pm-4:59pm,3,State Highway,Rural,Major Collector,State Highway Agency,This section IS NOT on the NHS,No Special Jurisdiction,Motor Vehicle In-Transport,Front-to-Front,No,Non-Junction,Not an Intersection,On Roadway,,Daylight,Sleet or Hail,No,Not Applicable,40.4319,-103.7997944,MORGAN (87),NOT APPLICABLE
80042,2017,1,0,0,2,2,0,2,2,Colorado,February,1,Wednesday,4:00pm-4:59pm,40,U.S. Highway,Rural,Principal Arterial - Other,State Highway Agency,This section IS ON the NHS,No Special Jurisdiction,Motor Vehicle In-Transport,Front-to-Front,No,Non-Junction,Not an Intersection,On Roadway,,Daylight,Sleet or Hail,No,Not Applicable,40.75616667,-105.1710556,LARIMER (69),NOT APPLICABLE
80043,2017,1,1,1,1,1,0,1,1,Colorado,February,2,Thursday,6:00pm-6:59pm,5,Local Street - Municipality,Urban,Minor Arterial,City or Municipal Highway Agency,This section IS NOT on the NHS,No Special Jurisdiction,Pedestrian,Not a Collision with Motor Vehicle In-Transport,No,Non-Junction,Not an Intersection,On Roadway,,Dark - Lighted,Not Reported,No,Not Applicable,40.57184444,-105.11515,LARIMER (69),FORT COLLINS
80044,2017,1,0,1,2,1,1,3,2,Colorado,February,2,Thursday,10:00am-10:59am,47,U.S. Highway,Rural,Principal Arterial - Other,State Highway Agency,This section IS ON the NHS,No Special Jurisdiction,Working Motor Vehicle,Not a Collision with Motor Vehicle In-Transport,No,Non-Junction,Not an Intersection,On Roadway,Maintenance,Daylight,Cloudy,No,Not Applicable,40.342125,-104.4496889,WELD (123),NOT APPLICABLE
80045,2017,1,0,0,1,1,0,2,2,Colorado,February,4,Saturday,3:00pm-3:59pm,59,County Road,Rural,Local,County Highway Agency,This section IS NOT on the NHS,No Special Jurisdiction,Culvert,Not a Collision with Motor Vehicle In-Transport,No,Non-Junction,Not an Intersection,On Roadside,,Daylight,Not Reported,No,Not Applicable,39.486,-104.8519667,DOUGLAS (35),NOT APPLICABLE
80046,2017,1,1,1,1,1,0,1,1,Colorado,February,1,Wednesday,7:00am-7:59am,18,State Highway,Urban,Principal Arterial - Other,State Highway Agency,This section IS ON the NHS,No Special Jurisdiction,Pedestrian,Not a Collision with Motor Vehicle In-Transport,No,Intersection-Related,Four-Way Intersection,On Roadway,,Daylight,Not Reported,No,Not Applicable,39.69321111,-105.0251722,DENVER (31),DENVER
80047,2017,1,0,0,2,2,0,5,5,Colorado,February,10,Friday,6:00pm-6:59pm,18,U.S. Highway,Rural,Principal Arterial - Other,State Highway Agency,This section IS ON the NHS,No Special Jurisdiction,Motor Vehicle In-Transport,Sideswipe - Same Direction,No,Non-Junction,Not an Intersection,On Roadway,,Dark - Not Lighted,Not Reported,No,Not Applicable,38.10925556,-103.1081083,BENT (11),NOT APPLICABLE
80048,2017,1,0,0,1,1,0,1,1,Colorado,February,10,Friday,11:00pm-11:59pm,33,Local Street - Municipality,Urban,Major Collector,City or Municipal Highway Agency,This section IS NOT on the NHS,No Special Jurisdiction,Boulder,Not a Collision with Motor Vehicle In-Transport,No,Non-Junction,Not an Intersection,On Roadside,,Dark - Lighted,Not Reported,No,Not Applicable,39.63284444,-105.0064917,ARAPAHOE (5),ENGLEWOOD
80049,2017,1,1,1,1,1,0,1,1,Colorado,February,1,Wednesday,8:00am-8:59am,0,Local Street - Municipality,Urban,Local,City or Municipal Highway Agency,This section IS NOT on the NHS,No Special Jurisdiction,Pedestrian,Not a Collision with Motor Vehicle In-Transport,No,Intersection-Related,Four-Way Intersection,On Roadway,,Daylight,Not Reported,No,Not Applicable,38.843575,-104.7503444,EL PASO (41),COLORADO SPGS
80050,2017,1,0,0,2,2,0,2,2,Colorado,February,15,Wednesday,6:00am-6:59am,27,Interstate,Urban,Interstate,State Highway Agency,This section IS ON the NHS,No Special Jurisdiction,Motor Vehicle In-Transport,Sideswipe - Same Direction,Yes,Through Roadway,Not an Intersection,On Roadway,,Dawn,Not Reported,No,Not Applicable,39.80158889,-105.0226111,ADAMS (1),NOT APPLICABLE
80051,2017,1,0,0,1,1,0,2,2,Colorado,February,16,Thursday,3:00am-3:59am,8,U.S. Highway,Rural,Principal Arterial - Other,State Highway Agency,This section IS ON the NHS,No Special Jurisdiction,Rollover/Overturn,Not a Collision with Motor Vehicle In-Transport,No,Non-Junction,Not an Intersection,On Median,,Dark - Not Lighted,Not Reported,No,Not Applicable,38.99698333,-108.4555056,MESA (77),NOT APPLICABLE
80052,2017,1,1,1,1,1,0,2,2,Colorado,February,15,Wednesday,6:00pm-6:59pm,48,State Highway,Urban,Principal Arterial - Other,State Highway Agency,This section IS ON the NHS,No Special Jurisdiction,Pedestrian,Not a Collision with Motor Vehicle In-Transport,No,Non-Junction,Not an Intersection,On Roadway,,Dark - Lighted,Not Reported,No,Not Applicable,39.84556111,-105.0531306,ADAMS (1),WESTMINSTER
80053,2017,1,0,0,2,2,0,2,2,Colorado,February,4,Saturday,5:00pm-5:59pm,12,U.S. Highway,Rural,Minor Arterial,State Highway Agency,This section IS NOT on the NHS,No Special Jurisdiction,Motor Vehicle In-Transport,Sideswipe - Opposite Direction,No,Non-Junction,Not an Intersection,On Roadway,,Dusk,Not Reported,No,Not Applicable,37.38349722,-102.6221028,BACA (9),NOT APPLICABLE
80054,2017,1,0,0,2,2,0,2,2,Colorado,February,14,Tuesday,5:00pm-5:59pm,44,State Highway,Urban,Principal Arterial - Other,State Highway Agency,This section IS ON the NHS,No Special Jurisdiction,Motor Vehicle In-Transport,Angle,No,Intersection,Four-Way Intersection,On Roadway,,Dusk,Not Reported,No,Not Applicable,39.69670833,-105.0250056,DENVER (31),DENVER
80055,2017,1,0,1,2,1,1,2,1,Colorado,February,19,Sunday,1:00pm-1:59pm,44,State Highway,Rural,Major Collector,State Highway Agency,This section IS NOT on the NHS,No Special Jurisdiction,Working Motor Vehicle,Not a Collision with Motor Vehicle In-Transport,No,Non-Junction,Not an Intersection,On Roadway,Maintenance,Daylight,Snow,No,Not Applicable,37.42944444,-108.4333333,MONTEZUMA (83),NOT APPLICABLE
80056,2017,1,0,0,2,2,0,2,2,Colorado,February,13,Monday,5:00am-5:59am,55,U.S. Highway,Urban,Principal Arterial - Other,State Highway Agency,This section IS ON the NHS,No Special Jurisdiction,Motor Vehicle In-Transport,Angle,No,Intersection,Four-Way Intersection,On Roadway,,Dark - Lighted,Not Reported,No,Not Applicable,39.74012222,-104.7911972,ARAPAHOE (5),AURORA
80057,2017,1,0,0,2,2,0,2,2,Colorado,February,15,Wednesday,3:00pm-3:59pm,26,State Highway,Urban,Principal Arterial - Other,State Highway Agency,This section IS ON the NHS,No Special Jurisdiction,Motor Vehicle In-Transport,Angle,No,Intersection,Four-Way Intersection,On Roadway,,Daylight,Not Reported,No,Not Applicable,40.58103333,-104.9970278,LARIMER (69),FORT COLLINS
80058,2017,1,0,0,2,2,0,2,2,Colorado,February,21,Tuesday,10:00am-10:59am,0,Local Street - Municipality,Urban,Major Collector,City or Municipal Highway Agency,This section IS NOT on the NHS,No Special Jurisdiction,Motor Vehicle In-Transport,Angle,No,Intersection,Four-Way Intersection,On Roadway,,Daylight,Not Reported,No,Not Applicable,40.46515278,-104.8561389,WELD (123),WINDSOR
80059,2017,1,0,0,2,2,0,3,3,Colorado,February,28,Tuesday,6:00pm-6:59pm,56,U.S. Highway,Urban,Principal Arterial - Other,State Highway Agency,This section IS ON the NHS,No Special Jurisdiction,Motor Vehicle In-Transport,Angle,No,Intersection,Four-Way Intersection,On Roadway,,Dark - Lighted,Not Reported,No,Not Applicable,39.65316667,-104.9935778,ARAPAHOE (5),ENGLEWOOD
80060,2017,1,1,1,1,1,0,2,2,Colorado,February,27,Monday,7:00pm-7:59pm,16,County Road,Urban,Major Collector,City or Municipal Highway Agency,This section IS NOT on the NHS,No Special Jurisdiction,Pedestrian,Not a Collision with Motor Vehicle In-Transport,No,Intersection-Related,Four-Way Intersection,On Roadway,,Dark - Lighted,Clear,No,Not Applicable,39.60220556,-104.8761889,ARAPAHOE (5),NOT APPLICABLE
80061,2017,1,0,0,1,1,0,1,1,Colorado,February,24,Friday,9:00pm-9:59pm,35,State Highway,Rural,Minor Arterial,State Highway Agency,This section IS NOT on the NHS,No Special Jurisdiction,Fence,Not a Collision with Motor Vehicle In-Transport,No,Non-Junction,Not an Intersection,Outside Trafficway,,Dark - Not Lighted,Not Reported,No,Not Applicable,38.60661111,-108.0517222,MONTROSE (85),NOT APPLICABLE
80062,2017,1,0,0,2,2,0,3,3,Colorado,February,14,Tuesday,3:00pm-3:59pm,26,Local Street - Municipality,Urban,Principal Arterial - Other,City or Municipal Highway Agency,This section IS ON the NHS,No Special Jurisdiction,Motor Vehicle In-Transport,Angle,No,Intersection,Four-Way Intersection,On Roadway,,Daylight,Not Reported,No,Not Applicable,39.86363056,-105.0596944,JEFFERSON (59),WESTMINSTER
80063,2017,1,0,0,2,2,0,2,2,Colorado,February,10,Friday,8:00am-8:59am,2,Local Street - Municipality,Urban,Principal Arterial - Other,City or Municipal Highway Agency,This section IS ON the NHS,No Special Jurisdiction,Motor Vehicle In-Transport,Angle,No,Intersection,Four-Way Intersection,On Roadway,,Daylight,Not Reported,No,Not Applicable,38.90844444,-104.7745,EL PASO (41),COLORADO SPGS
80064,2017,1,0,0,1,1,0,1,1,Colorado,February,19,Sunday,1:00pm-1:59pm,5,Interstate,Urban,Interstate,State Highway Agency,This section IS ON the NHS,No Special Jurisdiction,Rollover/Overturn,Not a Collision with Motor Vehicle In-Transport,Yes,Entrance/Exit Ramp Related,Not an Intersection,On Roadside,,Daylight,Not Reported,No,Not Applicable,39.74076667,-104.7243972,ADAMS (1),NOT APPLICABLE
80065,2017,1,0,0,1,1,0,1,1,Colorado,February,23,Thursday,4:00pm-4:59pm,4,U.S. Highway,Rural,Minor Arterial,State Highway Agency,This section IS NOT on the NHS,No Special Jurisdiction,Embankment,Not a Collision with Motor Vehicle In-Transport,No,Non-Junction,Not an Intersection,On Roadside,,Daylight,Not Reported,No,Not Applicable,39.74126111,-105.3376389,JEFFERSON (59),NOT APPLICABLE
80066,2017,1,1,1,1,1,0,1,1,Colorado,March,2,Thursday,7:00pm-7:59pm,14,Local Street - Municipality,Urban,Minor Arterial,City or Municipal Highway Agency,This section IS NOT on the NHS,No Special Jurisdiction,Pedestrian,Not a Collision with Motor Vehicle In-Transport,No,Intersection-Related,T-Intersection,On Roadway,,Dark - Lighted,Not Reported,No,Not Applicable,39.82731111,-105.0360194,ADAMS (1),WESTMINSTER
80067,2017,1,0,0,1,1,0,1,1,Colorado,March,6,Monday,0:00am-0:59am,42,Interstate,Urban,Interstate,State Highway Agency,This section IS ON the NHS,No Special Jurisdiction,Guardrail Face,Not a Collision with Motor Vehicle In-Transport,Yes,Other location within Interchange Area,Not an Intersection,On Median,,Dark - Not Lighted,Not Reported,No,Not Applicable,39.9867,-104.7361778,ADAMS (1),BRIGHTON
80068,2017,1,0,0,1,1,0,2,2,Colorado,March,7,Tuesday,7:00pm-7:59pm,51,Interstate,Urban,Interstate,State Highway Agency,This section IS ON the NHS,No Special Jurisdiction,Rollover/Overturn,Not a Collision with Motor Vehicle In-Transport,Yes,Entrance/Exit Ramp Related,Not an Intersection,Gore,,Dark - Lighted,Not Reported,No,Not Applicable,39.77513889,-104.8631944,DENVER (31),DENVER
80069,2017,1,1,1,1,1,0,1,1,Colorado,March,7,Tuesday,6:00pm-6:59pm,57,Local Street - Municipality,Urban,Principal Arterial - Other,City or Municipal Highway Agency,This section IS ON the NHS,No Special Jurisdiction,Pedestrian,Not a Collision with Motor Vehicle In-Transport,No,Intersection-Related,Four-Way Intersection,On Roadway,,Dark - Lighted,Not Reported,No,Not Applicable,39.75622222,-104.77215,ADAMS (1),AURORA
80070,2017,1,1,1,1,1,0,1,1,Colorado,March,9,Thursday,0:00am-0:59am,50,Local Street - Municipality,Urban,Principal Arterial - Other Freeways and Expressways,County Highway Agency,This section IS ON the NHS,No Special Jurisdiction,Pedestrian,Not a Collision with Motor Vehicle In-Transport,No,Non-Junction,Not an Intersection,On Roadway,,Dark - Not Lighted,Not Reported,No,Not Applicable,38.769275,-104.759325,EL PASO (41),NOT APPLICABLE
80071,2017,1,0,0,2,2,0,2,2,Colorado,March,4,Saturday,4:00pm-4:59pm,57,Local Street - Municipality,Urban,Principal Arterial - Other,City or Municipal Highway Agency,This section IS ON the NHS,No Special Jurisdiction,Motor Vehicle In-Transport,Angle,No,Intersection,Four-Way Intersection,On Roadway,Construction,Daylight,Not Reported,No,Not Applicable,38.83335,-104.8081861,EL PASO (41),COLORADO SPGS
80072,2017,2,0,0,2,2,0,2,2,Colorado,March,10,Friday,8:00am-8:59am,35,U.S. Highway,Rural,Minor Arterial,State Highway Agency,This section IS NOT on the NHS,No Special Jurisdiction,Motor Vehicle In-Transport,Front-to-Front,No,Non-Junction,Not an Intersection,On Roadway,,Daylight,Clear,No,Not Applicable,39.74013056,-104.0138417,ADAMS (1),NOT APPLICABLE
80073,2017,1,0,0,2,2,0,4,4,Colorado,March,9,Thursday,6:00pm-6:59pm,52,Local Street - Municipality,Urban,Minor Arterial,City or Municipal Highway Agency,This section IS NOT on the NHS,No Special Jurisdiction,Motor Vehicle In-Transport,Angle,No,Intersection,Four-Way Intersection,On Roadway,,Dark - Lighted,Not Reported,No,Not Applicable,38.80450833,-104.7457,EL PASO (41),COLORADO SPGS
80074,2017,1,0,0,2,2,0,2,2,Colorado,March,13,Monday,9:00am-9:59am,43,Local Street - Municipality,Urban,Principal Arterial - Other,City or Municipal Highway Agency,This section IS ON the NHS,No Special Jurisdiction,Motor Vehicle In-Transport,Angle,No,Intersection,Four-Way Intersection,On Roadway,,Daylight,Not Reported,No,Not Applicable,39.87055278,-104.9817222,ADAMS (1),THORNTON
80075,2017,1,0,0,1,1,0,4,4,Colorado,March,13,Monday,3:00pm-3:59pm,10,State Highway,Rural,Major Collector,State Highway Agency,This section IS NOT on the NHS,No Special Jurisdiction,"Post, Pole or Other Supports",Not a Collision with Motor Vehicle In-Transport,No,Non-Junction,Not an Intersection,On Roadside,,Daylight,Not Reported,No,Not Applicable,40.36219167,-102.9740306,WASHINGTON (121),NOT APPLICABLE
80076,2017,1,0,0,2,2,0,2,2,Colorado,March,13,Monday,4:00pm-4:59pm,20,State Highway,Urban,Principal Arterial - Other,State Highway Agency,This section IS ON the NHS,No Special Jurisdiction,Motor Vehicle In-Transport,Front-to-Front,No,Non-Junction,Not an Intersection,On Roadway,,Daylight,Not Reported,No,Not Applicable,40.087075,-105.1726139,BOULDER (13),NOT APPLICABLE
80077,2017,1,0,0,2,2,0,3,3,Colorado,March,8,Wednesday,9:00am-9:59am,38,U.S. Highway,Urban,Principal Arterial - Other,State Highway Agency,This section IS ON the NHS,No Special Jurisdiction,Motor Vehicle In-Transport,Angle,No,Intersection,Four-Way Intersection,On Roadway,,Daylight,Not Reported,No,Not Applicable,38.30780278,-104.6158778,PUEBLO (101),PUEBLO
80078,2017,1,0,0,2,2,0,3,3,Colorado,March,10,Friday,9:00am-9:59am,42,Local Street - Municipality,Urban,Major Collector,City or Municipal Highway Agency,This section IS NOT on the NHS,No Special Jurisdiction,Motor Vehicle In-Transport,Angle,No,Intersection,Four-Way Intersection,On Roadway,,Daylight,Not Reported,No,Not Applicable,38.25569444,-104.6311278,PUEBLO (101),PUEBLO
80079,2017,1,0,0,1,1,0,2,2,Colorado,March,14,Tuesday,3:00pm-3:59pm,30,U.S. Highway,Rural,Principal Arterial - Other,State Highway Agency,This section IS ON the NHS,No Special Jurisdiction,Fence,Not a Collision with Motor Vehicle In-Transport,No,Non-Junction,Not an Intersection,On Roadside,,Daylight,Not Reported,No,Not Applicable,40.09663889,-106.4207444,GRAND (49),NOT APPLICABLE
80080,2017,1,0,0,2,2,0,2,2,Colorado,March,15,Wednesday,2:00pm-2:59pm,58,State Highway,Urban,Principal Arterial - Other,State Highway Agency,This section IS ON the NHS,No Special Jurisdiction,Motor Vehicle In-Transport,Angle,No,Intersection,Four-Way Intersection,On Roadway,,Daylight,Not Reported,No,Not Applicable,40.20334444,-105.1500278,BOULDER (13),NOT APPLICABLE
80081,2017,2,0,0,1,1,0,5,5,Colorado,March,15,Wednesday,5:00pm-5:59pm,0,County Road,Rural,Local,County Highway Agency,This section IS NOT on the NHS,No Special Jurisdiction,Embankment,Not a Collision with Motor Vehicle In-Transport,No,Non-Junction,Not an Intersection,On Roadside,,Daylight,Not Reported,No,Not Applicable,38.75400278,-104.8878917,EL PASO (41),NOT APPLICABLE
80082,2017,1,0,0,1,1,0,1,1,Colorado,March,15,Wednesday,6:00pm-6:59pm,15,County Road,Rural,Local,County Highway Agency,This section IS NOT on the NHS,No Special Jurisdiction,Boulder,Not a Collision with Motor Vehicle In-Transport,No,Non-Junction,Not an Intersection,On Roadside,,Daylight,Not Reported,No,Not Applicable,37.28354722,-105.3691889,COSTILLA (23),NOT APPLICABLE
80083,2017,1,0,0,2,2,0,3,3,Colorado,March,9,Thursday,7:00pm-7:59pm,10,Local Street - Municipality,Urban,Local,City or Municipal Highway Agency,This section IS NOT on the NHS,No Special Jurisdiction,Motor Vehicle In-Transport,Front-to-Front,No,Non-Junction,Not an Intersection,On Roadway,,Dark - Lighted,Not Reported,No,Not Applicable,39.57478333,-104.7265639,ARAPAHOE (5),AURORA
80084,2017,1,0,0,1,1,0,1,1,Colorado,March,17,Friday,10:00am-10:59am,15,Interstate,Rural,Interstate,State Highway Agency,This section IS ON the NHS,No Special Jurisdiction,Rollover/Overturn,Not a Collision with Motor Vehicle In-Transport,No,Non-Junction,Not an Intersection,Separator,,Daylight,Not Reported,No,Not Applicable,39.26569444,-103.54675,LINCOLN (73),NOT APPLICABLE
80085,2017,1,0,0,2,2,0,2,2,Colorado,March,17,Friday,2:00pm-2:59pm,56,Local Street - Municipality,Urban,Major Collector,City or Municipal Highway Agency,This section IS NOT on the NHS,No Special Jurisdiction,Motor Vehicle In-Transport,Angle,No,Driveway Access Related,Not an Intersection,On Roadway,,Daylight,Not Reported,No,Not Applicable,39.96428889,-105.1617667,BOULDER (13),LOUISVILLE
80086,2017,1,0,0,2,2,0,2,2,Colorado,March,16,Thursday,6:00am-6:59am,24,Local Street - Municipality,Urban,Minor Arterial,City or Municipal Highway Agency,This section IS NOT on the NHS,No Special Jurisdiction,Motor Vehicle In-Transport,Sideswipe - Opposite Direction,No,Intersection,Four-Way Intersection,On Roadway,,Dark - Lighted,Not Reported,No,Not Applicable,38.2442,-104.6253889,PUEBLO (101),PUEBLO
80087,2017,1,0,0,2,2,0,2,2,Colorado,March,20,Monday,7:00pm-7:59pm,50,State Highway,Urban,Principal Arterial - Other,State Highway Agency,This section IS ON the NHS,No Special Jurisdiction,Motor Vehicle In-Transport,Angle,No,Intersection,T-Intersection,On Roadway,,Dark - Lighted,Not Reported,No,Not Applicable,39.67329444,-105.0532333,DENVER (31),DENVER
80088,2017,1,0,0,2,2,0,2,2,Colorado,March,15,Wednesday,5:00am-5:59am,48,Local Street - Municipality,Urban,Principal Arterial - Other,City or Municipal Highway Agency,This section IS NOT on the NHS,No Special Jurisdiction,Motor Vehicle In-Transport,Angle,No,Intersection,Four-Way Intersection,On Roadway,,Dark - Not Lighted,Not Reported,No,Not Applicable,40.46672778,-104.7733861,WELD (123),GREELEY
80089,2017,1,0,0,2,2,0,4,4,Colorado,March,18,Saturday,8:00am-8:59am,18,Local Street - Municipality,Urban,Minor Arterial,City or Municipal Highway Agency,This section IS NOT on the NHS,No Special Jurisdiction,Motor Vehicle In-Transport,Angle,No,Intersection,Four-Way Intersection,On Roadway,,Daylight,Not Reported,No,Not Applicable,39.724125,-104.986275,DENVER (31),DENVER
80090,2017,1,0,0,3,2,1,2,2,Colorado,March,17,Friday,7:00pm-7:59pm,9,Local Street - Municipality,Urban,Principal Arterial - Other,City or Municipal Highway Agency,This section IS ON the NHS,No Special Jurisdiction,Motor Vehicle In-Transport,Angle,No,Intersection,T-Intersection,On Roadway,,Dark - Lighted,Not Reported,No,Not Applicable,38.83930556,-104.7791167,EL PASO (41),COLORADO SPGS
80091,2017,2,2,2,2,1,1,1,1,Colorado,March,18,Saturday,4:00pm-4:59pm,1,U.S. Highway,Urban,Principal Arterial - Other,State Highway Agency,This section IS ON the NHS,No Special Jurisdiction,Curb,Not a Collision with Motor Vehicle In-Transport,No,Non-Junction,Not an Intersection,On Roadside,,Daylight,Not Reported,No,Not Applicable,37.28569444,-107.8765167,LA PLATA (67),DURANGO
80092,2017,1,0,0,1,1,0,1,1,Colorado,March,24,Friday,1:00am-1:59am,45,State Highway,Rural,Minor Arterial,State Highway Agency,This section IS NOT on the NHS,No Special Jurisdiction,Embankment,Not a Collision with Motor Vehicle In-Transport,No,Non-Junction,Not an Intersection,On Roadside,,Dark - Not Lighted,Rain,No,Not Applicable,40.6975,-105.6009722,LARIMER (69),NOT APPLICABLE
80093,2017,1,0,0,3,3,0,6,6,Colorado,March,24,Friday,12:00pm-12:59pm,14,U.S. Highway,Rural,Principal Arterial - Other,State Highway Agency,This section IS ON the NHS,No Special Jurisdiction,Motor Vehicle In-Transport,Angle,No,Non-Junction,Not an Intersection,On Roadway,,Daylight,Not Reported,No,Not Applicable,38.95444444,-105.1215444,TELLER (119),NOT APPLICABLE
80094,2017,1,0,0,1,1,0,1,1,Colorado,March,24,Friday,9:00pm-9:59pm,31,U.S. Highway,Rural,Major Collector,State Highway Agency,This section IS NOT on the NHS,No Special Jurisdiction,Tree (Standing Only),Not a Collision with Motor Vehicle In-Transport,No,Non-Junction,Not an Intersection,On Roadside,,Dark - Not Lighted,Not Reported,No,Not Applicable,39.71681111,-105.3798889,JEFFERSON (59),NOT APPLICABLE
80095,2017,1,0,0,1,1,0,1,1,Colorado,March,24,Friday,10:00pm-10:59pm,15,State Highway,Rural,Major Collector,State Highway Agency,This section IS NOT on the NHS,No Special Jurisdiction,Fence,Not a Collision with Motor Vehicle In-Transport,No,Non-Junction,Not an Intersection,Outside Trafficway,,Dark - Not Lighted,Not Reported,No,Not Applicable,39.39828333,-105.0058889,DOUGLAS (35),NOT APPLICABLE
80096,2017,1,0,0,1,1,0,1,1,Colorado,March,27,Monday,9:00pm-9:59pm,45,County Road,Rural,Local,County Highway Agency,This section IS NOT on the NHS,No Special Jurisdiction,Rollover/Overturn,Not a Collision with Motor Vehicle In-Transport,No,Intersection-Related,T-Intersection,On Roadway,,Dark - Not Lighted,Not Reported,No,Not Applicable,38.76870833,-104.6529444,EL PASO (41),NOT APPLICABLE
80097,2017,1,0,0,1,1,0,4,4,Colorado,March,25,Saturday,1:00am-1:59am,10,Interstate,Urban,Interstate,State Highway Agency,This section IS ON the NHS,No Special Jurisdiction,Rollover/Overturn,Not a Collision with Motor Vehicle In-Transport,No,Non-Junction,Not an Intersection,On Median,,Dark - Not Lighted,Not Reported,No,Not Applicable,39.11,-108.6500694,MESA (77),NOT APPLICABLE
80098,2017,1,0,0,2,2,0,5,5,Colorado,March,10,Friday,6:00pm-6:59pm,48,County Road,Urban,Principal Arterial - Other,County Highway Agency,This section IS ON the NHS,No Special Jurisdiction,Motor Vehicle In-Transport,Front-to-Front,No,Intersection,Four-Way Intersection,On Roadway,,Dusk,Not Reported,No,Not Applicable,38.86798889,-104.6829222,EL PASO (41),NOT APPLICABLE
80099,2017,1,0,0,2,2,0,2,2,Colorado,March,28,Tuesday,12:00pm-12:59pm,45,County Road,Urban,Major Collector,County Highway Agency,This section IS NOT on the NHS,No Special Jurisdiction,Motor Vehicle In-Transport,Angle,No,Intersection,T-Intersection,On Roadway,,Daylight,Not Reported,No,Not Applicable,39.83455278,-105.0126667,ADAMS (1),NOT APPLICABLE
80100,2017,1,0,0,2,2,0,2,2,Colorado,March,31,Friday,8:00am-8:59am,30,State Highway,Rural,Minor Arterial,State Highway Agency,This section IS NOT on the NHS,No Special Jurisdiction,Motor Vehicle In-Transport,Angle,No,Intersection-Related,T-Intersection,On Roadway,,Daylight,"Fog, Smog, Smoke",No,Not Applicable,37.79275833,-104.3336917,LAS ANIMAS (71),NOT APPLICABLE
80101,2017,1,0,0,4,4,0,5,5,Colorado,March,29,Wednesday,8:00am-8:59am,11,U.S. Highway,Urban,Principal Arterial - Other Freeways and Expressways,State Highway Agency,This section IS ON the NHS,No Special Jurisdiction,Motor Vehicle In-Transport,Sideswipe - Same Direction,No,Non-Junction,Not an Intersection,On Roadway,,Daylight,Not Reported,No,Not Applicable,39.66258333,-104.9978056,ARAPAHOE (5),ENGLEWOOD
80102,2017,1,0,0,1,1,0,2,2,Colorado,March,28,Tuesday,3:00pm-3:59pm,30,U.S. Highway,Rural,Principal Arterial - Other,State Highway Agency,This section IS ON the NHS,No Special Jurisdiction,Rollover/Overturn,Not a Collision with Motor Vehicle In-Transport,No,Non-Junction,Not an Intersection,On Roadside,,Daylight,Sleet or Hail,No,Not Applicable,37.32241667,-108.1632667,LA PLATA (67),NOT APPLICABLE
80103,2017,1,1,1,1,1,0,1,1,Colorado,March,28,Tuesday,7:00am-7:59am,31,Local Street - Municipality,Urban,Minor Arterial,City or Municipal Highway Agency,This section IS NOT on the NHS,No Special Jurisdiction,Pedestrian,Not a Collision with Motor Vehicle In-Transport,No,Non-Junction,Not an Intersection,On Roadway,,Daylight,Not Reported,No,Not Applicable,38.83861111,-104.8233333,EL PASO (41),COLORADO SPGS
80104,2017,1,0,0,1,1,0,1,1,Colorado,April,2,Sunday,1:00pm-1:59pm,50,Interstate,Rural,Interstate,State Highway Agency,This section IS ON the NHS,No Special Jurisdiction,Rollover/Overturn,Not a Collision with Motor Vehicle In-Transport,No,Non-Junction,Not an Intersection,On Median,,Daylight,Clear,No,Not Applicable,39.56827778,-107.5448944,GARFIELD (45),NOT APPLICABLE
80105,2017,1,0,0,1,1,0,3,3,Colorado,April,4,Tuesday,2:00am-2:59am,41,County Road,Urban,Major Collector,County Highway Agency,This section IS NOT on the NHS,No Special Jurisdiction,Rollover/Overturn,Not a Collision with Motor Vehicle In-Transport,No,Non-Junction,Not an Intersection,On Roadside,,Dark - Not Lighted,Not Reported,No,Not Applicable,39.622,-106.0758056,SUMMIT (117),NOT APPLICABLE
80106,2017,1,0,0,2,2,0,2,2,Colorado,April,2,Sunday,4:00am-4:59am,15,State Highway,Urban,Principal Arterial - Other,State Highway Agency,This section IS ON the NHS,No Special Jurisdiction,Motor Vehicle In-Transport,Angle,No,Intersection,Four-Way Intersection,On Roadway,,Dark - Lighted,Not Reported,No,Not Applicable,39.69668333,-105.025,DENVER (31),DENVER
80107,2017,1,0,0,1,1,0,2,2,Colorado,April,5,Wednesday,3:00pm-3:59pm,0,Interstate,Rural,Interstate,State Highway Agency,This section IS ON the NHS,No Special Jurisdiction,Rollover/Overturn,Not a Collision with Motor Vehicle In-Transport,No,Non-Junction,Not an Intersection,On Median,,Daylight,Not Reported,No,Not Applicable,39.29568889,-102.2641778,KIT CARSON (63),NOT APPLICABLE