ST_CASE,YEAR,FATALS,PEDS,PERNOTMVIT,VE_TOTAL,VE_FORMS,PVH_INVL,PERSONS,PERMVIT,STATENAME,MONTHNAME,DAYNAME,DAY_WEEKNAME,HOURNAME,MINUTENAME,ROUTENAME,RUR_URBNAME,FUNC_SYSNAME,RD_OWNERNAME,NHSNAME,SP_JURNAME,HARM_EVNAME,MAN_COLLNAME,RELJCT1NAME,RELJCT2NAME,TYP_INTNAME,REL_ROADNAME,WRK_ZONENAME,LGT_CONDNAME,WEATHERNAME,SCH_BUSNAME,RAILNAME,LATITUDE,LONGITUD,COUNTYNAME,CITYNAME
80108,2017,1,0,0,2,2,0,2,2,Colorado,April,6,Thursday,7:00am-7:59am,15,U.S. Highway,Rural,Minor Collector,State Highway Agency,This section IS NOT on the NHS,No Special Jurisdiction,Motor Vehicle In-Transport,Front-to-Front,No,Non-Junction,Not an Intersection,On Roadway,,Dawn,Not Reported,No,Not Applicable,39.29833889,-102.4951667,KIT CARSON (63),NOT APPLICABLE
80109,2017,1,1,1,1,1,0,3,3,Colorado,April,6,Thursday,7:00pm-7:59pm,57,U.S. Highway,Urban,Principal Arterial - Other,State Highway Agency,This section IS ON the NHS,No Special Jurisdiction,Pedestrian,Not a Collision with Motor Vehicle In-Transport,No,Intersection-Related,Four-Way Intersection,On Roadway,,Dark - Lighted,Not Reported,No,Not Applicable,40.42266111,-104.7113889,WELD (123),GREELEY
80110,2017,1,0,0,1,1,0,1,1,Colorado,April,8,Saturday,4:00am-4:59am,30,County Road,Urban,Major Collector,County Highway Agency,This section IS NOT on the NHS,No Special Jurisdiction,"Post, Pole or Other Supports",Not a Collision with Motor Vehicle In-Transport,No,Non-Junction,Not an Intersection,On Roadside,,Dark - Not Lighted,Not Reported,No,Not Applicable,40.48060556,-104.75415,WELD (123),NOT APPLICABLE
80111,2017,1,0,0,2,2,0,4,4,Colorado,April,8,Saturday,1:00pm-1:59pm,10,County Road,Urban,Local,County Highway Agency,This section IS NOT on the NHS,No Special Jurisdiction,Rollover/Overturn,Not a Collision with Motor Vehicle In-Transport,No,Intersection-Related,Y-Intersection,On Roadway,,Daylight,Clear,No,Not Applicable,39.84937778,-104.9768583,ADAMS (1),NOT APPLICABLE
80112,2017,1,0,0,1,1,0,1,1,Colorado,April,8,Saturday,3:00pm-3:59pm,59,County Road,Rural,Major Collector,County Highway Agency,This section IS NOT on the NHS,No Special Jurisdiction,Embankment,Not a Collision with Motor Vehicle In-Transport,No,Non-Junction,Not an Intersection,On Roadside,,Daylight,Not Reported,No,Not Applicable,39.23467778,-104.9468694,DOUGLAS (35),NOT APPLICABLE
80113,2017,1,1,1,1,1,0,1,1,Colorado,April,8,Saturday,9:00pm-9:59pm,40,State Highway,Urban,Principal Arterial - Other,State Highway Agency,This section IS ON the NHS,No Special Jurisdiction,Pedestrian,Not a Collision with Motor Vehicle In-Transport,No,Non-Junction,Not an Intersection,On Roadway,,Dark - Lighted,Not Reported,No,Not Applicable,39.72728056,-105.0251278,DENVER (31),DENVER
80115,2017,2,0,0,2,2,0,2,2,Colorado,April,7,Friday,4:00pm-4:59pm,50,U.S. Highway,Rural,Principal Arterial - Other,State Highway Agency,This section IS ON the NHS,No Special Jurisdiction,Motor Vehicle In-Transport,Front-to-Front,No,Non-Junction,Not an Intersection,On Roadway,Construction,Daylight,Not Reported,No,Not Applicable,40.04778889,-105.10275,BOULDER (13),NOT APPLICABLE
80116,2017,1,0,0,2,2,0,3,3,Colorado,April,10,Monday,8:00pm-8:59pm,35,State Highway,Rural,Minor Arterial,State Highway Agency,This section IS NOT on the NHS,No Special Jurisdiction,Motor Vehicle In-Transport,Angle,No,Intersection,Four-Way Intersection,On Roadway,,Dark - Not Lighted,Not Reported,No,Not Applicable,37.74835556,-106.0384417,SAGUACHE (109),NOT APPLICABLE
80117,2017,1,0,0,1,1,0,1,1,Colorado,April,12,Wednesday,1:00am-1:59am,0,State Highway,Rural,Minor Arterial,State Highway Agency,This section IS NOT on the NHS,No Special Jurisdiction,Rollover/Overturn,Not a Collision with Motor Vehicle In-Transport,No,Non-Junction,Not an Intersection,On Roadside,,Dark - Not Lighted,Clear,No,Not Applicable,38.0825,-108.1767667,SAN MIGUEL (113),NOT APPLICABLE
80118,2017,1,0,0,4,4,0,6,6,Colorado,April,10,Monday,7:00pm-7:59pm,24,U.S. Highway,Urban,Principal Arterial - Other,State Highway Agency,This section IS ON the NHS,No Special Jurisdiction,Motor Vehicle In-Transport,Angle,No,Intersection,Four-Way Intersection,On Roadway,,Daylight,Not Reported,No,Not Applicable,40.54581667,-105.0771667,LARIMER (69),FORT COLLINS
80119,2017,1,0,0,1,1,0,1,1,Colorado,April,13,Thursday,7:00pm-7:59pm,30,County Road,Rural,Minor Collector,County Highway Agency,This section IS NOT on the NHS,No Special Jurisdiction,Fence,Not a Collision with Motor Vehicle In-Transport,No,Non-Junction,Not an Intersection,Outside Trafficway,,Dark - Not Lighted,Not Reported,No,Not Applicable,39.87002222,-103.4201806,WASHINGTON (121),NOT APPLICABLE
80120,2017,1,0,0,3,3,0,4,4,Colorado,April,13,Thursday,11:00pm-11:59pm,52,U.S. Highway,Rural,Principal Arterial - Other,State Highway Agency,This section IS ON the NHS,No Special Jurisdiction,Motor Vehicle In-Transport,Front-to-Front,No,Non-Junction,Not an Intersection,On Roadway,,Dark - Not Lighted,Not Reported,No,Not Applicable,38.59969444,-102.7860194,KIOWA (61),NOT APPLICABLE
80121,2017,1,0,0,2,2,0,2,2,Colorado,April,14,Friday,6:00pm-6:59pm,40,County Road,Urban,Principal Arterial - Other,County Highway Agency,This section IS ON the NHS,No Special Jurisdiction,Motor Vehicle In-Transport,Angle,No,Intersection,Four-Way Intersection,On Roadway,,Daylight,Not Reported,No,Not Applicable,38.94070556,-104.6317222,EL PASO (41),NOT APPLICABLE
80122,2017,1,0,0,2,2,0,3,3,Colorado,April,15,Saturday,10:00pm-10:59pm,52,County Road,Urban,Major Collector,County Highway Agency,This section IS NOT on the NHS,No Special Jurisdiction,Rollover/Overturn,Not a Collision with Motor Vehicle In-Transport,No,Intersection-Related,Four-Way Intersection,On Roadway,,Dark - Not Lighted,Not Reported,No,Not Applicable,40.35909167,-104.6995556,WELD (123),NOT APPLICABLE
80123,2017,1,0,0,2,2,0,4,4,Colorado,April,16,Sunday,1:00pm-1:59pm,29,State Highway,Rural,Principal Arterial - Other,State Highway Agency,This section IS ON the NHS,No Special Jurisdiction,Rollover/Overturn,Not a Collision with Motor Vehicle In-Transport,No,Non-Junction,Not an Intersection,On Roadway,,Daylight,Not Reported,No,Not Applicable,40.21235556,-105.2382611,BOULDER (13),NOT APPLICABLE
80124,2017,1,0,0,1,1,0,1,1,Colorado,April,16,Sunday,4:00pm-4:59pm,24,Local Street - Municipality,Urban,Major Collector,City or Municipal Highway Agency,This section IS NOT on the NHS,No Special Jurisdiction,Culvert,Not a Collision with Motor Vehicle In-Transport,No,Non-Junction,Not an Intersection,On Roadside,,Daylight,Not Reported,No,Not Applicable,39.86774444,-104.9311556,ADAMS (1),THORNTON
80125,2017,1,0,0,1,1,0,1,1,Colorado,April,18,Tuesday,6:00pm-6:59pm,12,County Road,Rural,Local,County Highway Agency,This section IS NOT on the NHS,No Special Jurisdiction,Rollover/Overturn,Not a Collision with Motor Vehicle In-Transport,No,Non-Junction,Not an Intersection,Outside Trafficway,,Daylight,Not Reported,No,Not Applicable,40.25544167,-106.8342861,ROUTT (107),NOT APPLICABLE
80126,2017,1,1,1,1,1,0,1,1,Colorado,April,8,Saturday,2:00pm-2:59pm,17,Local Street - Municipality,Urban,Principal Arterial - Other,City or Municipal Highway Agency,This section IS ON the NHS,No Special Jurisdiction,Pedalcyclist,Not a Collision with Motor Vehicle In-Transport,No,Non-Junction,Not an Intersection,On Roadway,,Daylight,Not Reported,No,Not Applicable,38.94044167,-104.6631056,EL PASO (41),COLORADO SPGS
80127,2017,1,0,0,2,2,0,3,3,Colorado,April,10,Monday,8:00pm-8:59pm,10,State Highway,Urban,Principal Arterial - Other Freeways and Expressways,State Highway Agency,This section IS ON the NHS,No Special Jurisdiction,Utility Pole/Light Support,Not a Collision with Motor Vehicle In-Transport,No,Non-Junction,Not an Intersection,On Median,,Dark - Lighted,Not Reported,No,Not Applicable,38.89234722,-104.7199222,EL PASO (41),COLORADO SPGS
80128,2017,1,1,1,1,1,0,1,1,Colorado,April,12,Wednesday,8:00pm-8:59pm,34,Local Street - Frontage Road,Urban,Principal Arterial - Other Freeways and Expressways,State Highway Agency,This section IS ON the NHS,No Special Jurisdiction,Pedalcyclist,Not a Collision with Motor Vehicle In-Transport,No,Non-Junction,Not an Intersection,On Roadway,,Dark - Not Lighted,Not Reported,No,Not Applicable,40.41453611,-104.6801611,WELD (123),GREELEY
80129,2017,1,0,0,1,1,0,2,2,Colorado,April,13,Thursday,2:00pm-2:59pm,49,U.S. Highway,Urban,Principal Arterial - Other Freeways and Expressways,State Highway Agency,This section IS ON the NHS,No Special Jurisdiction,Concrete Traffic Barrier,Not a Collision with Motor Vehicle In-Transport,No,Non-Junction,Not an Intersection,On Roadside,,Daylight,Not Reported,No,Not Applicable,38.81818333,-104.7745,EL PASO (41),COLORADO SPGS
80130,2017,1,1,1,1,1,0,1,1,Colorado,April,6,Thursday,8:00pm-8:59pm,39,Local Street - Municipality,Urban,Minor Arterial,City or Municipal Highway Agency,This section IS NOT on the NHS,No Special Jurisdiction,Pedestrian,Not a Collision with Motor Vehicle In-Transport,No,Non-Junction,Not an Intersection,On Roadway,,Dark - Lighted,Not Reported,No,Not Applicable,40.52344722,-105.0763889,LARIMER (69),FORT COLLINS
80131,2017,1,0,0,1,1,0,3,3,Colorado,April,19,Wednesday,7:00pm-7:59pm,31,Interstate,Urban,Interstate,State Highway Agency,This section IS ON the NHS,No Special Jurisdiction,Rollover/Overturn,Not a Collision with Motor Vehicle In-Transport,Yes,Entrance/Exit Ramp Related,Not an Intersection,On Roadside,,Dark - Lighted,Clear,No,Not Applicable,39.77508333,-104.8633333,DENVER (31),DENVER
80132,2017,1,0,0,2,1,1,1,1,Colorado,April,20,Thursday,9:00am-9:59am,35,Interstate,Rural,Interstate,State Highway Agency,This section IS ON the NHS,No Special Jurisdiction,Parked Motor Vehicle,Not a Collision with Motor Vehicle In-Transport,No,Non-Junction,Not an Intersection,On Shoulder,,Daylight,Not Reported,No,Not Applicable,39.58842222,-106.2451556,EAGLE (37),NOT APPLICABLE
80133,2017,1,0,0,2,2,0,2,2,Colorado,April,20,Thursday,6:00pm-6:59pm,45,County Road,Rural,Major Collector,County Highway Agency,This section IS NOT on the NHS,No Special Jurisdiction,Motor Vehicle In-Transport,Front-to-Front,No,Non-Junction,Not an Intersection,On Roadway,,Daylight,Cloudy,No,Not Applicable,40.81016111,-104.1803194,WELD (123),NOT APPLICABLE
80134,2017,1,0,0,1,1,0,1,1,Colorado,April,20,Thursday,8:00pm-8:59pm,30,County Road,Rural,Local,County Highway Agency,This section IS NOT on the NHS,No Special Jurisdiction,Boulder,Not a Collision with Motor Vehicle In-Transport,No,Non-Junction,Not an Intersection,On Roadside,,Dark - Not Lighted,Clear,No,Not Applicable,37.33976944,-108.3043194,MONTEZUMA (83),NOT APPLICABLE
80135,2017,1,0,0,2,2,0,3,3,Colorado,April,2,Sunday,6:00pm-6:59pm,14,Interstate,Rural,Interstate,State Highway Agency,This section IS ON the NHS,No Special Jurisdiction,Motor Vehicle In-Transport,Front-to-Front,No,Non-Junction,Not an Intersection,On Roadway,,Daylight,Not Reported,No,Not Applicable,40.19095556,-104.2858917,WELD (123),NOT APPLICABLE
80136,2017,1,0,0,1,1,0,1,1,Colorado,April,19,Wednesday,9:00pm-9:59pm,15,County Road,Rural,Local,County Highway Agency,This section IS NOT on the NHS,No Special Jurisdiction,Railway Vehicle,Not a Collision with Motor Vehicle In-Transport,No,Railway Grade Crossing,Not an Intersection,On Roadway,,Dark - Not Lighted,Not Reported,No,805532E,39.68097222,-104.1162444,ARAPAHOE (5),NOT APPLICABLE
80137,2017,1,0,0,1,1,0,2,2,Colorado,April,21,Friday,8:00am-8:59am,56,U.S. Highway,Rural,Principal Arterial - Other,State Highway Agency,This section IS ON the NHS,No Special Jurisdiction,Rollover/Overturn,Not a Collision with Motor Vehicle In-Transport,No,Non-Junction,Not an Intersection,On Roadside,,Daylight,Not Reported,No,Not Applicable,37.08983333,-107.8669444,LA PLATA (67),NOT APPLICABLE
80138,2017,1,1,1,1,1,0,1,1,Colorado,April,22,Saturday,10:00am-10:59am,32,Interstate,Rural,Interstate,State Highway Agency,This section IS ON the NHS,No Special Jurisdiction,Pedestrian,Not a Collision with Motor Vehicle In-Transport,No,Non-Junction,Not an Intersection,On Shoulder,,Daylight,Not Reported,No,Not Applicable,37.49320278,-104.6693167,LAS ANIMAS (71),NOT APPLICABLE
80139,2017,1,0,0,1,1,0,1,1,Colorado,April,23,Sunday,2:00am-2:59am,50,County Road,Urban,Principal Arterial - Other,City or Municipal Highway Agency,This section IS ON the NHS,No Special Jurisdiction,Curb,Not a Collision with Motor Vehicle In-Transport,No,Non-Junction,Not an Intersection,On Median,,Dark - Not Lighted,Not Reported,No,Not Applicable,39.9126,-104.87855,ADAMS (1),NOT APPLICABLE
80140,2017,1,0,0,1,1,0,1,1,Colorado,April,23,Sunday,3:00am-3:59am,30,County Road,Urban,Major Collector,County Highway Agency,This section IS NOT on the NHS,No Special Jurisdiction,Embankment,Not a Collision with Motor Vehicle In-Transport,No,Non-Junction,Not an Intersection,On Roadside,,Dark - Not Lighted,Not Reported,No,Not Applicable,38.52530556,-106.0329722,CHAFFEE (15),NOT APPLICABLE
80141,2017,1,0,0,3,1,2,1,1,Colorado,April,23,Sunday,7:00pm-7:59pm,52,Local Street - Municipality,Urban,Local,City or Municipal Highway Agency,This section IS NOT on the NHS,No Special Jurisdiction,Parked Motor Vehicle,Not a Collision with Motor Vehicle In-Transport,No,Non-Junction,Not an Intersection,In Parking Lane/Zone,,Daylight,Not Reported,No,Not Applicable,39.58535556,-104.9005722,ARAPAHOE (5),CENTENNIAL
80142,2017,1,1,1,1,1,0,1,1,Colorado,April,17,Monday,1:00pm-1:59pm,3,Local Street - Municipality,Urban,Principal Arterial - Other,City or Municipal Highway Agency,This section IS ON the NHS,No Special Jurisdiction,Pedestrian,Not a Collision with Motor Vehicle In-Transport,No,Non-Junction,Not an Intersection,On Roadway,,Daylight,Not Reported,No,Not Applicable,38.79584722,-104.7922778,EL PASO (41),COLORADO SPGS
80143,2017,1,1,1,1,1,0,1,1,Colorado,April,23,Sunday,8:00pm-8:59pm,23,County Road,Urban,Principal Arterial - Other,County Highway Agency,This section IS ON the NHS,No Special Jurisdiction,Pedestrian,Not a Collision with Motor Vehicle In-Transport,No,Non-Junction,Not an Intersection,On Roadway,,Dark - Not Lighted,Not Reported,No,Not Applicable,39.60985,-105.0783056,JEFFERSON (59),NOT APPLICABLE
80144,2017,1,0,0,2,2,0,2,2,Colorado,April,25,Tuesday,4:00pm-4:59pm,10,U.S. Highway,Urban,Principal Arterial - Other,State Highway Agency,This section IS ON the NHS,No Special Jurisdiction,Motor Vehicle In-Transport,Angle,No,Intersection,T-Intersection,On Roadway,,Daylight,Not Reported,No,Not Applicable,38.34243611,-104.7691944,PUEBLO (101),NOT APPLICABLE
80145,2017,1,0,0,2,2,0,2,2,Colorado,April,23,Sunday,4:00pm-4:59pm,40,State Highway,Rural,Principal Arterial - Other,State Highway Agency,This section IS ON the NHS,No Special Jurisdiction,Motor Vehicle In-Transport,Sideswipe - Same Direction,No,Non-Junction,Not an Intersection,On Roadway,,Daylight,Clear,No,Not Applicable,39.14833333,-104.7589028,DOUGLAS (35),NOT APPLICABLE
80146,2017,1,0,0,2,2,0,2,2,Colorado,April,22,Saturday,2:00pm-2:59pm,25,U.S. Highway,Urban,Principal Arterial - Other,State Highway Agency,This section IS ON the NHS,No Special Jurisdiction,Motor Vehicle In-Transport,Sideswipe - Same Direction,No,Non-Junction,Not an Intersection,On Roadway,,Daylight,Clear,No,Not Applicable,39.79443889,-105.0253139,ADAMS (1),NOT APPLICABLE
80147,2017,1,0,0,3,3,0,6,6,Colorado,April,27,Thursday,11:00am-11:59am,40,State Highway,Urban,Principal Arterial - Other,State Highway Agency,This section IS ON the NHS,No Special Jurisdiction,Motor Vehicle In-Transport,Sideswipe - Opposite Direction,No,Non-Junction,Not an Intersection,On Roadway,,Daylight,Not Reported,No,Not Applicable,40.20330556,-105.0732167,BOULDER (13),NOT APPLICABLE
80148,2017,1,0,0,2,2,0,2,2,Colorado,April,28,Friday,1:00pm-1:59pm,7,Local Street - Municipality,Urban,Major Collector,City or Municipal Highway Agency,This section IS NOT on the NHS,No Special Jurisdiction,Motor Vehicle In-Transport,Angle,No,Intersection,"Five Point, or More",On Roadway,,Daylight,Not Reported,No,Not Applicable,38.23502222,-104.6390306,PUEBLO (101),PUEBLO
80149,2017,1,0,0,2,2,0,2,2,Colorado,April,28,Friday,6:00pm-6:59pm,51,State Highway,Urban,Principal Arterial - Other,State Highway Agency,This section IS ON the NHS,No Special Jurisdiction,Motor Vehicle In-Transport,Angle,Yes,Intersection,Four-Way Intersection,On Roadway,,Daylight,Not Reported,No,Not Applicable,39.97701944,-104.9595722,ADAMS (1),THORNTON
80150,2017,1,1,1,1,1,0,1,1,Colorado,May,1,Monday,7:00pm-7:59pm,40,County Road,Urban,Principal Arterial - Other,County Highway Agency,This section IS ON the NHS,No Special Jurisdiction,Pedestrian,Not a Collision with Motor Vehicle In-Transport,No,Non-Junction,Not an Intersection,On Roadway,,Dark - Lighted,Clear,No,Not Applicable,39.67726111,-104.9043611,ARAPAHOE (5),NOT APPLICABLE
80151,2017,1,0,0,2,2,0,2,2,Colorado,May,2,Tuesday,6:00am-6:59am,15,County Road,Rural,Minor Arterial,County Highway Agency,This section IS NOT on the NHS,No Special Jurisdiction,Motor Vehicle In-Transport,Angle,No,Intersection,Four-Way Intersection,On Roadway,,Dawn,Not Reported,No,Not Applicable,40.46445556,-104.6589528,WELD (123),NOT APPLICABLE
80152,2017,1,1,1,1,1,0,3,3,Colorado,May,4,Thursday,1:00pm-1:59pm,0,County Road,Rural,Local,County Highway Agency,This section IS NOT on the NHS,No Special Jurisdiction,Pedalcyclist,Not a Collision with Motor Vehicle In-Transport,No,Non-Junction,Not an Intersection,On Roadway,,Daylight,Not Reported,No,Not Applicable,40.03311111,-105.3193278,BOULDER (13),NOT APPLICABLE
80153,2017,1,1,1,1,1,0,1,1,Colorado,May,4,Thursday,9:00pm-9:59pm,16,State Highway,Urban,Principal Arterial - Other,State Highway Agency,This section IS ON the NHS,No Special Jurisdiction,Pedestrian,Not a Collision with Motor Vehicle In-Transport,No,Intersection-Related,Four-Way Intersection,On Roadway,,Dark - Lighted,Not Reported,No,Not Applicable,39.87960833,-105.0960167,JEFFERSON (59),WESTMINSTER
80154,2017,1,0,0,2,2,0,2,2,Colorado,May,5,Friday,2:00pm-2:59pm,39,U.S. Highway,Urban,Principal Arterial - Other,State Highway Agency,This section IS ON the NHS,No Special Jurisdiction,Motor Vehicle In-Transport,Front-to-Front,No,Non-Junction,Not an Intersection,On Roadway,,Daylight,Clear,No,Not Applicable,38.42761111,-107.8617611,MONTROSE (85),NOT APPLICABLE
80155,2017,1,0,0,1,1,0,2,2,Colorado,May,6,Saturday,9:00am-9:59am,10,County Road,Rural,Local,County Highway Agency,This section IS NOT on the NHS,No Special Jurisdiction,Rollover/Overturn,Not a Collision with Motor Vehicle In-Transport,No,Non-Junction,Not an Intersection,On Roadside,,Daylight,Clear,No,Not Applicable,40.12750833,-102.6809667,YUMA (125),NOT APPLICABLE
80156,2017,1,0,0,1,1,0,1,1,Colorado,May,6,Saturday,5:00pm-5:59pm,36,State Highway,Rural,Minor Arterial,State Highway Agency,This section IS NOT on the NHS,No Special Jurisdiction,Rollover/Overturn,Not a Collision with Motor Vehicle In-Transport,No,Non-Junction,Not an Intersection,On Roadside,,Daylight,Not Reported,No,Not Applicable,38.70578056,-105.5050333,PARK (93),NOT APPLICABLE
80157,2017,1,0,0,1,1,0,2,2,Colorado,May,7,Sunday,6:00am-6:59am,0,Interstate,Rural,Interstate,State Highway Agency,This section IS ON the NHS,No Special Jurisdiction,Rollover/Overturn,Not a Collision with Motor Vehicle In-Transport,No,Non-Junction,Not an Intersection,On Median,,Daylight,Clear,No,Not Applicable,39.28130556,-103.0336028,KIT CARSON (63),NOT APPLICABLE
80158,2017,1,0,0,1,1,0,1,1,Colorado,May,6,Saturday,3:00pm-3:59pm,15,Interstate,Urban,Interstate,State Highway Agency,This section IS ON the NHS,No Special Jurisdiction,Rollover/Overturn,Not a Collision with Motor Vehicle In-Transport,No,Non-Junction,Not an Intersection,On Roadside,,Daylight,Not Reported,No,Not Applicable,40.39090833,-104.9936861,LARIMER (69),NOT APPLICABLE
80159,2017,1,0,0,1,1,0,1,1,Colorado,May,7,Sunday,6:00pm-6:59pm,50,County Road,Rural,Local,County Highway Agency,This section IS NOT on the NHS,No Special Jurisdiction,Embankment,Not a Collision with Motor Vehicle In-Transport,No,Non-Junction,Not an Intersection,On Roadside,,Daylight,Not Reported,No,Not Applicable,39.68491667,-105.2436944,JEFFERSON (59),NOT APPLICABLE
80160,2017,1,0,0,1,1,0,2,2,Colorado,May,8,Monday,2:00am-2:59am,31,County Road,Rural,Major Collector,County Highway Agency,This section IS NOT on the NHS,No Special Jurisdiction,Rollover/Overturn,Not a Collision with Motor Vehicle In-Transport,No,Non-Junction,Not an Intersection,On Roadway,,Dark - Not Lighted,Not Reported,No,Not Applicable,39.31404444,-104.9700944,DOUGLAS (35),NOT APPLICABLE
80161,2017,1,1,1,1,1,0,2,2,Colorado,May,8,Monday,12:00pm-12:59pm,53,County Road,Rural,Major Collector,County Highway Agency,This section IS NOT on the NHS,No Special Jurisdiction,Pedalcyclist,Not a Collision with Motor Vehicle In-Transport,No,Intersection-Related,T-Intersection,On Roadway,,Daylight,Not Reported,No,Not Applicable,40.15236389,-105.2021861,BOULDER (13),NOT APPLICABLE
80162,2017,1,0,0,2,2,0,3,3,Colorado,May,8,Monday,3:00pm-3:59pm,57,County Road,Rural,Minor Arterial,County Highway Agency,This section IS NOT on the NHS,No Special Jurisdiction,Motor Vehicle In-Transport,Front-to-Front,No,Non-Junction,Not an Intersection,On Roadway,,Daylight,Rain,No,Not Applicable,38.64514167,-104.6823028,EL PASO (41),NOT APPLICABLE
80163,2017,2,0,0,2,2,0,3,3,Colorado,May,8,Monday,3:00pm-3:59pm,53,State Highway,Rural,Major Collector,State Highway Agency,This section IS NOT on the NHS,No Special Jurisdiction,Motor Vehicle In-Transport,Angle,No,Intersection,Four-Way Intersection,On Roadway,,Daylight,Not Reported,No,Not Applicable,40.47897222,-104.6590944,WELD (123),NOT APPLICABLE
80164,2017,1,0,0,1,1,0,1,1,Colorado,May,8,Monday,6:00pm-6:59pm,38,State Highway,Rural,Principal Arterial - Other,State Highway Agency,This section IS ON the NHS,No Special Jurisdiction,Embankment,Not a Collision with Motor Vehicle In-Transport,No,Non-Junction,Not an Intersection,On Roadside,,Daylight,Not Reported,No,Not Applicable,39.68705,-107.9225778,GARFIELD (45),NOT APPLICABLE
80165,2017,1,0,0,1,1,0,1,1,Colorado,May,6,Saturday,5:00am-5:59am,4,Local Street - Municipality,Urban,Minor Arterial,City or Municipal Highway Agency,This section IS NOT on the NHS,No Special Jurisdiction,Fence,Not a Collision with Motor Vehicle In-Transport,No,Non-Junction,Not an Intersection,Outside Trafficway,,Dark - Lighted,Not Reported,No,Not Applicable,40.49204444,-105.0960972,LARIMER (69),FORT COLLINS
80166,2017,1,0,0,3,3,0,3,3,Colorado,May,9,Tuesday,6:00am-6:59am,5,State Highway,Urban,Major Collector,State Highway Agency,This section IS NOT on the NHS,No Special Jurisdiction,Motor Vehicle In-Transport,Front-to-Rear,No,Intersection-Related,T-Intersection,On Roadway,,Dawn,Not Reported,No,Not Applicable,40.34931111,-105.0566444,LARIMER (69),NOT APPLICABLE
80167,2017,1,0,0,1,1,0,1,1,Colorado,May,5,Friday,9:00am-9:59am,13,Local Street - Municipality,Urban,Principal Arterial - Other,City or Municipal Highway Agency,This section IS ON the NHS,No Special Jurisdiction,Other Fixed Object,Not a Collision with Motor Vehicle In-Transport,No,Non-Junction,Not an Intersection,On Roadside,,Daylight,Not Reported,No,Not Applicable,39.75597778,-104.809825,ADAMS (1),AURORA
80168,2017,1,0,0,1,1,0,3,3,Colorado,May,13,Saturday,6:00pm-6:59pm,26,County Road,Urban,Local,County Highway Agency,This section IS NOT on the NHS,No Special Jurisdiction,Mail Box,Not a Collision with Motor Vehicle In-Transport,No,Intersection-Related,L-Intersection,On Roadside,,Daylight,Not Reported,No,Not Applicable,40.37098333,-105.0402694,LARIMER (69),NOT APPLICABLE
80169,2017,1,0,0,3,3,0,3,3,Colorado,May,12,Friday,4:00pm-4:59pm,4,Interstate,Urban,Interstate,State Highway Agency,This section IS ON the NHS,No Special Jurisdiction,Motor Vehicle In-Transport,Front-to-Rear,No,Non-Junction,Not an Intersection,On Roadway,,Daylight,Clear,No,Not Applicable,39.78428889,-105.0463,DENVER (31),DENVER
80170,2017,1,0,0,2,2,0,2,2,Colorado,May,12,Friday,10:00pm-10:59pm,45,County Road,Rural,Minor Collector,City or Municipal Highway Agency,This section IS NOT on the NHS,No Special Jurisdiction,Motor Vehicle In-Transport,Front-to-Front,No,Non-Junction,Not an Intersection,On Roadway,,Dark - Not Lighted,Not Reported,No,Not Applicable,38.16392222,-104.4234306,PUEBLO (101),NOT APPLICABLE
80171,2017,1,0,0,1,1,0,1,1,Colorado,May,13,Saturday,1:00am-1:59am,46,County Road,Rural,Local,County Highway Agency,This section IS NOT on the NHS,No Special Jurisdiction,Rollover/Overturn,Not a Collision with Motor Vehicle In-Transport,No,Intersection-Related,Y-Intersection,On Roadside,,Dark - Not Lighted,Not Reported,No,Not Applicable,38.90544444,-107.9640944,DELTA (29),NOT APPLICABLE
80172,2017,1,0,0,1,1,0,2,2,Colorado,May,14,Sunday,12:00pm-12:59pm,0,State Highway,Rural,Minor Arterial,State Highway Agency,This section IS NOT on the NHS,No Special Jurisdiction,Fence,Not a Collision with Motor Vehicle In-Transport,No,Non-Junction,Not an Intersection,Outside Trafficway,,Daylight,Not Reported,No,Not Applicable,38.83855556,-104.4816667,EL PASO (41),NOT APPLICABLE
80173,2017,1,0,0,1,1,0,6,6,Colorado,May,14,Sunday,9:00pm-9:59pm,39,County Road,Rural,Minor Collector,County Highway Agency,This section IS NOT on the NHS,No Special Jurisdiction,Rollover/Overturn,Not a Collision with Motor Vehicle In-Transport,No,Non-Junction,Not an Intersection,On Roadway,,Dark - Not Lighted,Not Reported,No,Not Applicable,39.40526111,-107.2363889,GARFIELD (45),NOT APPLICABLE
80174,2017,1,0,0,1,1,0,7,7,Colorado,May,13,Saturday,2:00pm-2:59pm,29,County Road,Rural,Local,County Highway Agency,This section IS NOT on the NHS,No Special Jurisdiction,Fell/Jumped from Vehicle,Not a Collision with Motor Vehicle In-Transport,No,Non-Junction,Not an Intersection,On Roadway,,Daylight,Not Reported,No,Not Applicable,38.35004444,-107.7376222,MONTROSE (85),NOT APPLICABLE
80175,2017,1,0,0,1,1,0,4,4,Colorado,May,15,Monday,1:00pm-1:59pm,15,County Road,Rural,Local,County Highway Agency,This section IS NOT on the NHS,No Special Jurisdiction,Rollover/Overturn,Not a Collision with Motor Vehicle In-Transport,No,Non-Junction,Not an Intersection,On Roadside,,Daylight,Not Reported,No,Not Applicable,39.77641667,-107.1460167,GARFIELD (45),NOT APPLICABLE
80176,2017,2,0,0,3,3,0,3,3,Colorado,May,16,Tuesday,4:00pm-4:59pm,13,State Highway,Rural,Principal Arterial - Other,State Highway Agency,This section IS ON the NHS,No Special Jurisdiction,Motor Vehicle In-Transport,Front-to-Rear,No,Non-Junction,Not an Intersection,On Roadway,,Daylight,Not Reported,No,Not Applicable,39.68794444,-107.9231833,GARFIELD (45),NOT APPLICABLE
80177,2017,1,0,0,1,1,0,1,1,Colorado,May,7,Sunday,6:00am-6:59am,10,County Road,Rural,Minor Collector,County Highway Agency,This section IS NOT on the NHS,No Special Jurisdiction,Ground,Not a Collision with Motor Vehicle In-Transport,No,Non-Junction,Not an Intersection,On Roadside,,Daylight,Clear,No,Not Applicable,40.642875,-105.3012278,LARIMER (69),NOT APPLICABLE