ST_CASE,YEAR,FATALS,PEDS,PERNOTMVIT,VE_TOTAL,VE_FORMS,PVH_INVL,PERSONS,PERMVIT,STATENAME,MONTHNAME,DAYNAME,DAY_WEEKNAME,HOURNAME,MINUTENAME,ROUTENAME,RUR_URBNAME,FUNC_SYSNAME,RD_OWNERNAME,NHSNAME,SP_JURNAME,HARM_EVNAME,MAN_COLLNAME,RELJCT1NAME,RELJCT2NAME,TYP_INTNAME,REL_ROADNAME,WRK_ZONENAME,LGT_CONDNAME,WEATHERNAME,SCH_BUSNAME,RAILNAME,LATITUDE,LONGITUD,COUNTYNAME,CITYNAME
80316,2017,1,0,0,1,1,0,1,1,Colorado,July,29,Saturday,9:00pm-9:59pm,41,County Road,Urban,Local,County Highway Agency,This section IS NOT on the NHS,No Special Jurisdiction,Rollover/Overturn,Not a Collision with Motor Vehicle In-Transport,No,Non-Junction,Not an Intersection,On Roadway,,Dark - Not Lighted,Not Reported,No,Not Applicable,39.82177778,-104.9704278,ADAMS (1),NOT APPLICABLE
80317,2017,1,0,0,2,2,0,3,3,Colorado,July,30,Sunday,1:00pm-1:59pm,0,U.S. Highway,Rural,Principal Arterial - Other,State Highway Agency,This section IS ON the NHS,No Special Jurisdiction,Motor Vehicle In-Transport,Sideswipe - Opposite Direction,No,Non-Junction,Not an Intersection,On Roadway,,Daylight,Not Reported,No,Not Applicable,38.49361111,-105.2843167,FREMONT (43),NOT APPLICABLE
80318,2017,1,0,0,1,1,0,1,1,Colorado,July,28,Friday,0:00am-0:59am,2,U.S. Highway,Urban,Principal Arterial - Other Freeways and Expressways,State Highway Agency,This section IS ON the NHS,No Special Jurisdiction,"Post, Pole or Other Supports",Not a Collision with Motor Vehicle In-Transport,No,Non-Junction,Not an Intersection,On Median,,Dark - Not Lighted,Not Reported,No,Not Applicable,40.40633333,-104.8258333,WELD (123),GREELEY
80319,2017,1,1,1,1,1,0,1,1,Colorado,July,28,Friday,12:00pm-12:59pm,39,Local Street - Municipality,Urban,Local,City or Municipal Highway Agency,This section IS NOT on the NHS,No Special Jurisdiction,Pedalcyclist,Not a Collision with Motor Vehicle In-Transport,No,Driveway Access Related,Not an Intersection,On Roadway,,Daylight,Not Reported,No,Not Applicable,39.78922778,-105.0245833,DENVER (31),DENVER
80320,2017,1,1,1,1,1,0,1,1,Colorado,July,27,Thursday,7:00am-7:59am,24,County Road,Urban,Major Collector,County Highway Agency,This section IS NOT on the NHS,No Special Jurisdiction,Pedestrian,Not a Collision with Motor Vehicle In-Transport,No,Intersection-Related,Four-Way Intersection,On Roadway,,Daylight,Clear,No,Not Applicable,39.08463889,-108.4731639,MESA (77),NOT APPLICABLE
80321,2017,3,0,0,2,2,0,4,4,Colorado,July,27,Thursday,9:00pm-9:59pm,26,Local Street - Municipality,Urban,Minor Arterial,City or Municipal Highway Agency,This section IS NOT on the NHS,No Special Jurisdiction,Motor Vehicle In-Transport,Angle,No,Intersection,Four-Way Intersection,On Roadway,,Dark - Lighted,Not Reported,No,Not Applicable,38.84663333,-104.7294639,EL PASO (41),COLORADO SPGS
80322,2017,1,0,0,1,1,0,1,1,Colorado,July,29,Saturday,6:00am-6:59am,20,U.S. Highway,Urban,Principal Arterial - Other Freeways and Expressways,State Highway Agency,This section IS ON the NHS,No Special Jurisdiction,Tree (Standing Only),Not a Collision with Motor Vehicle In-Transport,No,Non-Junction,Not an Intersection,On Roadside,,Daylight,Not Reported,No,Not Applicable,38.81608333,-104.7706222,EL PASO (41),COLORADO SPGS
80323,2017,1,0,0,2,2,0,2,2,Colorado,July,29,Saturday,2:00pm-2:59pm,19,Local Street - Municipality,Urban,Principal Arterial - Other,City or Municipal Highway Agency,This section IS ON the NHS,No Special Jurisdiction,Motor Vehicle In-Transport,Angle,No,Intersection,T-Intersection,On Roadway,,Daylight,Not Reported,No,Not Applicable,38.92,-104.7751556,EL PASO (41),COLORADO SPGS
80324,2017,1,0,0,1,1,0,2,2,Colorado,July,2,Sunday,1:00pm-1:59pm,11,U.S. Highway,Urban,Principal Arterial - Other Freeways and Expressways,State Highway Agency,This section IS ON the NHS,No Special Jurisdiction,Rollover/Overturn,Not a Collision with Motor Vehicle In-Transport,No,Non-Junction,Not an Intersection,On Roadside,,Daylight,Not Reported,No,Not Applicable,40.05557222,-104.8195833,WELD (123),FORT LUPTON
80325,2017,1,0,0,2,2,0,2,2,Colorado,July,11,Tuesday,12:00pm-12:59pm,59,Local Street - Municipality,Urban,Minor Arterial,City or Municipal Highway Agency,This section IS NOT on the NHS,No Special Jurisdiction,Motor Vehicle In-Transport,Angle,No,Intersection,T-Intersection,On Roadway,,Daylight,Not Reported,No,Not Applicable,39.71383889,-104.9828556,DENVER (31),DENVER
80326,2017,1,0,0,1,1,0,1,1,Colorado,July,30,Sunday,6:00am-6:59am,0,State Highway,Rural,Minor Arterial,State Highway Agency,This section IS NOT on the NHS,No Special Jurisdiction,Guardrail Face,Not a Collision with Motor Vehicle In-Transport,No,Non-Junction,Not an Intersection,On Roadside,,Dark - Not Lighted,Not Reported,No,Not Applicable,38.83875833,-104.3415194,EL PASO (41),NOT APPLICABLE
80327,2017,1,0,0,2,2,0,5,5,Colorado,July,19,Wednesday,11:00am-11:59am,50,U.S. Highway,Urban,Principal Arterial - Other,State Highway Agency,This section IS ON the NHS,No Special Jurisdiction,Motor Vehicle In-Transport,Front-to-Front,No,Intersection,Four-Way Intersection,On Roadway,,Daylight,Not Reported,No,Not Applicable,38.83118333,-104.8405889,EL PASO (41),COLORADO SPGS
80328,2017,1,1,1,1,1,0,1,1,Colorado,July,10,Monday,2:00pm-2:59pm,22,Local Street - Municipality,Urban,Minor Arterial,City or Municipal Highway Agency,This section IS NOT on the NHS,No Special Jurisdiction,Pedalcyclist,Not a Collision with Motor Vehicle In-Transport,No,Non-Junction,Not an Intersection,On Roadway,,Daylight,Not Reported,No,Not Applicable,40.44263889,-105.0963889,LARIMER (69),LOVELAND
80329,2017,1,0,0,2,2,0,2,2,Colorado,July,3,Monday,4:00am-4:59am,26,Local Street - Municipality,Urban,Principal Arterial - Other,City or Municipal Highway Agency,This section IS ON the NHS,No Special Jurisdiction,Motor Vehicle In-Transport,Front-to-Front,No,Intersection,Four-Way Intersection,On Roadway,,Dark - Lighted,Not Reported,No,Not Applicable,39.91425,-104.8189167,ADAMS (1),BRIGHTON
80330,2017,1,0,0,1,1,0,2,2,Colorado,August,2,Wednesday,11:00pm-11:59pm,4,Interstate,Rural,Interstate,State Highway Agency,This section IS ON the NHS,No Special Jurisdiction,Rollover/Overturn,Not a Collision with Motor Vehicle In-Transport,No,Non-Junction,Not an Intersection,On Roadside,,Dark - Not Lighted,Not Reported,No,Not Applicable,38.50013889,-104.626125,PUEBLO (101),NOT APPLICABLE
80331,2017,1,1,1,1,1,0,2,2,Colorado,August,3,Thursday,9:00pm-9:59pm,58,U.S. Highway,Rural,Principal Arterial - Other,State Highway Agency,This section IS ON the NHS,No Special Jurisdiction,Pedestrian,Not a Collision with Motor Vehicle In-Transport,No,Non-Junction,Not an Intersection,On Roadway,,Dark - Not Lighted,Not Reported,No,Not Applicable,38.39571667,-107.4649889,GUNNISON (51),NOT APPLICABLE
80332,2017,1,0,0,1,1,0,3,3,Colorado,August,4,Friday,2:00am-2:59am,30,County Road,Rural,Local,County Highway Agency,This section IS NOT on the NHS,No Special Jurisdiction,Rollover/Overturn,Not a Collision with Motor Vehicle In-Transport,No,Non-Junction,Not an Intersection,On Roadside,,Dark - Not Lighted,Not Reported,No,Not Applicable,38.81650556,-106.8789444,GUNNISON (51),NOT APPLICABLE
80333,2017,1,0,0,1,1,0,1,1,Colorado,August,7,Monday,6:00pm-6:59pm,4,County Road,Rural,Major Collector,County Highway Agency,This section IS NOT on the NHS,No Special Jurisdiction,Guardrail Face,Not a Collision with Motor Vehicle In-Transport,No,Non-Junction,Not an Intersection,On Roadside,,Daylight,Rain,No,Not Applicable,39.73894444,-105.2427083,JEFFERSON (59),NOT APPLICABLE
80334,2017,1,0,0,1,1,0,2,2,Colorado,August,7,Monday,10:00pm-10:59pm,28,Local Street - Municipality,Urban,Minor Arterial,City or Municipal Highway Agency,This section IS NOT on the NHS,No Special Jurisdiction,Embankment,Not a Collision with Motor Vehicle In-Transport,No,Non-Junction,Not an Intersection,On Roadside,,Dark - Not Lighted,Not Reported,No,Not Applicable,38.31581667,-104.7709306,PUEBLO (101),PUEBLO WEST
80335,2017,1,0,0,1,1,0,1,1,Colorado,August,8,Tuesday,10:00am-10:59am,45,Local Street - Municipality,Trafficway Not in State Inventory,Trafficway Not in State Inventory,Trafficway Not in State Inventory,This section IS NOT on the NHS,No Special Jurisdiction,Utility Pole/Light Support,Not a Collision with Motor Vehicle In-Transport,No,Non-Junction,Not an Intersection,On Roadside,,Daylight,Not Reported,No,Not Applicable,39.57617778,-104.7297111,ARAPAHOE (5),AURORA
80336,2017,1,0,0,2,2,0,2,2,Colorado,August,9,Wednesday,5:00pm-5:59pm,43,County Road,Rural,Major Collector,State Highway Agency,This section IS NOT on the NHS,No Special Jurisdiction,Motor Vehicle In-Transport,Angle,No,Intersection,Four-Way Intersection,On Roadway,,Daylight,Not Reported,No,Not Applicable,37.45876667,-106.0393222,ALAMOSA (3),NOT APPLICABLE
80337,2017,1,0,0,2,2,0,3,3,Colorado,August,10,Thursday,5:00pm-5:59pm,32,County Road,Rural,Major Collector,County Highway Agency,This section IS NOT on the NHS,No Special Jurisdiction,Motor Vehicle In-Transport,Sideswipe - Opposite Direction,No,Non-Junction,Not an Intersection,On Roadway,,Daylight,Not Reported,No,Not Applicable,39.60073333,-106.0174,SUMMIT (117),NOT APPLICABLE
80338,2017,2,0,0,2,2,0,2,2,Colorado,August,11,Friday,2:00am-2:59am,10,U.S. Highway,Rural,Principal Arterial - Other,State Highway Agency,This section IS ON the NHS,No Special Jurisdiction,Motor Vehicle In-Transport,Front-to-Front,No,Non-Junction,Not an Intersection,On Roadway,,Dark - Not Lighted,Not Reported,No,Not Applicable,40.12519444,-105.1026722,BOULDER (13),NOT APPLICABLE
80339,2017,1,0,0,1,1,0,2,2,Colorado,August,12,Saturday,2:00am-2:59am,45,County Road,Rural,Minor Collector,County Highway Agency,This section IS NOT on the NHS,No Special Jurisdiction,Rollover/Overturn,Not a Collision with Motor Vehicle In-Transport,No,Intersection-Related,T-Intersection,On Roadside,,Dark - Not Lighted,Not Reported,No,Not Applicable,40.43544444,-106.9563889,ROUTT (107),NOT APPLICABLE
80340,2017,1,0,0,2,2,0,2,2,Colorado,August,12,Saturday,2:00pm-2:59pm,53,U.S. Highway,Urban,Principal Arterial - Other,State Highway Agency,This section IS ON the NHS,No Special Jurisdiction,Motor Vehicle In-Transport,Front-to-Rear,No,Intersection-Related,Four-Way Intersection,On Roadway,,Daylight,Not Reported,No,Not Applicable,39.92227222,-104.852675,ADAMS (1),BRIGHTON
80341,2017,1,0,0,2,2,0,8,8,Colorado,August,12,Saturday,4:00pm-4:59pm,11,State Highway,Rural,Minor Arterial,State Highway Agency,This section IS NOT on the NHS,No Special Jurisdiction,Motor Vehicle In-Transport,Angle,No,Non-Junction,Not an Intersection,On Roadway,,Daylight,Not Reported,No,Not Applicable,39.92263889,-106.3333056,GRAND (49),NOT APPLICABLE
80342,2017,1,0,0,1,1,0,2,2,Colorado,August,12,Saturday,6:00pm-6:59pm,12,Local Street - Municipality,Urban,Minor Arterial,City or Municipal Highway Agency,This section IS NOT on the NHS,No Special Jurisdiction,Curb,Not a Collision with Motor Vehicle In-Transport,No,Non-Junction,Not an Intersection,On Roadside,,Daylight,Not Reported,No,Not Applicable,40.42243333,-104.7944972,WELD (123),GREELEY
80343,2017,1,0,0,3,3,0,7,7,Colorado,August,13,Sunday,5:00am-5:59am,15,Interstate,Urban,Interstate,State Highway Agency,This section IS ON the NHS,No Special Jurisdiction,Cable Barrier,Not a Collision with Motor Vehicle In-Transport,No,Non-Junction,Not an Intersection,On Median,,Dawn,Not Reported,No,Not Applicable,38.97486667,-104.8076417,EL PASO (41),NOT APPLICABLE
80344,2017,1,0,0,2,2,0,3,3,Colorado,August,14,Monday,6:00am-6:59am,45,County Road,Urban,Principal Arterial - Other,County Highway Agency,This section IS ON the NHS,No Special Jurisdiction,Motor Vehicle In-Transport,Angle,No,Intersection,T-Intersection,On Roadway,,Daylight,Not Reported,No,Not Applicable,38.88661944,-104.6891389,EL PASO (41),NOT APPLICABLE
80345,2017,1,0,0,3,3,0,6,6,Colorado,August,14,Monday,3:00pm-3:59pm,20,County Road,Urban,Principal Arterial - Other,County Highway Agency,This section IS ON the NHS,No Special Jurisdiction,Motor Vehicle In-Transport,Angle,No,Intersection,T-Intersection,On Roadway,,Daylight,Not Reported,No,Not Applicable,38.88713889,-104.6829528,EL PASO (41),NOT APPLICABLE
80346,2017,1,0,0,1,1,0,1,1,Colorado,August,15,Tuesday,2:00pm-2:59pm,5,U.S. Highway,Rural,Principal Arterial - Other,State Highway Agency,This section IS ON the NHS,No Special Jurisdiction,Other Object (not fixed),Not a Collision with Motor Vehicle In-Transport,No,Non-Junction,Not an Intersection,On Roadside,,Daylight,Not Reported,No,Not Applicable,40.35341667,-106.5672167,GRAND (49),NOT APPLICABLE
80347,2017,1,0,0,1,1,0,6,6,Colorado,August,5,Saturday,5:00pm-5:59pm,15,U.S. Highway,Rural,Principal Arterial - Other,State Highway Agency,This section IS ON the NHS,No Special Jurisdiction,Rollover/Overturn,Not a Collision with Motor Vehicle In-Transport,No,Non-Junction,Not an Intersection,On Roadside,,Daylight,Sleet or Hail,No,Not Applicable,40.49260556,-107.3357028,ROUTT (107),NOT APPLICABLE
80348,2017,1,0,0,2,2,0,2,2,Colorado,August,14,Monday,6:00pm-6:59pm,37,State Highway,Rural,Principal Arterial - Other,State Highway Agency,This section IS ON the NHS,No Special Jurisdiction,Motor Vehicle In-Transport,Angle,No,Intersection,Four-Way Intersection,On Roadway,,Daylight,Not Reported,No,Not Applicable,40.58273333,-104.7158667,WELD (123),NOT APPLICABLE
80349,2017,1,0,0,2,2,0,5,5,Colorado,August,16,Wednesday,5:00pm-5:59pm,20,U.S. Highway,Rural,Minor Arterial,State Highway Agency,This section IS NOT on the NHS,No Special Jurisdiction,Motor Vehicle In-Transport,Front-to-Front,No,Non-Junction,Not an Intersection,On Roadway,,Daylight,Not Reported,No,Not Applicable,40.254125,-103.8564833,MORGAN (87),NOT APPLICABLE
80350,2017,1,1,1,3,2,1,2,2,Colorado,August,16,Wednesday,5:00pm-5:59pm,27,Interstate,Rural,Interstate,State Highway Agency,This section IS ON the NHS,No Special Jurisdiction,Parked Motor Vehicle,Not a Collision with Motor Vehicle In-Transport,No,Non-Junction,Not an Intersection,On Shoulder,,Daylight,Not Reported,No,Not Applicable,39.52986667,-107.73175,GARFIELD (45),NOT APPLICABLE
80351,2017,1,1,1,1,1,0,1,1,Colorado,August,13,Sunday,8:00pm-8:59pm,49,Local Street - Municipality,Urban,Minor Arterial,City or Municipal Highway Agency,This section IS NOT on the NHS,No Special Jurisdiction,Pedestrian,Not a Collision with Motor Vehicle In-Transport,No,Non-Junction,Not an Intersection,On Roadway,,Dark - Lighted,Not Reported,No,Not Applicable,38.22431111,-104.6252028,PUEBLO (101),PUEBLO
80352,2017,1,0,0,1,1,0,1,1,Colorado,August,14,Monday,7:00pm-7:59pm,23,Local Street - Municipality,Urban,Minor Arterial,City or Municipal Highway Agency,This section IS NOT on the NHS,No Special Jurisdiction,Curb,Not a Collision with Motor Vehicle In-Transport,No,Non-Junction,Not an Intersection,On Median,,Dusk,Not Reported,No,Not Applicable,39.94316111,-105.0016417,ADAMS (1),WESTMINSTER
80353,2017,1,0,0,1,1,0,1,1,Colorado,August,18,Friday,6:00pm-6:59pm,5,U.S. Highway,Rural,Principal Arterial - Other,State Highway Agency,This section IS ON the NHS,No Special Jurisdiction,Rollover/Overturn,Not a Collision with Motor Vehicle In-Transport,No,Non-Junction,Not an Intersection,On Roadside,,Daylight,Not Reported,No,Not Applicable,37.477125,-107.8137306,LA PLATA (67),NOT APPLICABLE
80354,2017,1,0,0,1,1,0,3,3,Colorado,August,19,Saturday,11:00pm-11:59pm,45,County Road,Rural,Minor Collector,County Highway Agency,This section IS NOT on the NHS,No Special Jurisdiction,Rollover/Overturn,Not a Collision with Motor Vehicle In-Transport,No,Non-Junction,Not an Intersection,On Roadway,,Dark - Not Lighted,Not Reported,No,Not Applicable,39.56374444,-104.41615,ARAPAHOE (5),NOT APPLICABLE
80355,2017,1,0,0,1,1,0,1,1,Colorado,August,20,Sunday,12:00pm-12:59pm,15,State Highway,Rural,Minor Arterial,State Highway Agency,This section IS NOT on the NHS,No Special Jurisdiction,Rollover/Overturn,Not a Collision with Motor Vehicle In-Transport,No,Non-Junction,Not an Intersection,On Roadside,,Daylight,Not Reported,No,Not Applicable,37.08958333,-106.3023222,CONEJOS (21),NOT APPLICABLE
80356,2017,1,0,0,1,1,0,3,3,Colorado,August,20,Sunday,3:00pm-3:59pm,55,County Road,Rural,Minor Collector,County Highway Agency,This section IS NOT on the NHS,No Special Jurisdiction,Traffic Sign Support,Not a Collision with Motor Vehicle In-Transport,No,Non-Junction,Not an Intersection,On Roadside,,Daylight,Not Reported,No,Not Applicable,38.39793056,-105.4454,FREMONT (43),NOT APPLICABLE
80357,2017,1,0,0,1,1,0,1,1,Colorado,August,20,Sunday,7:00pm-7:59pm,30,County Road,Rural,Minor Arterial,County Highway Agency,This section IS NOT on the NHS,No Special Jurisdiction,Fence,Not a Collision with Motor Vehicle In-Transport,No,Non-Junction,Not an Intersection,Outside Trafficway,,Daylight,Not Reported,No,Not Applicable,39.04233333,-104.1588889,EL PASO (41),NOT APPLICABLE
80358,2017,1,0,0,1,1,0,2,2,Colorado,August,21,Monday,9:00pm-9:59pm,50,County Road,Rural,Minor Collector,County Highway Agency,This section IS NOT on the NHS,No Special Jurisdiction,Rollover/Overturn,Not a Collision with Motor Vehicle In-Transport,No,Non-Junction,Not an Intersection,On Roadside,,Dark - Not Lighted,Not Reported,No,Not Applicable,40.10088333,-104.8864389,WELD (123),NOT APPLICABLE
80359,2017,1,0,0,1,1,0,1,1,Colorado,August,22,Tuesday,1:00am-1:59am,49,Interstate,Urban,Interstate,State Highway Agency,This section IS ON the NHS,No Special Jurisdiction,Embankment,Not a Collision with Motor Vehicle In-Transport,No,Non-Junction,Not an Intersection,On Roadside,,Dark - Not Lighted,Not Reported,No,Not Applicable,39.89743056,-104.8464861,ADAMS (1),COMMERCE CITY
80360,2017,1,0,0,2,2,0,2,2,Colorado,August,22,Tuesday,5:00am-5:59am,20,U.S. Highway,Rural,Principal Arterial - Other,State Highway Agency,This section IS ON the NHS,No Special Jurisdiction,Motor Vehicle In-Transport,Front-to-Front,No,Non-Junction,Not an Intersection,On Roadway,,Dark - Not Lighted,Not Reported,No,Not Applicable,38.47678611,-105.4341333,FREMONT (43),NOT APPLICABLE
80361,2017,1,1,1,1,1,0,1,1,Colorado,August,16,Wednesday,9:00pm-9:59pm,30,County Road,Urban,Local,County Highway Agency,This section IS NOT on the NHS,No Special Jurisdiction,Pedestrian,Not a Collision with Motor Vehicle In-Transport,No,Non-Junction,Not an Intersection,On Roadside,,Dark - Lighted,Clear,No,Not Applicable,39.84228889,-104.9726833,ADAMS (1),NOT APPLICABLE
80362,2017,1,0,0,2,2,0,3,3,Colorado,August,16,Wednesday,1:00pm-1:59pm,43,Local Street - Municipality,Urban,Local,City or Municipal Highway Agency,This section IS NOT on the NHS,No Special Jurisdiction,Motor Vehicle In-Transport,Angle,No,Intersection,Four-Way Intersection,On Roadway,,Daylight,Not Reported,No,Not Applicable,38.841,-104.7914583,EL PASO (41),COLORADO SPGS
80363,2017,1,1,1,1,1,0,1,1,Colorado,August,20,Sunday,5:00am-5:59am,9,Interstate,Urban,Interstate,State Highway Agency,This section IS ON the NHS,No Special Jurisdiction,Pedestrian,Not a Collision with Motor Vehicle In-Transport,No,Non-Junction,Not an Intersection,On Roadway,Construction,Dark - Lighted,Not Reported,No,Not Applicable,38.82255556,-104.8361389,EL PASO (41),COLORADO SPGS
80364,2017,1,1,1,1,1,0,1,1,Colorado,August,26,Saturday,1:00am-1:59am,55,Local Street - Municipality,Urban,Principal Arterial - Other,City or Municipal Highway Agency,This section IS ON the NHS,No Special Jurisdiction,Pedestrian,Not a Collision with Motor Vehicle In-Transport,No,Intersection-Related,Four-Way Intersection,On Roadway,,Dark - Lighted,Not Reported,No,Not Applicable,39.75444444,-104.9943389,DENVER (31),DENVER
80365,2017,1,0,0,1,1,0,1,1,Colorado,August,26,Saturday,4:00pm-4:59pm,30,State Highway,Rural,Minor Arterial,State Highway Agency,This section IS NOT on the NHS,No Special Jurisdiction,Tree (Standing Only),Not a Collision with Motor Vehicle In-Transport,No,Non-Junction,Not an Intersection,On Roadside,,Daylight,Not Reported,No,Not Applicable,40.36399167,-106.0904861,JACKSON (57),NOT APPLICABLE
80366,2017,1,1,1,1,1,0,1,1,Colorado,August,27,Sunday,10:00pm-10:59pm,35,State Highway,Urban,Principal Arterial - Other,State Highway Agency,This section IS ON the NHS,No Special Jurisdiction,Pedestrian,Not a Collision with Motor Vehicle In-Transport,No,Intersection-Related,T-Intersection,On Roadway,,Dark - Lighted,Not Reported,No,Not Applicable,39.7167,-105.0249667,DENVER (31),DENVER
80367,2017,1,0,0,2,2,0,3,3,Colorado,August,4,Friday,3:00pm-3:59pm,10,State Highway,Rural,Minor Arterial,State Highway Agency,This section IS NOT on the NHS,No Special Jurisdiction,Motor Vehicle In-Transport,Angle,No,Intersection,Four-Way Intersection,On Roadway,,Daylight,Not Reported,No,Not Applicable,40.17618889,-102.7182778,YUMA (125),NOT APPLICABLE
80368,2017,1,0,0,2,2,0,2,2,Colorado,August,28,Monday,2:00pm-2:59pm,5,Local Street - Municipality,Urban,Principal Arterial - Other,City or Municipal Highway Agency,This section IS ON the NHS,No Special Jurisdiction,Motor Vehicle In-Transport,Angle,Yes,Intersection,Four-Way Intersection,On Roadway,,Daylight,Clear,No,Not Applicable,39.77913056,-104.9790583,DENVER (31),DENVER
80369,2017,1,0,0,2,2,0,2,2,Colorado,August,28,Monday,11:00pm-11:59pm,2,U.S. Highway,Urban,Principal Arterial - Other Freeways and Expressways,State Highway Agency,This section IS ON the NHS,No Special Jurisdiction,Motor Vehicle In-Transport,Front-to-Rear,Yes,Through Roadway,Not an Intersection,On Roadway,,Dark - Lighted,Not Reported,No,Not Applicable,39.63611667,-105.1680278,JEFFERSON (59),NOT APPLICABLE
80370,2017,1,1,1,1,1,0,1,1,Colorado,August,24,Thursday,9:00pm-9:59pm,10,State Highway,Urban,Principal Arterial - Other,State Highway Agency,This section IS ON the NHS,No Special Jurisdiction,Pedestrian,Not a Collision with Motor Vehicle In-Transport,No,Intersection-Related,T-Intersection,On Roadway,,Dark - Lighted,Clear,No,Not Applicable,39.69143333,-105.0250194,DENVER (31),DENVER
80371,2017,1,0,0,2,2,0,2,2,Colorado,August,21,Monday,10:00am-10:59am,5,U.S. Highway,Rural,Principal Arterial - Other,State Highway Agency,This section IS ON the NHS,No Special Jurisdiction,"Post, Pole or Other Supports",Not a Collision with Motor Vehicle In-Transport,No,Non-Junction,Not an Intersection,On Roadside,,Daylight,Not Reported,No,Not Applicable,37.22973333,-107.7763333,LA PLATA (67),NOT APPLICABLE
80372,2017,1,0,0,2,2,0,2,2,Colorado,August,18,Friday,11:00pm-11:59pm,8,State Highway,Urban,Principal Arterial - Other,State Highway Agency,This section IS ON the NHS,No Special Jurisdiction,Motor Vehicle In-Transport,Front-to-Rear,No,Non-Junction,Not an Intersection,On Roadway,,Dark - Lighted,Not Reported,No,Not Applicable,39.8396,-105.0532083,ADAMS (1),WESTMINSTER
80373,2017,1,0,0,1,1,0,2,2,Colorado,August,15,Tuesday,1:00am-1:59am,26,Local Street - Municipality,Urban,Principal Arterial - Other,City or Municipal Highway Agency,This section IS ON the NHS,No Special Jurisdiction,Curb,Not a Collision with Motor Vehicle In-Transport,No,Non-Junction,Not an Intersection,On Median,,Dark - Lighted,Not Reported,No,Not Applicable,39.69658889,-104.8317444,ARAPAHOE (5),AURORA
80374,2017,1,1,1,1,1,0,3,3,Colorado,August,26,Saturday,8:00am-8:59am,45,U.S. Highway,Rural,Minor Arterial,State Highway Agency,This section IS NOT on the NHS,No Special Jurisdiction,Pedalcyclist,Not a Collision with Motor Vehicle In-Transport,No,Non-Junction,Not an Intersection,On Roadway,,Daylight,Not Reported,No,Not Applicable,40.08297222,-105.2821889,BOULDER (13),NOT APPLICABLE
80375,2017,1,0,0,1,1,0,1,1,Colorado,August,16,Wednesday,11:00pm-11:59pm,49,County Road,Rural,Major Collector,County Highway Agency,This section IS NOT on the NHS,No Special Jurisdiction,Tree (Standing Only),Not a Collision with Motor Vehicle In-Transport,No,Non-Junction,Not an Intersection,On Roadside,,Dark - Not Lighted,Clear,No,Not Applicable,39.64073889,-105.2857889,JEFFERSON (59),NOT APPLICABLE
80376,2017,1,0,0,2,2,0,2,2,Colorado,August,28,Monday,9:00am-9:59am,27,State Highway,Urban,Principal Arterial - Other,State Highway Agency,This section IS ON the NHS,No Special Jurisdiction,Motor Vehicle In-Transport,Angle,No,Intersection,Four-Way Intersection,On Roadway,,Daylight,Not Reported,No,Not Applicable,39.733075,-105.053175,DENVER (31),DENVER
80377,2017,1,0,0,1,1,0,2,2,Colorado,August,31,Thursday,2:00am-2:59am,3,U.S. Highway,Urban,Principal Arterial - Other,State Highway Agency,This section IS ON the NHS,No Special Jurisdiction,Traffic Signal Support,Not a Collision with Motor Vehicle In-Transport,No,Intersection-Related,Four-Way Intersection,On Roadside,,Dark - Lighted,Not Reported,No,Not Applicable,38.81638333,-104.7299611,EL PASO (41),COLORADO SPGS
80378,2017,1,0,0,1,1,0,1,1,Colorado,August,31,Thursday,11:00pm-11:59pm,0,County Road,Rural,Major Collector,County Highway Agency,This section IS NOT on the NHS,No Special Jurisdiction,Rollover/Overturn,Not a Collision with Motor Vehicle In-Transport,No,Non-Junction,Not an Intersection,Outside Trafficway,,Dark - Not Lighted,Not Reported,No,Not Applicable,39.60076389,-106.0163889,SUMMIT (117),NOT APPLICABLE
80379,2017,1,0,0,2,2,0,2,2,Colorado,August,1,Tuesday,10:00pm-10:59pm,55,Interstate,Urban,Interstate,State Highway Agency,This section IS ON the NHS,No Special Jurisdiction,Motor Vehicle In-Transport,Front-to-Front,No,Non-Junction,Not an Intersection,On Roadway,,Dark - Lighted,Not Reported,No,Not Applicable,38.29335,-104.6088667,PUEBLO (101),PUEBLO
80380,2017,1,0,0,2,2,0,3,3,Colorado,August,9,Wednesday,1:00pm-1:59pm,20,Local Street - Municipality,Urban,Minor Arterial,City or Municipal Highway Agency,This section IS NOT on the NHS,No Special Jurisdiction,Motor Vehicle In-Transport,Front-to-Rear,No,Intersection-Related,T-Intersection,On Roadway,,Daylight,Not Reported,No,Not Applicable,39.97236667,-104.7620167,ADAMS (1),BRIGHTON
80381,2017,1,0,0,1,1,0,5,5,Colorado,August,16,Wednesday,10:00pm-10:59pm,17,U.S. Highway,Rural,Principal Arterial - Other,State Highway Agency,This section IS ON the NHS,No Special Jurisdiction,Guardrail Face,Not a Collision with Motor Vehicle In-Transport,No,Non-Junction,Not an Intersection,On Roadside,,Dark - Not Lighted,Not Reported,No,Not Applicable,39.61895556,-105.2115278,JEFFERSON (59),MORRISON
80382,2017,1,0,0,2,2,0,2,2,Colorado,August,5,Saturday,10:00pm-10:59pm,19,U.S. Highway,Urban,Principal Arterial - Other,State Highway Agency,This section IS ON the NHS,No Special Jurisdiction,Motor Vehicle In-Transport,Angle,No,Intersection,T-Intersection,On Roadway,,Dark - Not Lighted,Not Reported,No,Not Applicable,40.01489444,-104.8181806,WELD (123),NOT APPLICABLE