ST_CASE,YEAR,FATALS,PEDS,PERNOTMVIT,VE_TOTAL,VE_FORMS,PVH_INVL,PERSONS,PERMVIT,STATENAME,MONTHNAME,DAYNAME,DAY_WEEKNAME,HOURNAME,MINUTENAME,ROUTENAME,RUR_URBNAME,FUNC_SYSNAME,RD_OWNERNAME,NHSNAME,SP_JURNAME,HARM_EVNAME,MAN_COLLNAME,RELJCT1NAME,RELJCT2NAME,TYP_INTNAME,REL_ROADNAME,WRK_ZONENAME,LGT_CONDNAME,WEATHERNAME,SCH_BUSNAME,RAILNAME,LATITUDE,LONGITUD,COUNTYNAME,CITYNAME
80452,2017,1,1,1,1,1,0,1,1,Colorado,October,9,Monday,0:00am-0:59am,34,Interstate,Urban,Interstate,State Highway Agency,This section IS ON the NHS,No Special Jurisdiction,Pedestrian,Not a Collision with Motor Vehicle In-Transport,Yes,Entrance/Exit Ramp Related,Not an Intersection,On Shoulder,,Dark - Lighted,Blowing Snow,No,Not Applicable,39.74003889,-104.7279722,ARAPAHOE (5),NOT APPLICABLE
80453,2017,1,0,0,1,1,0,2,2,Colorado,October,10,Tuesday,3:00pm-3:59pm,57,Interstate,Urban,Interstate,State Highway Agency,This section IS ON the NHS,No Special Jurisdiction,Guardrail Face,Not a Collision with Motor Vehicle In-Transport,No,Non-Junction,Not an Intersection,On Median,,Daylight,Not Reported,No,Not Applicable,38.75472222,-104.7632611,EL PASO (41),NOT APPLICABLE
80454,2017,1,1,1,1,1,0,1,1,Colorado,October,12,Thursday,6:00am-6:59am,11,Local Street - Municipality,Urban,Minor Arterial,City or Municipal Highway Agency,This section IS NOT on the NHS,No Special Jurisdiction,Pedalcyclist,Not a Collision with Motor Vehicle In-Transport,No,Non-Junction,Not an Intersection,On Roadway,,Dark - Not Lighted,Not Reported,No,Not Applicable,39.75325,-104.7656528,ADAMS (1),AURORA
80455,2017,1,0,0,1,1,0,1,1,Colorado,October,10,Tuesday,11:00pm-11:59pm,59,State Highway,Urban,Minor Arterial,State Highway Agency,This section IS NOT on the NHS,No Special Jurisdiction,Traffic Sign Support,Not a Collision with Motor Vehicle In-Transport,No,Non-Junction,Not an Intersection,On Roadside,,Dark - Lighted,Not Reported,No,Not Applicable,39.08027778,-108.6371611,MESA (77),GRAND JUNCTION
80456,2017,1,0,0,2,2,0,2,2,Colorado,October,12,Thursday,10:00am-10:59am,35,State Highway,Rural,Minor Arterial,State Highway Agency,This section IS NOT on the NHS,No Special Jurisdiction,Motor Vehicle In-Transport,Front-to-Front,No,Non-Junction,Not an Intersection,On Roadway,,Daylight,Not Reported,No,Not Applicable,38.62063611,-104.8808556,EL PASO (41),NOT APPLICABLE
80457,2017,1,0,0,2,2,0,2,2,Colorado,October,12,Thursday,2:00pm-2:59pm,15,U.S. Highway,Rural,Principal Arterial - Other,State Highway Agency,This section IS ON the NHS,No Special Jurisdiction,Motor Vehicle In-Transport,Sideswipe - Same Direction,No,Intersection-Related,T-Intersection,On Roadway,,Daylight,Clear,No,Not Applicable,39.43888889,-104.9602306,DOUGLAS (35),NOT APPLICABLE
80458,2017,1,0,0,1,1,0,1,1,Colorado,October,13,Friday,12:00pm-12:59pm,6,U.S. Highway,Urban,Principal Arterial - Other,State Highway Agency,This section IS ON the NHS,No Special Jurisdiction,Curb,Not a Collision with Motor Vehicle In-Transport,No,Non-Junction,Not an Intersection,On Median,,Daylight,Not Reported,No,Not Applicable,40.55658333,-105.0770833,LARIMER (69),FORT COLLINS
80459,2017,1,0,0,4,4,0,4,4,Colorado,October,13,Friday,9:00pm-9:59pm,16,Local Street - Municipality,Urban,Principal Arterial - Other,City or Municipal Highway Agency,This section IS ON the NHS,No Special Jurisdiction,Curb,Not a Collision with Motor Vehicle In-Transport,No,Non-Junction,Not an Intersection,On Median,,Dark - Lighted,Not Reported,No,Not Applicable,39.87323611,-105.0531833,ADAMS (1),WESTMINSTER
80460,2017,1,0,0,2,2,0,3,3,Colorado,October,14,Saturday,7:00am-7:59am,44,State Highway,Rural,Minor Arterial,State Highway Agency,This section IS NOT on the NHS,No Special Jurisdiction,Motor Vehicle In-Transport,Front-to-Front,No,Non-Junction,Not an Intersection,On Roadway,,Daylight,"Fog, Smog, Smoke",No,Not Applicable,40.07322222,-104.2734028,WELD (123),NOT APPLICABLE
80461,2017,1,0,0,1,1,0,1,1,Colorado,October,15,Sunday,1:00am-1:59am,42,State Highway,Urban,Principal Arterial - Other Freeways and Expressways,State Highway Agency,This section IS ON the NHS,No Special Jurisdiction,Curb,Not a Collision with Motor Vehicle In-Transport,No,Non-Junction,Not an Intersection,On Median,,Dark - Lighted,Not Reported,No,Not Applicable,39.64683889,-104.8288833,ARAPAHOE (5),AURORA
80462,2017,1,0,0,2,2,0,2,2,Colorado,October,6,Friday,4:00pm-4:59pm,6,Local Street - Municipality,Urban,Local,City or Municipal Highway Agency,This section IS NOT on the NHS,No Special Jurisdiction,Motor Vehicle In-Transport,Sideswipe - Same Direction,No,Driveway Access Related,Not an Intersection,On Roadway,,Daylight,Not Reported,No,Not Applicable,39.10979444,-108.6267083,MESA (77),GRAND JUNCTION
80463,2017,1,0,0,2,2,0,3,3,Colorado,October,17,Tuesday,2:00pm-2:59pm,2,State Highway,Urban,Principal Arterial - Other,State Highway Agency,This section IS ON the NHS,No Special Jurisdiction,Motor Vehicle In-Transport,Front-to-Rear,No,Intersection-Related,Four-Way Intersection,On Roadway,,Daylight,Not Reported,No,Not Applicable,39.71136111,-104.8661417,ARAPAHOE (5),AURORA
80464,2017,1,0,0,2,2,0,2,2,Colorado,October,11,Wednesday,8:00pm-8:59pm,18,Local Street - Municipality,Urban,Principal Arterial - Other,City or Municipal Highway Agency,This section IS ON the NHS,No Special Jurisdiction,Motor Vehicle In-Transport,Angle,No,Intersection,Four-Way Intersection,On Roadway,,Dark - Lighted,Not Reported,No,Not Applicable,39.75452778,-104.9874667,DENVER (31),DENVER
80465,2017,1,1,1,1,1,0,1,1,Colorado,October,18,Wednesday,7:00am-7:59am,1,U.S. Highway,Urban,Minor Arterial,State Highway Agency,This section IS NOT on the NHS,No Special Jurisdiction,Pedestrian,Not a Collision with Motor Vehicle In-Transport,No,Driveway Access Related,Not an Intersection,On Roadway,,Daylight,Not Reported,Yes,Not Applicable,39.09595,-108.4148889,MESA (77),NOT APPLICABLE
80466,2017,1,0,0,1,1,0,1,1,Colorado,October,21,Saturday,11:00pm-11:59pm,0,U.S. Highway,Rural,Minor Arterial,State Highway Agency,This section IS NOT on the NHS,No Special Jurisdiction,"Post, Pole or Other Supports",Not a Collision with Motor Vehicle In-Transport,No,Non-Junction,Not an Intersection,On Roadside,,Dark - Not Lighted,Not Reported,No,Not Applicable,39.74026667,-105.4099806,CLEAR CREEK (19),NOT APPLICABLE
80467,2017,3,0,0,2,2,0,5,5,Colorado,October,22,Sunday,1:00pm-1:59pm,47,County Road,Rural,Minor Arterial,County Highway Agency,This section IS NOT on the NHS,No Special Jurisdiction,Motor Vehicle In-Transport,Angle,No,Intersection,Four-Way Intersection,On Roadway,,Daylight,Not Reported,No,Not Applicable,39.01281667,-104.7382806,EL PASO (41),NOT APPLICABLE
80468,2017,1,0,0,1,1,0,4,4,Colorado,October,22,Sunday,9:00pm-9:59pm,55,County Road,Urban,Major Collector,County Highway Agency,This section IS NOT on the NHS,No Special Jurisdiction,Fence,Not a Collision with Motor Vehicle In-Transport,No,Non-Junction,Not an Intersection,Outside Trafficway,,Dark - Not Lighted,Not Reported,No,Not Applicable,39.97461667,-104.851025,ADAMS (1),NOT APPLICABLE
80469,2017,3,0,0,1,1,0,3,3,Colorado,October,23,Monday,5:00am-5:59am,45,Local Street - Municipality,Urban,Minor Arterial,City or Municipal Highway Agency,This section IS NOT on the NHS,No Special Jurisdiction,Fence,Not a Collision with Motor Vehicle In-Transport,No,Intersection-Related,T-Intersection,Outside Trafficway,,Dark - Not Lighted,Not Reported,No,Not Applicable,40.45479167,-104.7489722,WELD (123),GREELEY
80470,2017,1,1,1,1,1,0,1,1,Colorado,October,17,Tuesday,9:00pm-9:59pm,24,Local Street - Municipality,Urban,Minor Arterial,City or Municipal Highway Agency,This section IS NOT on the NHS,No Special Jurisdiction,Pedestrian,Not a Collision with Motor Vehicle In-Transport,No,Non-Junction,Not an Intersection,On Roadway,,Dark - Lighted,Not Reported,No,Not Applicable,39.09468611,-108.6100333,MESA (77),GRAND JUNCTION
80471,2017,1,0,0,2,2,0,2,2,Colorado,October,17,Tuesday,10:00am-10:59am,11,Local Street - Municipality,Urban,Principal Arterial - Other,City or Municipal Highway Agency,This section IS ON the NHS,No Special Jurisdiction,Motor Vehicle In-Transport,Angle,No,Driveway Access Related,Not an Intersection,On Roadway,,Daylight,Not Reported,No,Not Applicable,39.71106111,-105.0638889,JEFFERSON (59),LAKEWOOD
80472,2017,1,0,0,2,2,0,2,2,Colorado,October,23,Monday,12:00pm-12:59pm,44,State Highway,Urban,Principal Arterial - Other,State Highway Agency,This section IS ON the NHS,No Special Jurisdiction,Motor Vehicle In-Transport,Angle,No,Intersection,Four-Way Intersection,On Roadway,,Daylight,Not Reported,No,Not Applicable,39.80554167,-105.0531139,JEFFERSON (59),ARVADA
80473,2017,1,0,0,1,1,0,1,1,Colorado,October,24,Tuesday,8:00pm-8:59pm,20,U.S. Highway,Rural,Principal Arterial - Other,State Highway Agency,This section IS ON the NHS,No Special Jurisdiction,"Post, Pole or Other Supports",Not a Collision with Motor Vehicle In-Transport,No,Non-Junction,Not an Intersection,On Roadside,,Dark - Not Lighted,Not Reported,No,Not Applicable,38.26726667,-104.3761833,PUEBLO (101),NOT APPLICABLE
80474,2017,1,0,0,3,3,0,3,3,Colorado,October,17,Tuesday,3:00pm-3:59pm,33,Local Street - Municipality,Urban,Principal Arterial - Other,City or Municipal Highway Agency,This section IS ON the NHS,No Special Jurisdiction,Motor Vehicle In-Transport,Angle,No,Intersection,Four-Way Intersection,On Roadway,,Daylight,Not Reported,No,Not Applicable,39.82714722,-105.1285472,JEFFERSON (59),ARVADA
80475,2017,1,0,0,1,1,0,3,3,Colorado,October,21,Saturday,6:00pm-6:59pm,18,Interstate,Rural,Interstate,State Highway Agency,This section IS ON the NHS,No Special Jurisdiction,Rollover/Overturn,Not a Collision with Motor Vehicle In-Transport,Yes,Other location within Interchange Area,Not an Intersection,Gore,,Dusk,Not Reported,No,Not Applicable,39.65661667,-106.6305556,EAGLE (37),NOT APPLICABLE
80476,2017,1,0,0,1,1,0,1,1,Colorado,October,27,Friday,4:00am-4:59am,0,County Road,Rural,Local,County Highway Agency,This section IS NOT on the NHS,No Special Jurisdiction,Rollover/Overturn,Not a Collision with Motor Vehicle In-Transport,No,Non-Junction,Not an Intersection,On Roadside,,Dark - Not Lighted,Not Reported,No,Not Applicable,40.20590278,-103.8492833,MORGAN (87),NOT APPLICABLE
80477,2017,1,0,0,2,2,0,2,2,Colorado,October,25,Wednesday,2:00am-2:59am,30,Interstate,Urban,Interstate,State Highway Agency,This section IS ON the NHS,No Special Jurisdiction,Motor Vehicle In-Transport,Front-to-Front,Yes,Through Roadway,Not an Intersection,On Roadway,,Dark - Lighted,Not Reported,No,Not Applicable,39.72518056,-105.0130889,DENVER (31),DENVER
80478,2017,1,0,0,1,1,0,1,1,Colorado,October,27,Friday,9:00pm-9:59pm,0,County Road,Rural,Local,County Highway Agency,This section IS NOT on the NHS,No Special Jurisdiction,Rollover/Overturn,Not a Collision with Motor Vehicle In-Transport,No,Non-Junction,Not an Intersection,Outside Trafficway,,Dark - Not Lighted,Not Reported,No,Not Applicable,40.11642222,-104.4993056,WELD (123),NOT APPLICABLE
80479,2017,1,0,0,2,2,0,3,3,Colorado,October,28,Saturday,10:00am-10:59am,9,Local Street - Municipality,Urban,Principal Arterial - Other,City or Municipal Highway Agency,This section IS ON the NHS,No Special Jurisdiction,Curb,Not a Collision with Motor Vehicle In-Transport,No,Non-Junction,Not an Intersection,On Roadside,,Daylight,Not Reported,No,Not Applicable,39.68511111,-104.8473222,ARAPAHOE (5),AURORA
80480,2017,1,0,0,1,1,0,1,1,Colorado,October,30,Monday,5:00am-5:59am,15,Interstate,Urban,Interstate,State Highway Agency,This section IS ON the NHS,No Special Jurisdiction,Tree (Standing Only),Not a Collision with Motor Vehicle In-Transport,No,Non-Junction,Not an Intersection,On Roadside,,Dark - Not Lighted,Not Reported,No,Not Applicable,39.114,-104.8659028,EL PASO (41),NOT APPLICABLE
80481,2017,1,0,0,2,2,0,2,2,Colorado,October,20,Friday,2:00pm-2:59pm,20,U.S. Highway,Rural,Principal Arterial - Other,State Highway Agency,This section IS ON the NHS,No Special Jurisdiction,"Post, Pole or Other Supports",Not a Collision with Motor Vehicle In-Transport,No,Non-Junction,Not an Intersection,On Roadside,,Daylight,Not Reported,No,Not Applicable,40.49947778,-107.2218889,ROUTT (107),NOT APPLICABLE
80482,2017,1,0,0,2,2,0,3,3,Colorado,October,19,Thursday,2:00pm-2:59pm,25,U.S. Highway,Urban,Principal Arterial - Other,State Highway Agency,This section IS ON the NHS,No Special Jurisdiction,Motor Vehicle In-Transport,Angle,No,Intersection,T-Intersection,On Roadway,,Daylight,Not Reported,No,Not Applicable,40.42117778,-104.8417167,WELD (123),GREELEY
80483,2017,1,1,1,1,1,0,1,1,Colorado,October,27,Friday,4:00am-4:59am,34,U.S. Highway,Urban,Principal Arterial - Other,State Highway Agency,This section IS ON the NHS,No Special Jurisdiction,Pedestrian,Not a Collision with Motor Vehicle In-Transport,Yes,Through Roadway,Not an Intersection,On Roadway,,Dark - Lighted,Not Reported,No,Not Applicable,39.83669167,-105.0249917,ADAMS (1),WESTMINSTER
80484,2017,2,0,0,2,2,0,3,3,Colorado,October,29,Sunday,4:00pm-4:59pm,15,Interstate,Urban,Interstate,State Highway Agency,This section IS ON the NHS,No Special Jurisdiction,"Post, Pole or Other Supports",Not a Collision with Motor Vehicle In-Transport,No,Non-Junction,Not an Intersection,On Roadside,,Daylight,Not Reported,No,Not Applicable,39.10501667,-108.5325667,MESA (77),GRAND JUNCTION
80485,2017,1,1,1,1,1,0,1,1,Colorado,October,24,Tuesday,7:00am-7:59am,55,Local Street - Municipality,Urban,Local,City or Municipal Highway Agency,This section IS NOT on the NHS,No Special Jurisdiction,Pedestrian,Not a Collision with Motor Vehicle In-Transport,No,Intersection-Related,Four-Way Intersection,On Roadway,,Daylight,Not Reported,No,Not Applicable,39.98361944,-104.8113028,ADAMS (1),BRIGHTON
80486,2017,1,2,2,1,1,0,1,1,Colorado,October,29,Sunday,0:00am-0:59am,32,Local Street - Municipality,Urban,Principal Arterial - Other,City or Municipal Highway Agency,This section IS ON the NHS,No Special Jurisdiction,Pedestrian,Not a Collision with Motor Vehicle In-Transport,No,Intersection-Related,Four-Way Intersection,On Roadway,,Dark - Lighted,Not Reported,No,Not Applicable,38.89692778,-104.8075833,EL PASO (41),COLORADO SPGS
80487,2017,1,0,0,4,4,0,4,4,Colorado,October,30,Monday,6:00am-6:59am,42,State Highway,Urban,Principal Arterial - Other Freeways and Expressways,State Highway Agency,This section IS ON the NHS,No Special Jurisdiction,Motor Vehicle In-Transport,Front-to-Rear,No,Non-Junction,Not an Intersection,On Roadway,,Dark - Lighted,Not Reported,No,Not Applicable,40.152525,-105.0977889,BOULDER (13),LONGMONT
80488,2017,1,1,1,1,1,0,1,1,Colorado,October,6,Friday,6:00am-6:59am,12,State Highway,Urban,Principal Arterial - Other,State Highway Agency,This section IS ON the NHS,No Special Jurisdiction,Pedestrian,Not a Collision with Motor Vehicle In-Transport,No,Intersection-Related,T-Intersection,On Roadway,,Dark - Lighted,Clear,No,Not Applicable,39.69485278,-105.02515,DENVER (31),DENVER
80489,2017,2,0,0,2,2,0,2,2,Colorado,October,1,Sunday,3:00pm-3:59pm,50,County Road,Rural,Major Collector,County Highway Agency,This section IS NOT on the NHS,No Special Jurisdiction,Motor Vehicle In-Transport,Front-to-Front,No,Non-Junction,Not an Intersection,On Roadway,,Daylight,Clear,No,Not Applicable,39.34594444,-104.5808306,ELBERT (39),NOT APPLICABLE
80490,2017,1,1,1,1,1,0,1,1,Colorado,October,6,Friday,3:00pm-3:59pm,53,State Highway,Urban,Principal Arterial - Other,State Highway Agency,This section IS ON the NHS,No Special Jurisdiction,Pedestrian,Not a Collision with Motor Vehicle In-Transport,No,Intersection-Related,T-Intersection,On Roadway,,Daylight,Not Reported,No,Not Applicable,39.77408333,-105.0814972,JEFFERSON (59),WHEAT RIDGE
80491,2017,1,0,0,2,2,0,2,2,Colorado,March,2,Thursday,5:00am-5:59am,23,U.S. Highway,Urban,Principal Arterial - Other,State Highway Agency,This section IS ON the NHS,No Special Jurisdiction,Motor Vehicle In-Transport,Angle,No,Intersection,Four-Way Intersection,On Roadway,,Dark - Not Lighted,Clear,No,Not Applicable,40.04386667,-104.8198472,WELD (123),FORT LUPTON
80492,2017,1,0,0,2,2,0,3,3,Colorado,June,24,Saturday,5:00pm-5:59pm,56,Local Street - Municipality,Urban,Minor Arterial,City or Municipal Highway Agency,This section IS NOT on the NHS,No Special Jurisdiction,Motor Vehicle In-Transport,Sideswipe - Same Direction,No,Non-Junction,Not an Intersection,On Roadway,,Daylight,Not Reported,No,Not Applicable,38.27899167,-104.6078917,PUEBLO (101),PUEBLO
80493,2017,1,0,0,2,2,0,3,3,Colorado,July,30,Sunday,2:00am-2:59am,56,U.S. Highway,Urban,Principal Arterial - Other,State Highway Agency,This section IS ON the NHS,No Special Jurisdiction,Motor Vehicle In-Transport,Angle,No,Intersection,Four-Way Intersection,On Roadway,,Dark - Lighted,Not Reported,No,Not Applicable,39.65287222,-105.0323444,ARAPAHOE (5),SHERIDAN
80494,2017,1,0,0,2,2,0,3,3,Colorado,August,20,Sunday,11:00am-11:59am,47,State Highway,Urban,Principal Arterial - Other,State Highway Agency,This section IS ON the NHS,No Special Jurisdiction,Motor Vehicle In-Transport,Angle,No,Intersection,Four-Way Intersection,On Roadway,,Daylight,Not Reported,No,Not Applicable,39.75475556,-105.1096472,JEFFERSON (59),LAKEWOOD
80495,2017,1,0,0,2,2,0,2,2,Colorado,September,30,Saturday,3:00pm-3:59pm,5,County Road,Rural,Minor Collector,County Highway Agency,This section IS NOT on the NHS,No Special Jurisdiction,Motor Vehicle In-Transport,Front-to-Front,No,Non-Junction,Not an Intersection,On Roadway,,Daylight,Not Reported,No,Not Applicable,39.28401389,-106.44605,LAKE (65),NOT APPLICABLE
80496,2017,1,0,0,1,1,0,2,2,Colorado,May,26,Friday,8:00pm-8:59pm,43,County Road,Rural,Major Collector,Indian Tribe Nation,This section IS NOT on the NHS,Indian Reservation,"Post, Pole or Other Supports",Not a Collision with Motor Vehicle In-Transport,No,Non-Junction,Not an Intersection,On Roadside,,Dusk,Not Reported,No,Not Applicable,37.06881944,-107.8215333,LA PLATA (67),NOT APPLICABLE
80497,2017,1,0,0,1,1,0,1,1,Colorado,June,27,Tuesday,2:00pm-2:59pm,8,County Road,Rural,Major Collector,National Park Service,This section IS NOT on the NHS,National Park Service,Rollover/Overturn,Not a Collision with Motor Vehicle In-Transport,No,Non-Junction,Not an Intersection,Outside Trafficway,,Daylight,Clear,No,Not Applicable,39.07437778,-108.7246694,MESA (77),NOT APPLICABLE
80498,2017,1,0,0,2,2,0,6,6,Colorado,July,9,Sunday,4:00pm-4:59pm,40,U.S. Highway,Urban,Principal Arterial - Other,State Highway Agency,This section IS ON the NHS,No Special Jurisdiction,Motor Vehicle In-Transport,Angle,No,Intersection,Four-Way Intersection,On Roadway,,Daylight,Clear,No,Not Applicable,38.86539722,-104.9212806,EL PASO (41),MANITOU SPGS
80499,2017,1,0,0,1,1,0,1,1,Colorado,October,12,Thursday,12:00pm-12:59pm,11,Local Street - Municipality,Urban,Minor Arterial,City or Municipal Highway Agency,This section IS NOT on the NHS,No Special Jurisdiction,Other Non-Collision,Not a Collision with Motor Vehicle In-Transport,No,Intersection,Four-Way Intersection,On Roadway,,Daylight,Not Reported,No,Not Applicable,40.40902778,-104.7943722,WELD (123),GREELEY
80500,2017,1,0,0,1,1,0,2,2,Colorado,January,14,Saturday,7:00pm-7:59pm,41,Local Street - Municipality,Urban,Minor Arterial,City or Municipal Highway Agency,This section IS NOT on the NHS,No Special Jurisdiction,Wall,Not a Collision with Motor Vehicle In-Transport,No,Non-Junction,Not an Intersection,On Roadside,,Dark - Lighted,Not Reported,No,Not Applicable,39.76962222,-105.0362083,DENVER (31),DENVER
80501,2017,1,0,0,1,1,0,2,2,Colorado,November,1,Wednesday,5:00am-5:59am,50,U.S. Highway,Rural,Principal Arterial - Other,State Highway Agency,This section IS ON the NHS,No Special Jurisdiction,Rollover/Overturn,Not a Collision with Motor Vehicle In-Transport,No,Non-Junction,Not an Intersection,On Roadside,,Dark - Not Lighted,Not Reported,No,Not Applicable,38.48789444,-105.91745,FREMONT (43),NOT APPLICABLE
80502,2017,1,0,0,2,2,0,4,4,Colorado,November,4,Saturday,4:00pm-4:59pm,17,Interstate,Rural,Interstate,State Highway Agency,This section IS ON the NHS,No Special Jurisdiction,Motor Vehicle In-Transport,Front-to-Rear,No,Crossover-Related,Not an Intersection,On Roadway,,Daylight,Not Reported,No,Not Applicable,40.24825556,-104.0341944,MORGAN (87),NOT APPLICABLE
80503,2017,1,1,1,1,1,0,1,1,Colorado,November,4,Saturday,9:00pm-9:59pm,20,U.S. Highway,Rural,Minor Arterial,State Highway Agency,This section IS NOT on the NHS,No Special Jurisdiction,Pedestrian,Not a Collision with Motor Vehicle In-Transport,No,Non-Junction,Not an Intersection,On Roadway,,Dark - Not Lighted,Not Reported,No,Not Applicable,40.13561111,-105.2822361,BOULDER (13),NOT APPLICABLE
80504,2017,1,0,0,1,1,0,2,2,Colorado,November,6,Monday,7:00am-7:59am,57,County Road,Rural,Minor Arterial,County Highway Agency,This section IS NOT on the NHS,No Special Jurisdiction,Fence,Not a Collision with Motor Vehicle In-Transport,No,Non-Junction,Not an Intersection,On Roadside,,Daylight,Not Reported,No,Not Applicable,38.43296111,-104.5897389,PUEBLO (101),NOT APPLICABLE
80505,2017,1,1,1,1,1,0,1,1,Colorado,November,6,Monday,5:00pm-5:59pm,44,Local Street - Municipality,Urban,Minor Arterial,City or Municipal Highway Agency,This section IS NOT on the NHS,No Special Jurisdiction,Pedestrian,Not a Collision with Motor Vehicle In-Transport,No,Intersection-Related,T-Intersection,On Roadway,,Dark - Not Lighted,Not Reported,No,Not Applicable,39.68465556,-104.7722222,ARAPAHOE (5),AURORA
80506,2017,1,0,0,1,1,0,2,2,Colorado,November,8,Wednesday,5:00pm-5:59pm,15,County Road,Rural,Minor Collector,County Highway Agency,This section IS NOT on the NHS,No Special Jurisdiction,Rollover/Overturn,Not a Collision with Motor Vehicle In-Transport,No,Intersection-Related,Four-Way Intersection,On Roadside,,Dusk,Not Reported,No,Not Applicable,40.03252778,-102.1708028,YUMA (125),NOT APPLICABLE
80507,2017,1,0,0,2,2,0,2,2,Colorado,November,1,Wednesday,5:00am-5:59am,11,U.S. Highway,Urban,Principal Arterial - Other,State Highway Agency,This section IS ON the NHS,No Special Jurisdiction,Motor Vehicle In-Transport,Angle,No,Intersection,Four-Way Intersection,On Roadway,,Dark - Lighted,Not Reported,No,Not Applicable,40.01503889,-105.1030389,BOULDER (13),NOT APPLICABLE
80508,2017,1,0,0,1,1,0,1,1,Colorado,November,10,Friday,2:00am-2:59am,31,Local Street - Municipality,Urban,Minor Arterial,County Highway Agency,This section IS NOT on the NHS,No Special Jurisdiction,Rollover/Overturn,Not a Collision with Motor Vehicle In-Transport,No,Non-Junction,Not an Intersection,On Roadside,,Dark - Not Lighted,Not Reported,No,Not Applicable,38.31233333,-104.8013889,PUEBLO (101),PUEBLO WEST
80509,2017,1,0,0,1,1,0,1,1,Colorado,November,13,Monday,0:00am-0:59am,57,County Road,Urban,Major Collector,County Highway Agency,This section IS NOT on the NHS,No Special Jurisdiction,Traffic Sign Support,Not a Collision with Motor Vehicle In-Transport,No,Non-Junction,Not an Intersection,On Roadside,,Dark - Not Lighted,Not Reported,No,Not Applicable,39.91126667,-104.9020444,ADAMS (1),NOT APPLICABLE
80510,2017,1,0,0,1,1,0,1,1,Colorado,November,12,Sunday,2:00am-2:59am,15,Local Street - Municipality,Urban,Principal Arterial - Other,City or Municipal Highway Agency,This section IS ON the NHS,No Special Jurisdiction,Impact Attenuator/Crash Cushion,Not a Collision with Motor Vehicle In-Transport,No,Non-Junction,Not an Intersection,On Median,,Dark - Lighted,Not Reported,No,Not Applicable,39.79830556,-104.7841472,DENVER (31),DENVER
80511,2017,1,0,0,1,1,0,2,2,Colorado,November,5,Sunday,2:00pm-2:59pm,22,Interstate,Rural,Interstate,State Highway Agency,This section IS ON the NHS,No Special Jurisdiction,Guardrail End,Not a Collision with Motor Vehicle In-Transport,No,Non-Junction,Not an Intersection,On Roadside,,Daylight,Not Reported,No,Not Applicable,39.70764722,-105.279625,JEFFERSON (59),NOT APPLICABLE
80512,2017,2,0,0,2,2,0,4,4,Colorado,November,9,Thursday,7:00pm-7:59pm,21,Local Street - Municipality,Urban,Major Collector,City or Municipal Highway Agency,This section IS NOT on the NHS,No Special Jurisdiction,Motor Vehicle In-Transport,Angle,No,Intersection,Four-Way Intersection,On Roadway,,Dark - Not Lighted,Not Reported,No,Not Applicable,40.62463889,-105.0198972,LARIMER (69),FORT COLLINS
80513,2017,1,1,1,1,1,0,4,4,Colorado,November,11,Saturday,4:00pm-4:59pm,45,County Road,Urban,Local,County Highway Agency,This section IS NOT on the NHS,No Special Jurisdiction,Pedestrian,Not a Collision with Motor Vehicle In-Transport,No,Non-Junction,Not an Intersection,On Roadway,,Daylight,Not Reported,No,Not Applicable,38.77413889,-104.794675,EL PASO (41),NOT APPLICABLE
80514,2017,2,0,0,6,6,0,7,7,Colorado,November,13,Monday,7:00am-7:59am,17,Local Street - Municipality,Urban,Principal Arterial - Other,City or Municipal Highway Agency,This section IS ON the NHS,No Special Jurisdiction,Motor Vehicle In-Transport,Front-to-Rear,No,Intersection-Related,Four-Way Intersection,On Roadway,,Daylight,Not Reported,No,Not Applicable,39.71103056,-105.1183333,JEFFERSON (59),LAKEWOOD
80515,2017,2,1,1,1,1,0,1,1,Colorado,November,14,Tuesday,10:00am-10:59am,59,Interstate,Urban,Interstate,State Highway Agency,This section IS ON the NHS,No Special Jurisdiction,Impact Attenuator/Crash Cushion,Not a Collision with Motor Vehicle In-Transport,Yes,Entrance/Exit Ramp Related,Not an Intersection,Gore,Construction,Daylight,Not Reported,No,Not Applicable,39.95319444,-104.9877778,ADAMS (1),THORNTON
80516,2017,1,0,0,1,1,0,2,2,Colorado,November,14,Tuesday,1:00pm-1:59pm,55,Local Street - Frontage Road,Urban,Interstate,State Highway Agency,This section IS ON the NHS,No Special Jurisdiction,Rollover/Overturn,Not a Collision with Motor Vehicle In-Transport,Yes,Other location within Interchange Area,Not an Intersection,Separator,,Daylight,Clear,No,Not Applicable,40.37972222,-104.9926389,LARIMER (69),Other
80517,2017,1,1,1,1,1,0,2,2,Colorado,November,1,Wednesday,9:00pm-9:59pm,4,Local Street - Municipality,Urban,Principal Arterial - Other,City or Municipal Highway Agency,This section IS ON the NHS,No Special Jurisdiction,Pedestrian,Not a Collision with Motor Vehicle In-Transport,No,Non-Junction,Not an Intersection,On Roadway,,Dark - Lighted,Not Reported,No,Not Applicable,38.8747,-104.8246722,EL PASO (41),COLORADO SPGS
80518,2017,1,0,0,1,1,0,3,3,Colorado,November,8,Wednesday,0:00am-0:59am,3,Local Street - Municipality,Urban,Minor Arterial,City or Municipal Highway Agency,This section IS NOT on the NHS,No Special Jurisdiction,Fence,Not a Collision with Motor Vehicle In-Transport,No,Non-Junction,Not an Intersection,Outside Trafficway,,Dark - Lighted,Not Reported,No,Not Applicable,40.52457222,-105.0395722,LARIMER (69),FORT COLLINS