ST_CASE,YEAR,FATALS,PEDS,PERNOTMVIT,VE_TOTAL,VE_FORMS,PVH_INVL,PERSONS,PERMVIT,STATENAME,MONTHNAME,DAYNAME,DAY_WEEKNAME,HOURNAME,MINUTENAME,ROUTENAME,RUR_URBNAME,FUNC_SYSNAME,RD_OWNERNAME,NHSNAME,SP_JURNAME,HARM_EVNAME,MAN_COLLNAME,RELJCT1NAME,RELJCT2NAME,TYP_INTNAME,REL_ROADNAME,WRK_ZONENAME,LGT_CONDNAME,WEATHERNAME,SCH_BUSNAME,RAILNAME,LATITUDE,LONGITUD,COUNTYNAME,CITYNAME
80050,2018,1,0,0,1,1,0,1,1,Colorado,February,9,Friday,9:00am-9:59am,40,Interstate,Rural,Interstate,State Highway Agency,This section IS ON the NHS,No Special Jurisdiction,Rollover/Overturn,Not a Collision with Motor Vehicle In-Transport,Yes,Other location within Interchange Area,Not an Intersection,On Median,,Daylight,"Fog, Smog, Smoke",No,Not Applicable,40.84325,-104.9655556,LARIMER (69),NOT APPLICABLE
80051,2018,1,0,0,2,2,0,1,1,Colorado,February,9,Friday,7:00pm-7:59pm,52,Interstate,Rural,Interstate,State Highway Agency,This section IS ON the NHS,No Special Jurisdiction,Motor Vehicle In-Transport,Rear-to-Side,Yes,Through Roadway,Not an Intersection,On Roadway,,Dusk,Snow,No,Not Applicable,40.75808333,-104.99215,LARIMER (69),NOT APPLICABLE
80052,2018,1,0,0,2,2,0,2,2,Colorado,February,5,Monday,7:00am-7:59am,10,State Highway,Rural,Principal Arterial - Other,State Highway Agency,This section IS ON the NHS,No Special Jurisdiction,Motor Vehicle In-Transport,Angle,No,Non-Junction,Not an Intersection,On Shoulder,,Daylight,Not Reported,No,Not Applicable,40.58154722,-104.8472222,WELD (123),NOT APPLICABLE
80053,2018,1,1,1,1,1,0,1,1,Colorado,February,5,Monday,6:00am-6:59am,50,State Highway,Urban,Minor Arterial,State Highway Agency,This section IS NOT on the NHS,No Special Jurisdiction,Pedestrian,Not a Collision with Motor Vehicle In-Transport,No,Intersection-Related,Four-Way Intersection,On Roadway,,Dawn,Not Reported,No,Not Applicable,39.98954444,-105.1278222,BOULDER (13),LOUISVILLE
80054,2018,1,0,0,2,2,0,4,4,Colorado,February,2,Friday,5:00pm-5:59pm,48,U.S. Highway,Urban,Principal Arterial - Other,State Highway Agency,This section IS ON the NHS,No Special Jurisdiction,Motor Vehicle In-Transport,Front-to-Front,No,Intersection,Four-Way Intersection,On Roadway,,Dark - Lighted,Not Reported,No,Not Applicable,40.42147778,-104.7899333,WELD (123),GREELEY
80055,2018,1,1,1,1,1,0,1,1,Colorado,February,9,Friday,9:00pm-9:59pm,29,Local Street - Municipality,Urban,Principal Arterial - Other,City or Municipal Highway Agency,This section IS ON the NHS,No Special Jurisdiction,Pedestrian,Not a Collision with Motor Vehicle In-Transport,No,Intersection-Related,Four-Way Intersection,On Roadway,,Dark - Lighted,Not Reported,No,Not Applicable,38.81847222,-104.8225639,EL PASO (41),COLORADO SPGS
80056,2018,2,0,0,2,2,0,4,4,Colorado,February,11,Sunday,11:00am-11:59am,39,Local Street - Municipality,Urban,Minor Arterial,City or Municipal Highway Agency,This section IS NOT on the NHS,No Special Jurisdiction,Motor Vehicle In-Transport,Front-to-Front,No,Non-Junction,Not an Intersection,On Roadway,,Daylight,Not Reported,No,Not Applicable,40.52354444,-105.0885389,LARIMER (69),FORT COLLINS
80057,2018,1,0,0,1,1,0,2,2,Colorado,February,17,Saturday,1:00am-1:59am,45,County Road,Rural,Minor Arterial,County Highway Agency,This section IS NOT on the NHS,No Special Jurisdiction,Rollover/Overturn,Not a Collision with Motor Vehicle In-Transport,No,Non-Junction,Not an Intersection,On Roadside,,Dark - Not Lighted,Not Reported,No,Not Applicable,38.95501944,-104.5576111,EL PASO (41),NOT APPLICABLE
80058,2018,1,0,0,1,1,0,1,1,Colorado,February,17,Saturday,9:00pm-9:59pm,30,U.S. Highway,Rural,Minor Collector,State Highway Agency,This section IS NOT on the NHS,No Special Jurisdiction,"Post, Pole or Other Supports",Not a Collision with Motor Vehicle In-Transport,No,Non-Junction,Not an Intersection,On Roadside,,Dark - Not Lighted,Clear,No,Not Applicable,39.30178889,-102.7961944,KIT CARSON (63),NOT APPLICABLE
80059,2018,2,0,0,2,2,0,5,5,Colorado,February,18,Sunday,1:00am-1:59am,29,Interstate,Urban,Interstate,State Highway Agency,This section IS ON the NHS,No Special Jurisdiction,Motor Vehicle In-Transport,Front-to-Rear,Yes,Through Roadway,Not an Intersection,On Roadway,,Dark - Lighted,Not Reported,No,Not Applicable,39.77257222,-104.8302778,DENVER (31),DENVER
80060,2018,1,0,0,1,1,0,1,1,Colorado,February,18,Sunday,2:00am-2:59am,5,Interstate,Urban,Interstate,State Highway Agency,This section IS ON the NHS,No Special Jurisdiction,"Post, Pole or Other Supports",Not a Collision with Motor Vehicle In-Transport,No,Non-Junction,Not an Intersection,On Roadside,,Dark - Lighted,Not Reported,No,Not Applicable,39.50934444,-104.8711806,DOUGLAS (35),LONE TREE
80061,2018,1,0,0,1,1,0,2,2,Colorado,February,20,Tuesday,2:00pm-2:59pm,44,State Highway,Rural,Minor Arterial,State Highway Agency,This section IS NOT on the NHS,No Special Jurisdiction,Rollover/Overturn,Not a Collision with Motor Vehicle In-Transport,No,Non-Junction,Not an Intersection,On Roadside,,Daylight,Not Reported,No,Not Applicable,39.15027778,-105.1335694,DOUGLAS (35),NOT APPLICABLE
80062,2018,3,0,0,4,4,0,7,7,Colorado,February,23,Friday,8:00am-8:59am,5,State Highway,Rural,Principal Arterial - Other,State Highway Agency,This section IS ON the NHS,No Special Jurisdiction,Motor Vehicle In-Transport,Angle,No,Intersection,Four-Way Intersection,On Roadway,,Daylight,"Fog, Smog, Smoke",No,Not Applicable,40.08054167,-104.6783444,WELD (123),NOT APPLICABLE
80063,2018,1,0,0,1,1,0,2,2,Colorado,February,24,Saturday,5:00pm-5:59pm,0,U.S. Highway,Rural,Principal Arterial - Other,State Highway Agency,This section IS ON the NHS,No Special Jurisdiction,Tree (Standing Only),Not a Collision with Motor Vehicle In-Transport,No,Non-Junction,Not an Intersection,On Roadside,,Daylight,Not Reported,No,Not Applicable,40.06440556,-106.1897944,GRAND (49),NOT APPLICABLE
80064,2018,1,0,0,1,1,0,6,6,Colorado,February,25,Sunday,0:00am-0:59am,32,Interstate,Rural,Interstate,State Highway Agency,This section IS ON the NHS,No Special Jurisdiction,Rollover/Overturn,Not a Collision with Motor Vehicle In-Transport,Yes,Other location within Interchange Area,Not an Intersection,On Median,,Dark - Not Lighted,Clear,No,Not Applicable,39.50266667,-103.9698056,ELBERT (39),NOT APPLICABLE
80065,2018,1,0,0,2,2,0,5,5,Colorado,February,25,Sunday,9:00am-9:59am,20,State Highway,Rural,Principal Arterial - Other,State Highway Agency,This section IS ON the NHS,No Special Jurisdiction,Motor Vehicle In-Transport,Angle,No,Intersection,Four-Way Intersection,On Roadway,,Daylight,Not Reported,No,Not Applicable,39.261,-106.8876694,PITKIN (97),NOT APPLICABLE
80066,2018,1,1,1,1,1,0,1,1,Colorado,February,26,Monday,8:00am-8:59am,30,Local Street - Municipality,Urban,Minor Arterial,City or Municipal Highway Agency,This section IS NOT on the NHS,No Special Jurisdiction,Pedalcyclist,Not a Collision with Motor Vehicle In-Transport,No,Intersection,Four-Way Intersection,On Roadway,,Daylight,Not Reported,No,Not Applicable,39.76943333,-105.0451972,DENVER (31),DENVER
80067,2018,1,0,0,2,2,0,5,5,Colorado,February,10,Saturday,6:00pm-6:59pm,58,U.S. Highway,Urban,Principal Arterial - Other Freeways and Expressways,State Highway Agency,This section IS ON the NHS,No Special Jurisdiction,Motor Vehicle In-Transport,Front-to-Front,No,Non-Junction,Not an Intersection,On Roadway,,Dark - Not Lighted,Not Reported,No,Not Applicable,40.41509167,-104.6797778,WELD (123),GREELEY
80068,2018,1,0,0,2,2,0,3,3,Colorado,February,20,Tuesday,2:00pm-2:59pm,55,Local Street - Municipality,Urban,Principal Arterial - Other,City or Municipal Highway Agency,This section IS ON the NHS,No Special Jurisdiction,Motor Vehicle In-Transport,Angle,No,Intersection,Four-Way Intersection,On Roadway,,Daylight,Not Reported,No,Not Applicable,38.92580833,-104.7751778,EL PASO (41),COLORADO SPGS
80069,2018,1,1,1,2,2,0,1,1,Colorado,February,2,Friday,11:00am-11:59am,30,U.S. Highway,Rural,Principal Arterial - Other,State Highway Agency,This section IS ON the NHS,No Special Jurisdiction,Pedestrian,Not a Collision with Motor Vehicle In-Transport,No,Non-Junction,Not an Intersection,On Roadway,Maintenance,Daylight,Not Reported,No,Not Applicable,37.26401944,-107.0599917,ARCHULETA (7),PAGOSA SPGS
80070,2018,1,0,0,1,1,0,1,1,Colorado,February,6,Tuesday,5:00pm-5:59pm,57,Local Street - Township,Rural,Local,Town or Township Highway Agency,This section IS NOT on the NHS,No Special Jurisdiction,Railway Vehicle,Not a Collision with Motor Vehicle In-Transport,No,Railway Grade Crossing,Not an Intersection,On Roadway,,Dark - Not Lighted,Not Reported,No,804855W,40.53149722,-104.7117722,WELD (123),EATON
80071,2018,1,1,1,1,1,0,1,1,Colorado,February,15,Thursday,6:00am-6:59am,9,Local Street - Municipality,Urban,Minor Arterial,City or Municipal Highway Agency,This section IS NOT on the NHS,No Special Jurisdiction,Pedestrian,Not a Collision with Motor Vehicle In-Transport,No,Non-Junction,Not an Intersection,On Roadway,,Dark - Not Lighted,Not Reported,No,Not Applicable,39.82112222,-104.7720333,DENVER (31),DENVER
80072,2018,1,0,0,1,1,0,1,1,Colorado,February,3,Saturday,10:00pm-10:59pm,42,Local Street - Municipality,Urban,Principal Arterial - Other,City or Municipal Highway Agency,This section IS ON the NHS,No Special Jurisdiction,Curb,Not a Collision with Motor Vehicle In-Transport,No,Non-Junction,Not an Intersection,On Roadside,,Dark - Lighted,Not Reported,No,Not Applicable,39.57352778,-105.0088667,ARAPAHOE (5),LITTLETON
80073,2018,1,0,0,1,1,0,1,1,Colorado,March,1,Thursday,6:00pm-6:59pm,43,Interstate,Urban,Interstate,State Highway Agency,This section IS ON the NHS,No Special Jurisdiction,Tree (Standing Only),Not a Collision with Motor Vehicle In-Transport,No,Non-Junction,Not an Intersection,On Median,,Dark - Not Lighted,Not Reported,No,Not Applicable,40.74944444,-104.9926056,LARIMER (69),NOT APPLICABLE
80074,2018,1,0,0,1,1,0,4,4,Colorado,March,4,Sunday,2:00am-2:59am,30,County Road,Rural,Major Collector,County Highway Agency,This section IS NOT on the NHS,No Special Jurisdiction,Mail Box,Not a Collision with Motor Vehicle In-Transport,No,Non-Junction,Not an Intersection,On Roadside,,Dark - Not Lighted,Not Reported,No,Not Applicable,40.20008889,-104.69685,WELD (123),NOT APPLICABLE
80075,2018,1,1,1,1,1,0,1,1,Colorado,March,4,Sunday,7:00pm-7:59pm,32,U.S. Highway,Urban,Principal Arterial - Other,State Highway Agency,This section IS ON the NHS,No Special Jurisdiction,Pedestrian,Not a Collision with Motor Vehicle In-Transport,No,Intersection-Related,T-Intersection,On Roadway,,Dark - Lighted,Not Reported,No,Not Applicable,39.79822222,-105.0254056,ADAMS (1),NOT APPLICABLE
80076,2018,1,0,0,1,1,0,2,2,Colorado,March,4,Sunday,9:00pm-9:59pm,36,Local Street - Municipality,Urban,Principal Arterial - Other,City or Municipal Highway Agency,This section IS ON the NHS,No Special Jurisdiction,Boulder,Not a Collision with Motor Vehicle In-Transport,No,Non-Junction,Not an Intersection,On Roadside,,Dark - Not Lighted,Clear,No,Not Applicable,39.91444444,-104.8062222,ADAMS (1),COMMERCE CITY
80077,2018,1,0,0,2,2,0,3,3,Colorado,March,4,Sunday,2:00pm-2:59pm,54,State Highway,Urban,Principal Arterial - Other,State Highway Agency,This section IS ON the NHS,No Special Jurisdiction,Motor Vehicle In-Transport,Front-to-Front,No,Intersection-Related,Four-Way Intersection,On Roadway,,Daylight,Not Reported,No,Not Applicable,39.82176389,-105.0532833,ADAMS (1),ARVADA
80078,2018,1,0,0,2,2,0,2,2,Colorado,March,3,Saturday,11:00pm-11:59pm,51,Interstate,Urban,Interstate,State Highway Agency,This section IS ON the NHS,No Special Jurisdiction,Motor Vehicle In-Transport,Sideswipe - Same Direction,Yes,Acceleration/Deceleration Lane,Not an Intersection,On Roadway,,Dark - Lighted,Clear,No,Not Applicable,39.77995833,-104.9652778,DENVER (31),DENVER
80079,2018,1,0,0,2,2,0,2,2,Colorado,March,6,Tuesday,9:00pm-9:59pm,20,State Highway,Urban,Principal Arterial - Other,State Highway Agency,This section IS ON the NHS,No Special Jurisdiction,Motor Vehicle In-Transport,Front-to-Rear,Yes,Intersection-Related,Four-Way Intersection,On Roadway,,Dark - Lighted,Not Reported,No,Not Applicable,39.77723333,-104.9034361,DENVER (31),DENVER
80080,2018,1,0,0,1,1,0,1,1,Colorado,March,8,Thursday,1:00am-1:59am,8,Local Street - Municipality,Urban,Principal Arterial - Other,State Highway Agency,This section IS ON the NHS,No Special Jurisdiction,Curb,Not a Collision with Motor Vehicle In-Transport,Yes,Intersection-Related,T-Intersection,Gore,,Dark - Lighted,Not Reported,No,Not Applicable,38.94047778,-104.7171389,EL PASO (41),COLORADO SPGS
80081,2018,1,1,1,1,1,0,2,2,Colorado,March,1,Thursday,7:00am-7:59am,47,Local Street - Municipality,Urban,Local,City or Municipal Highway Agency,This section IS NOT on the NHS,No Special Jurisdiction,Pedestrian,Not a Collision with Motor Vehicle In-Transport,No,Intersection-Related,T-Intersection,On Roadway,,Daylight,Clear,No,Not Applicable,39.70756389,-105.0097,DENVER (31),DENVER
80082,2018,1,0,0,1,1,0,4,4,Colorado,March,8,Thursday,9:00pm-9:59pm,30,County Road,Rural,Local,County Highway Agency,This section IS NOT on the NHS,No Special Jurisdiction,Ditch,Not a Collision with Motor Vehicle In-Transport,No,Non-Junction,Not an Intersection,On Roadside,,Dark - Not Lighted,Not Reported,No,Not Applicable,38.10151111,-103.1978611,BENT (11),NOT APPLICABLE
80083,2018,1,0,0,2,2,0,2,2,Colorado,March,9,Friday,7:00pm-7:59pm,0,U.S. Highway,Urban,Principal Arterial - Other Freeways and Expressways,State Highway Agency,This section IS ON the NHS,No Special Jurisdiction,Motor Vehicle In-Transport,Front-to-Rear,No,Non-Junction,Not an Intersection,On Roadway,,Dark - Lighted,Not Reported,No,Not Applicable,39.70133333,-104.9944722,DENVER (31),DENVER
80084,2018,2,0,0,2,2,0,2,2,Colorado,March,10,Saturday,9:00pm-9:59pm,45,U.S. Highway,Rural,Principal Arterial - Other,State Highway Agency,This section IS ON the NHS,No Special Jurisdiction,Motor Vehicle In-Transport,Front-to-Front,No,Non-Junction,Not an Intersection,On Roadway,,Dark - Not Lighted,Not Reported,No,Not Applicable,40.90042778,-104.7962528,WELD (123),NOT APPLICABLE
80085,2018,1,1,1,1,1,0,1,1,Colorado,March,12,Monday,9:00am-9:59am,0,County Road,Urban,Minor Arterial,County Highway Agency,This section IS NOT on the NHS,No Special Jurisdiction,Pedalcyclist,Not a Collision with Motor Vehicle In-Transport,No,Intersection,Four-Way Intersection,On Roadway,,Daylight,Not Reported,No,Not Applicable,40.05091667,-105.2068694,BOULDER (13),NOT APPLICABLE
80086,2018,1,0,0,3,3,0,7,7,Colorado,March,8,Thursday,11:00am-11:59am,18,Local Street - Municipality,Urban,Minor Arterial,City or Municipal Highway Agency,This section IS NOT on the NHS,No Special Jurisdiction,Motor Vehicle In-Transport,Angle,No,Intersection,Four-Way Intersection,On Roadway,,Daylight,Not Reported,No,Not Applicable,39.62416667,-104.8945972,DENVER (31),DENVER
80087,2018,1,0,0,2,2,0,2,2,Colorado,March,13,Tuesday,11:00am-11:59am,50,Local Street - Municipality,Urban,Principal Arterial - Other,City or Municipal Highway Agency,This section IS ON the NHS,No Special Jurisdiction,Motor Vehicle In-Transport,Angle,No,Intersection,Four-Way Intersection,On Roadway,,Daylight,Not Reported,No,Not Applicable,39.98698889,-104.7522222,ADAMS (1),BRIGHTON
80088,2018,1,0,0,1,1,0,1,1,Colorado,March,14,Wednesday,3:00am-3:59am,42,State Highway,Rural,Principal Arterial - Other,State Highway Agency,This section IS ON the NHS,No Special Jurisdiction,"Post, Pole or Other Supports",Not a Collision with Motor Vehicle In-Transport,No,Non-Junction,Not an Intersection,On Roadside,,Dark - Not Lighted,Not Reported,No,Not Applicable,39.08687778,-104.7701,EL PASO (41),NOT APPLICABLE
80089,2018,1,0,0,1,1,0,1,1,Colorado,March,2,Friday,5:00pm-5:59pm,53,Interstate,Urban,Interstate,State Highway Agency,This section IS ON the NHS,No Special Jurisdiction,Rollover/Overturn,Not a Collision with Motor Vehicle In-Transport,No,Non-Junction,Not an Intersection,On Median,,Dusk,Not Reported,No,Not Applicable,39.11540556,-108.5445833,MESA (77),GRAND JUNCTION
80090,2018,2,0,0,2,2,0,4,4,Colorado,March,15,Thursday,6:00pm-6:59pm,40,Interstate,Rural,Interstate,State Highway Agency,This section IS ON the NHS,No Special Jurisdiction,Motor Vehicle In-Transport,Front-to-Front,No,Non-Junction,Not an Intersection,On Roadway,,Daylight,Not Reported,No,Not Applicable,40.19702222,-104.2686667,WELD (123),NOT APPLICABLE
80091,2018,1,0,0,3,3,0,9,9,Colorado,March,15,Thursday,10:00am-10:59am,0,State Highway,Rural,Principal Arterial - Other,State Highway Agency,This section IS ON the NHS,No Special Jurisdiction,Motor Vehicle In-Transport,Sideswipe - Opposite Direction,No,Non-Junction,Not an Intersection,On Roadway,,Daylight,Cloudy,No,Not Applicable,39.98339444,-107.9673083,RIO BLANCO (103),NOT APPLICABLE
80092,2018,1,0,0,1,1,0,1,1,Colorado,March,16,Friday,5:00pm-5:59pm,24,State Highway,Rural,Minor Arterial,State Highway Agency,This section IS NOT on the NHS,No Special Jurisdiction,"Post, Pole or Other Supports",Not a Collision with Motor Vehicle In-Transport,No,Non-Junction,Not an Intersection,On Roadside,,Daylight,Clear,No,Not Applicable,38.5174,-104.9668278,FREMONT (43),NOT APPLICABLE
80093,2018,1,0,0,2,2,0,3,3,Colorado,March,17,Saturday,12:00pm-12:59pm,32,U.S. Highway,Rural,Principal Arterial - Other,State Highway Agency,This section IS ON the NHS,No Special Jurisdiction,Motor Vehicle In-Transport,Angle,No,Intersection,Four-Way Intersection,On Roadway,,Daylight,Not Reported,No,Not Applicable,37.23047222,-107.6013389,LA PLATA (67),BAYFIELD
80094,2018,2,0,0,1,1,0,3,3,Colorado,March,17,Saturday,4:00pm-4:59pm,0,Interstate,Urban,Interstate,State Highway Agency,This section IS ON the NHS,No Special Jurisdiction,Rollover/Overturn,Not a Collision with Motor Vehicle In-Transport,Yes,Other location within Interchange Area,Not an Intersection,On Roadside,,Daylight,Not Reported,No,Not Applicable,39.95972222,-104.7672222,ADAMS (1),BRIGHTON
80095,2018,1,0,0,2,2,0,5,5,Colorado,March,18,Sunday,4:00pm-4:59pm,44,State Highway,Rural,Minor Arterial,State Highway Agency,This section IS NOT on the NHS,No Special Jurisdiction,Motor Vehicle In-Transport,Angle,No,Intersection,Y-Intersection,On Roadway,,Daylight,Not Reported,No,Not Applicable,38.66985556,-104.8616472,EL PASO (41),NOT APPLICABLE
80096,2018,1,0,0,1,1,0,2,2,Colorado,March,9,Friday,1:00am-1:59am,45,Interstate,Rural,Interstate,State Highway Agency,This section IS ON the NHS,No Special Jurisdiction,"Post, Pole or Other Supports",Not a Collision with Motor Vehicle In-Transport,No,Non-Junction,Not an Intersection,On Roadside,,Dark - Lighted,Not Reported,No,Not Applicable,39.26135556,-103.6625833,LINCOLN (73),NOT APPLICABLE
80097,2018,1,0,0,1,1,0,1,1,Colorado,March,21,Wednesday,1:00pm-1:59pm,15,State Highway,Rural,Minor Arterial,State Highway Agency,This section IS NOT on the NHS,No Special Jurisdiction,Bridge Rail (Includes parapet),Not a Collision with Motor Vehicle In-Transport,No,Non-Junction,Not an Intersection,On Roadside,,Daylight,Not Reported,No,Not Applicable,37.98210833,-103.5984389,OTERO (89),NOT APPLICABLE
80098,2018,1,1,1,1,1,0,1,1,Colorado,March,18,Sunday,1:00pm-1:59pm,52,U.S. Highway,Urban,Principal Arterial - Other,State Highway Agency,This section IS ON the NHS,No Special Jurisdiction,Pedalcyclist,Not a Collision with Motor Vehicle In-Transport,No,Intersection-Related,Four-Way Intersection,On Roadway,,Daylight,Not Reported,No,Not Applicable,40.39203611,-104.6967694,WELD (123),GREELEY
80099,2018,1,0,0,2,2,0,2,2,Colorado,March,23,Friday,8:00pm-8:59pm,26,State Highway,Rural,Major Collector,State Highway Agency,This section IS NOT on the NHS,No Special Jurisdiction,Motor Vehicle In-Transport,Front-to-Front,No,Non-Junction,Not an Intersection,On Roadway,,Dark - Not Lighted,Not Reported,No,Not Applicable,40.58168889,-104.3370556,WELD (123),NOT APPLICABLE
80100,2018,1,0,0,2,2,0,5,5,Colorado,March,10,Saturday,8:00pm-8:59pm,15,State Highway,Rural,Minor Arterial,State Highway Agency,This section IS NOT on the NHS,No Special Jurisdiction,Motor Vehicle In-Transport,Angle,No,Intersection-Related,T-Intersection,On Roadway,,Dark - Not Lighted,Not Reported,No,Not Applicable,38.58555556,-105.4180222,FREMONT (43),NOT APPLICABLE
80101,2018,1,0,0,1,1,0,3,3,Colorado,March,25,Sunday,10:00am-10:59am,35,County Road,Rural,Major Collector,County Highway Agency,This section IS NOT on the NHS,No Special Jurisdiction,Rollover/Overturn,Not a Collision with Motor Vehicle In-Transport,No,Non-Junction,Not an Intersection,On Roadside,,Daylight,Not Reported,No,Not Applicable,40.37722222,-104.6576389,WELD (123),NOT APPLICABLE
80102,2018,1,0,0,1,1,0,1,1,Colorado,March,27,Tuesday,8:00pm-8:59pm,32,County Road,Rural,Minor Collector,County Highway Agency,This section IS NOT on the NHS,No Special Jurisdiction,Rollover/Overturn,Not a Collision with Motor Vehicle In-Transport,No,Non-Junction,Not an Intersection,On Roadside,,Dark - Not Lighted,Not Reported,No,Not Applicable,40.46644444,-106.9285278,ROUTT (107),NOT APPLICABLE
80103,2018,1,1,1,2,2,0,6,6,Colorado,March,15,Thursday,4:00pm-4:59pm,1,U.S. Highway,Rural,Principal Arterial - Other,State Highway Agency,This section IS ON the NHS,No Special Jurisdiction,Pedestrian,Not a Collision with Motor Vehicle In-Transport,No,Non-Junction,Not an Intersection,On Roadway,,Daylight,Not Reported,No,Not Applicable,37.45045556,-106.8883778,MINERAL (79),NOT APPLICABLE
80104,2018,1,0,0,2,2,0,3,3,Colorado,March,21,Wednesday,8:00pm-8:59pm,13,Local Street - Municipality,Urban,Minor Arterial,City or Municipal Highway Agency,This section IS NOT on the NHS,No Special Jurisdiction,Motor Vehicle In-Transport,Angle,No,Intersection,Four-Way Intersection,On Roadway,,Dark - Lighted,Not Reported,No,Not Applicable,40.52319444,-105.0392222,LARIMER (69),FORT COLLINS
80105,2018,1,0,0,2,2,0,4,4,Colorado,March,19,Monday,10:00am-10:59am,10,State Highway,Rural,Minor Arterial,State Highway Agency,This section IS NOT on the NHS,No Special Jurisdiction,Motor Vehicle In-Transport,Front-to-Rear,No,Non-Junction,Not an Intersection,On Roadway,,Daylight,Not Reported,No,Not Applicable,37.46765278,-106.1486611,RIO GRANDE (105),NOT APPLICABLE
80106,2018,1,0,0,1,1,0,1,1,Colorado,March,30,Friday,7:00pm-7:59pm,45,County Road,Rural,Local,County Highway Agency,This section IS NOT on the NHS,No Special Jurisdiction,Rollover/Overturn,Not a Collision with Motor Vehicle In-Transport,No,Non-Junction,Not an Intersection,On Roadway,,Dusk,Not Reported,No,Not Applicable,37.46263889,-105.514325,COSTILLA (23),NOT APPLICABLE
80107,2018,1,0,0,1,1,0,1,1,Colorado,March,31,Saturday,5:00am-5:59am,20,County Road,Rural,Local,County Highway Agency,This section IS NOT on the NHS,No Special Jurisdiction,Rollover/Overturn,Not a Collision with Motor Vehicle In-Transport,No,Non-Junction,Not an Intersection,On Roadside,,Dark - Not Lighted,Clear,No,Not Applicable,40.31957222,-104.4917944,WELD (123),NOT APPLICABLE
80108,2018,1,0,0,2,2,0,3,3,Colorado,March,22,Thursday,2:00pm-2:59pm,24,Interstate,Urban,Interstate,State Highway Agency,This section IS ON the NHS,No Special Jurisdiction,Motor Vehicle In-Transport,Front-to-Rear,Yes,Through Roadway,Not an Intersection,On Roadway,,Daylight,Not Reported,No,Not Applicable,38.8775,-104.8351889,EL PASO (41),COLORADO SPGS
80109,2018,1,0,0,2,2,0,3,3,Colorado,March,16,Friday,1:00pm-1:59pm,0,Local Street - Municipality,Urban,Minor Arterial,City or Municipal Highway Agency,This section IS NOT on the NHS,No Special Jurisdiction,Motor Vehicle In-Transport,Angle,No,Intersection,Four-Way Intersection,On Roadway,,Daylight,Not Reported,No,Not Applicable,39.36491667,-104.8611778,DOUGLAS (35),CASTLE ROCK
80110,2018,1,0,0,1,1,0,1,1,Colorado,April,2,Monday,1:00am-1:59am,21,Local Street - Municipality,Urban,Principal Arterial - Other,City or Municipal Highway Agency,This section IS ON the NHS,No Special Jurisdiction,Bridge Pier or Support,Not a Collision with Motor Vehicle In-Transport,Yes,Intersection-Related,Four-Way Intersection,On Roadside,,Dark - Lighted,Not Reported,No,Not Applicable,39.65267222,-104.8312167,ARAPAHOE (5),AURORA
80111,2018,1,0,0,1,1,0,1,1,Colorado,April,2,Monday,12:00pm-12:59pm,29,U.S. Highway,Rural,Principal Arterial - Other,State Highway Agency,This section IS ON the NHS,No Special Jurisdiction,Traffic Sign Support,Not a Collision with Motor Vehicle In-Transport,No,Non-Junction,Not an Intersection,On Roadside,,Daylight,Not Reported,No,Not Applicable,38.35833333,-105.7295833,FREMONT (43),NOT APPLICABLE
80112,2018,1,0,0,1,1,0,1,1,Colorado,April,4,Wednesday,2:00am-2:59am,43,State Highway,Rural,Principal Arterial - Other Freeways and Expressways,State Highway Agency,This section IS ON the NHS,No Special Jurisdiction,"Post, Pole or Other Supports",Not a Collision with Motor Vehicle In-Transport,No,Non-Junction,Not an Intersection,On Roadside,,Dark - Not Lighted,Not Reported,No,Not Applicable,39.96947222,-105.0694278,BROOMFIELD (14),BROOMFIELD
80113,2018,1,0,0,2,2,0,2,2,Colorado,April,4,Wednesday,5:00am-5:59am,5,U.S. Highway,Rural,Principal Arterial - Other,State Highway Agency,This section IS ON the NHS,No Special Jurisdiction,Motor Vehicle In-Transport,Front-to-Front,No,Non-Junction,Not an Intersection,On Roadway,,Dark - Not Lighted,Clear,No,Not Applicable,40.78479722,-104.7913806,WELD (123),NOT APPLICABLE
80114,2018,1,0,0,2,2,0,2,2,Colorado,April,4,Wednesday,8:00am-8:59am,49,Local Street - Municipality,Urban,Minor Arterial,City or Municipal Highway Agency,This section IS NOT on the NHS,No Special Jurisdiction,Motor Vehicle In-Transport,Angle,No,Intersection,T-Intersection,On Roadway,,Daylight,Not Reported,No,Not Applicable,38.96185556,-104.7498861,EL PASO (41),COLORADO SPGS
80115,2018,1,0,0,2,2,0,3,3,Colorado,April,8,Sunday,9:00am-9:59am,25,U.S. Highway,Rural,Principal Arterial - Other,State Highway Agency,This section IS ON the NHS,No Special Jurisdiction,Motor Vehicle In-Transport,Angle,No,Non-Junction,Not an Intersection,On Roadway,,Daylight,Not Reported,No,Not Applicable,38.75388889,-106.082175,CHAFFEE (15),NOT APPLICABLE
80116,2018,1,0,0,1,1,0,1,1,Colorado,April,28,Saturday,12:00pm-12:59pm,42,Local Street - Municipality,Urban,Minor Arterial,City or Municipal Highway Agency,This section IS NOT on the NHS,No Special Jurisdiction,Wall,Not a Collision with Motor Vehicle In-Transport,No,Non-Junction,Not an Intersection,On Roadside,,Daylight,Not Reported,No,Not Applicable,40.40418333,-104.7750333,WELD (123),GREELEY
80117,2018,4,0,0,2,2,0,6,6,Colorado,April,7,Saturday,0:00am-0:59am,12,Interstate,Rural,Interstate,State Highway Agency,This section IS ON the NHS,No Special Jurisdiction,Jackknife (harmful to this vehicle),Not a Collision with Motor Vehicle In-Transport,No,Non-Junction,Not an Intersection,On Roadway,,Dark - Not Lighted,Not Reported,No,Not Applicable,40.67491667,-103.11255,LOGAN (75),NOT APPLICABLE