ST_CASE,YEAR,FATALS,PEDS,PERNOTMVIT,VE_TOTAL,VE_FORMS,PVH_INVL,PERSONS,PERMVIT,STATENAME,MONTHNAME,DAYNAME,DAY_WEEKNAME,HOURNAME,MINUTENAME,ROUTENAME,RUR_URBNAME,FUNC_SYSNAME,RD_OWNERNAME,NHSNAME,SP_JURNAME,HARM_EVNAME,MAN_COLLNAME,RELJCT1NAME,RELJCT2NAME,TYP_INTNAME,REL_ROADNAME,WRK_ZONENAME,LGT_CONDNAME,WEATHERNAME,SCH_BUSNAME,RAILNAME,LATITUDE,LONGITUD,COUNTYNAME,CITYNAME
80118,2018,2,0,0,1,1,0,2,2,Colorado,April,12,Thursday,7:00am-7:59am,10,Interstate,Rural,Interstate,State Highway Agency,This section IS ON the NHS,No Special Jurisdiction,Guardrail Face,Not a Collision with Motor Vehicle In-Transport,Yes,Other location within Interchange Area,Not an Intersection,On Roadside,,Daylight,Not Reported,No,Not Applicable,39.29316667,-102.8745722,KIT CARSON (63),NOT APPLICABLE
80119,2018,1,1,1,1,1,0,1,1,Colorado,April,11,Wednesday,6:00pm-6:59pm,6,Interstate,Urban,Interstate,State Highway Agency,This section IS ON the NHS,No Special Jurisdiction,Pedestrian,Not a Collision with Motor Vehicle In-Transport,No,Non-Junction,Not an Intersection,On Roadway,,Daylight,Not Reported,No,Not Applicable,38.90231667,-104.8280833,EL PASO (41),COLORADO SPGS
80120,2018,1,0,0,1,1,0,1,1,Colorado,April,12,Thursday,6:00pm-6:59pm,0,Interstate,Rural,Interstate,State Highway Agency,This section IS ON the NHS,No Special Jurisdiction,Embankment,Not a Collision with Motor Vehicle In-Transport,No,Non-Junction,Not an Intersection,On Roadside,,Daylight,Not Reported,No,Not Applicable,37.59502778,-104.7446667,HUERFANO (55),NOT APPLICABLE
80121,2018,1,0,0,1,1,0,1,1,Colorado,April,14,Saturday,11:00pm-11:59pm,40,County Road,Rural,Major Collector,County Highway Agency,This section IS NOT on the NHS,No Special Jurisdiction,Rollover/Overturn,Not a Collision with Motor Vehicle In-Transport,No,Non-Junction,Not an Intersection,On Roadside,,Dark - Not Lighted,Not Reported,No,Not Applicable,40.31972222,-103.7825833,MORGAN (87),NOT APPLICABLE
80122,2018,1,1,1,1,1,0,1,1,Colorado,April,15,Sunday,6:00am-6:59am,5,State Highway,Urban,Principal Arterial - Other,State Highway Agency,This section IS ON the NHS,No Special Jurisdiction,Pedestrian,Not a Collision with Motor Vehicle In-Transport,No,Intersection,Four-Way Intersection,On Roadway,,Dark - Lighted,Not Reported,No,Not Applicable,39.70105556,-104.8661111,ARAPAHOE (5),AURORA
80123,2018,1,0,0,3,3,0,6,6,Colorado,April,13,Friday,9:00pm-9:59pm,21,U.S. Highway,Urban,Principal Arterial - Other Freeways and Expressways,State Highway Agency,This section IS ON the NHS,No Special Jurisdiction,Motor Vehicle In-Transport,Sideswipe - Opposite Direction,No,Non-Junction,Not an Intersection,On Roadway,,Dark - Not Lighted,Not Reported,No,Not Applicable,38.45019444,-105.1660833,FREMONT (43),NOT APPLICABLE
80124,2018,1,0,0,1,1,0,2,2,Colorado,April,7,Saturday,9:00pm-9:59pm,53,County Road,Rural,Major Collector,County Highway Agency,This section IS NOT on the NHS,No Special Jurisdiction,Rollover/Overturn,Not a Collision with Motor Vehicle In-Transport,No,Non-Junction,Not an Intersection,On Roadside,,Dark - Not Lighted,Not Reported,No,Not Applicable,38.768,-106.1463667,CHAFFEE (15),NOT APPLICABLE
80125,2018,1,0,0,1,1,0,1,1,Colorado,April,18,Wednesday,7:00am-7:59am,19,State Highway,Rural,Minor Arterial,State Highway Agency,This section IS NOT on the NHS,No Special Jurisdiction,Fence,Not a Collision with Motor Vehicle In-Transport,No,Non-Junction,Not an Intersection,Outside Trafficway,,Daylight,Not Reported,No,Not Applicable,38.07198889,-105.4350333,CUSTER (27),NOT APPLICABLE
80126,2018,1,0,0,1,1,0,2,2,Colorado,April,18,Wednesday,11:00pm-11:59pm,30,State Highway,Rural,Major Collector,State Highway Agency,This section IS NOT on the NHS,No Special Jurisdiction,"Post, Pole or Other Supports",Not a Collision with Motor Vehicle In-Transport,No,Non-Junction,Not an Intersection,On Roadside,,Dark - Not Lighted,Not Reported,No,Not Applicable,37.63691667,-105.5896944,ALAMOSA (3),NOT APPLICABLE
80127,2018,1,0,0,1,1,0,2,2,Colorado,April,2,Monday,3:00pm-3:59pm,11,County Road,Urban,Major Collector,City or Municipal Highway Agency,This section IS NOT on the NHS,No Special Jurisdiction,Rollover/Overturn,Not a Collision with Motor Vehicle In-Transport,No,Non-Junction,Not an Intersection,On Roadside,,Daylight,Severe Crosswinds,No,Not Applicable,39.91236111,-104.8984167,ADAMS (1),NOT APPLICABLE
80128,2018,1,1,1,1,1,0,1,1,Colorado,April,21,Saturday,1:00am-1:59am,22,U.S. Highway,Rural,Principal Arterial - Other,State Highway Agency,This section IS ON the NHS,No Special Jurisdiction,Pedestrian,Not a Collision with Motor Vehicle In-Transport,No,Non-Junction,Not an Intersection,On Roadway,,Dark - Not Lighted,Not Reported,No,Not Applicable,37.22924167,-107.7525833,LA PLATA (67),NOT APPLICABLE
80129,2018,1,0,0,1,1,0,1,1,Colorado,April,23,Monday,5:00am-5:59am,40,County Road,Rural,Local,County Highway Agency,This section IS NOT on the NHS,No Special Jurisdiction,Rollover/Overturn,Not a Collision with Motor Vehicle In-Transport,No,Non-Junction,Not an Intersection,On Roadside,,Dawn,Cloudy,No,Not Applicable,39.99651667,-104.5088056,ADAMS (1),NOT APPLICABLE
80130,2018,1,0,0,1,1,0,5,5,Colorado,April,22,Sunday,4:00am-4:59am,1,Interstate,Urban,Interstate,State Highway Agency,This section IS ON the NHS,No Special Jurisdiction,Tree (Standing Only),Not a Collision with Motor Vehicle In-Transport,No,Non-Junction,Not an Intersection,On Roadside,,Dark - Lighted,Not Reported,No,Not Applicable,39.77881111,-104.9260056,DENVER (31),DENVER
80131,2018,1,0,0,2,2,0,2,2,Colorado,April,23,Monday,2:00pm-2:59pm,6,State Highway,Rural,Minor Arterial,State Highway Agency,This section IS NOT on the NHS,No Special Jurisdiction,Motor Vehicle In-Transport,Sideswipe - Opposite Direction,No,Non-Junction,Not an Intersection,On Roadway,,Daylight,Not Reported,No,Not Applicable,38.91944444,-103.7011444,LINCOLN (73),NOT APPLICABLE
80132,2018,1,0,0,1,1,0,1,1,Colorado,April,23,Monday,2:00pm-2:59pm,35,State Highway,Rural,Minor Arterial,State Highway Agency,This section IS NOT on the NHS,No Special Jurisdiction,Rollover/Overturn,Not a Collision with Motor Vehicle In-Transport,No,Non-Junction,Not an Intersection,On Roadside,,Daylight,Not Reported,No,Not Applicable,37.71319444,-106.6938611,RIO GRANDE (105),NOT APPLICABLE
80133,2018,1,1,1,1,1,0,1,1,Colorado,April,17,Tuesday,6:00am-6:59am,34,State Highway,Urban,Principal Arterial - Other,State Highway Agency,This section IS ON the NHS,No Special Jurisdiction,Pedestrian,Not a Collision with Motor Vehicle In-Transport,No,Intersection-Related,Four-Way Intersection,On Roadway,,Daylight,Not Reported,No,Not Applicable,39.75471111,-105.0814639,JEFFERSON (59),LAKEWOOD
80134,2018,1,0,0,1,1,0,1,1,Colorado,April,19,Thursday,6:00am-6:59am,25,Interstate,Urban,Interstate,State Highway Agency,This section IS ON the NHS,No Special Jurisdiction,Embankment,Not a Collision with Motor Vehicle In-Transport,Yes,Other location within Interchange Area,Not an Intersection,On Roadside,,Daylight,Clear,No,Not Applicable,39.82411667,-104.9597222,ADAMS (1),NOT APPLICABLE
80135,2018,2,0,0,2,2,0,3,3,Colorado,April,15,Sunday,1:00pm-1:59pm,17,Local Street - Municipality,Urban,Minor Arterial,City or Municipal Highway Agency,This section IS NOT on the NHS,No Special Jurisdiction,Motor Vehicle In-Transport,Angle,No,Intersection,Four-Way Intersection,On Roadway,,Daylight,Not Reported,No,Not Applicable,39.89307222,-105.1286444,JEFFERSON (59),WESTMINSTER
80136,2018,1,0,0,2,2,0,2,2,Colorado,April,25,Wednesday,8:00pm-8:59pm,26,Local Street - Municipality,Urban,Principal Arterial - Other,City or Municipal Highway Agency,This section IS ON the NHS,No Special Jurisdiction,Motor Vehicle In-Transport,Angle,No,Intersection,Four-Way Intersection,On Roadway,,Dark - Lighted,Not Reported,No,Not Applicable,39.67357222,-104.7960944,ARAPAHOE (5),AURORA
80137,2018,1,0,0,2,2,0,2,2,Colorado,April,21,Saturday,6:00am-6:59am,45,State Highway,Urban,Principal Arterial - Other Freeways and Expressways,State Highway Agency,This section IS ON the NHS,No Special Jurisdiction,Motor Vehicle In-Transport,Front-to-Rear,No,Crossover-Related,Not an Intersection,On Roadway,,Daylight,Not Reported,No,Not Applicable,39.81983889,-104.7419333,ADAMS (1),NOT APPLICABLE
80138,2018,1,0,0,1,1,0,1,1,Colorado,April,28,Saturday,4:00am-4:59am,4,State Highway,Rural,Minor Arterial,State Highway Agency,This section IS NOT on the NHS,No Special Jurisdiction,Bridge Pier or Support,Not a Collision with Motor Vehicle In-Transport,No,Non-Junction,Not an Intersection,On Roadside,,Dark - Not Lighted,Not Reported,No,Not Applicable,37.98218889,-103.59835,OTERO (89),NOT APPLICABLE
80139,2018,1,0,0,1,1,0,1,1,Colorado,April,28,Saturday,4:00am-4:59am,2,State Highway,Urban,Principal Arterial - Other,State Highway Agency,This section IS ON the NHS,No Special Jurisdiction,Curb,Not a Collision with Motor Vehicle In-Transport,No,Non-Junction,Not an Intersection,On Roadside,,Dark - Lighted,Not Reported,No,Not Applicable,39.81499167,-105.08155,JEFFERSON (59),ARVADA
80140,2018,1,0,0,1,1,0,1,1,Colorado,April,28,Saturday,8:00am-8:59am,30,U.S. Highway,Rural,Principal Arterial - Other,State Highway Agency,This section IS ON the NHS,No Special Jurisdiction,Rollover/Overturn,Not a Collision with Motor Vehicle In-Transport,No,Non-Junction,Not an Intersection,On Roadway,,Daylight,Not Reported,No,Not Applicable,39.61972222,-105.2267639,JEFFERSON (59),NOT APPLICABLE
80141,2018,1,0,0,2,2,0,2,2,Colorado,April,27,Friday,9:00pm-9:59pm,42,Local Street - Municipality,Urban,Principal Arterial - Other,City or Municipal Highway Agency,This section IS ON the NHS,No Special Jurisdiction,Motor Vehicle In-Transport,Angle,No,Intersection,T-Intersection,On Roadway,,Dark - Lighted,Not Reported,No,Not Applicable,39.71309444,-104.8101,ARAPAHOE (5),AURORA
80142,2018,1,0,0,1,1,0,2,2,Colorado,April,29,Sunday,1:00pm-1:59pm,6,State Highway,Rural,Major Collector,State Highway Agency,This section IS NOT on the NHS,No Special Jurisdiction,Rollover/Overturn,Not a Collision with Motor Vehicle In-Transport,No,Non-Junction,Not an Intersection,On Roadside,,Daylight,Not Reported,No,Not Applicable,38.052275,-103.5279861,OTERO (89),NOT APPLICABLE
80143,2018,1,0,0,1,1,0,1,1,Colorado,April,26,Thursday,1:00am-1:59am,55,Local Street - Municipality,Urban,Principal Arterial - Other,City or Municipal Highway Agency,This section IS ON the NHS,No Special Jurisdiction,Guardrail Face,Not a Collision with Motor Vehicle In-Transport,No,Non-Junction,Not an Intersection,On Median,,Dark - Lighted,Not Reported,No,Not Applicable,38.89862222,-104.7069639,EL PASO (41),COLORADO SPGS
80144,2018,2,0,0,2,2,0,3,3,Colorado,April,30,Monday,5:00am-5:59am,30,U.S. Highway,Rural,Principal Arterial - Other,State Highway Agency,This section IS ON the NHS,No Special Jurisdiction,Motor Vehicle In-Transport,Front-to-Front,No,Non-Junction,Not an Intersection,On Roadway,,Dark - Not Lighted,Not Reported,No,Not Applicable,40.02280556,-105.1028278,BOULDER (13),NOT APPLICABLE
80145,2018,1,0,0,2,2,0,3,3,Colorado,April,28,Saturday,7:00am-7:59am,25,Local Street - Municipality,Urban,Minor Arterial,City or Municipal Highway Agency,This section IS NOT on the NHS,No Special Jurisdiction,Motor Vehicle In-Transport,Front-to-Front,No,Non-Junction,Not an Intersection,On Roadway,,Daylight,Clear,No,Not Applicable,39.78365278,-104.7813444,DENVER (31),DENVER
80146,2018,1,0,0,2,2,0,2,2,Colorado,April,14,Saturday,5:00pm-5:59pm,45,State Highway,Urban,Principal Arterial - Other,State Highway Agency,This section IS ON the NHS,No Special Jurisdiction,Rollover/Overturn,Not a Collision with Motor Vehicle In-Transport,No,Non-Junction,Not an Intersection,On Roadway,,Daylight,Not Reported,No,Not Applicable,39.78291667,-105.1379,JEFFERSON (59),WHEAT RIDGE
80147,2018,1,0,0,2,2,0,3,3,Colorado,April,6,Friday,12:00pm-12:59pm,50,Local Street - Municipality,Urban,Principal Arterial - Other,City or Municipal Highway Agency,This section IS ON the NHS,No Special Jurisdiction,Motor Vehicle In-Transport,Angle,No,Intersection,Four-Way Intersection,On Roadway,,Daylight,Rain,No,Not Applicable,38.78890833,-104.7472361,EL PASO (41),COLORADO SPGS
80148,2018,1,0,0,2,2,0,4,4,Colorado,April,29,Sunday,3:00pm-3:59pm,30,U.S. Highway,Urban,Principal Arterial - Other,State Highway Agency,This section IS ON the NHS,No Special Jurisdiction,Motor Vehicle In-Transport,Angle,No,Intersection,Four-Way Intersection,On Roadway,,Daylight,Clear,No,Not Applicable,40.481,-104.7000917,WELD (123),NOT APPLICABLE
80149,2018,1,0,0,2,2,0,2,2,Colorado,April,23,Monday,11:00pm-11:59pm,9,State Highway,Rural,Major Collector,State Highway Agency,This section IS NOT on the NHS,Indian Reservation,Motor Vehicle In-Transport,Front-to-Front,No,Non-Junction,Not an Intersection,On Roadway,,Dark - Not Lighted,Not Reported,No,Not Applicable,37.08306389,-108.1735833,LA PLATA (67),NOT APPLICABLE
80150,2018,1,0,0,2,2,0,2,2,Colorado,April,28,Saturday,0:00am-0:59am,30,Interstate,Urban,Interstate,State Highway Agency,This section IS ON the NHS,No Special Jurisdiction,Motor Vehicle In-Transport,Front-to-Rear,Yes,Entrance/Exit Ramp,Not an Intersection,On Roadway,,Dark - Lighted,Not Reported,No,Not Applicable,39.76911111,-104.9922222,DENVER (31),DENVER
80151,2018,1,0,0,1,1,0,4,4,Colorado,April,1,Sunday,10:00am-10:59am,11,Interstate,Rural,Interstate,State Highway Agency,This section IS ON the NHS,No Special Jurisdiction,"Post, Pole or Other Supports",Not a Collision with Motor Vehicle In-Transport,Yes,Other location within Interchange Area,Not an Intersection,On Median,,Daylight,Not Reported,No,Not Applicable,40.24704444,-104.0472222,MORGAN (87),NOT APPLICABLE
80152,2018,1,0,0,2,2,0,2,2,Colorado,April,18,Wednesday,10:00pm-10:59pm,21,Local Street - Municipality,Urban,Minor Arterial,City or Municipal Highway Agency,This section IS NOT on the NHS,No Special Jurisdiction,Motor Vehicle In-Transport,Angle,No,Intersection,Four-Way Intersection,On Roadway,,Dark - Lighted,Not Reported,No,Not Applicable,38.23688611,-104.6252111,PUEBLO (101),PUEBLO
80153,2018,1,1,1,1,1,0,1,1,Colorado,April,22,Sunday,5:00pm-5:59pm,46,Local Street - Municipality,Urban,Local,City or Municipal Highway Agency,This section IS NOT on the NHS,No Special Jurisdiction,Pedestrian,Not a Collision with Motor Vehicle In-Transport,No,Non-Junction,Not an Intersection,On Roadway,,Daylight,Not Reported,No,Not Applicable,37.98073889,-103.5355556,OTERO (89),LA JUNTA
80154,2018,1,0,0,2,2,0,3,3,Colorado,April,19,Thursday,12:00pm-12:59pm,52,Local Street - Municipality,Urban,Principal Arterial - Other,City or Municipal Highway Agency,This section IS ON the NHS,No Special Jurisdiction,Motor Vehicle In-Transport,Angle,No,Intersection,Four-Way Intersection,On Roadway,,Daylight,Not Reported,No,Not Applicable,38.93712778,-104.7616528,EL PASO (41),COLORADO SPGS
80155,2018,1,0,0,1,1,0,1,1,Colorado,January,1,Monday,7:00am-7:59am,50,State Highway,Urban,Principal Arterial - Other,State Highway Agency,This section IS ON the NHS,No Special Jurisdiction,Tree (Standing Only),Not a Collision with Motor Vehicle In-Transport,No,Non-Junction,Not an Intersection,On Roadside,,Daylight,Not Reported,No,Not Applicable,39.59355556,-104.9603944,ARAPAHOE (5),CENTENNIAL
80156,2018,1,0,0,9,9,0,13,13,Colorado,May,1,Tuesday,12:00pm-12:59pm,52,Interstate,Rural,Interstate,State Highway Agency,This section IS ON the NHS,No Special Jurisdiction,Motor Vehicle In-Transport,Front-to-Rear,No,Non-Junction,Not an Intersection,On Roadway,,Daylight,Not Reported,No,Not Applicable,38.41722222,-104.6108556,PUEBLO (101),NOT APPLICABLE
80157,2018,1,0,0,1,1,0,1,1,Colorado,May,6,Sunday,5:00pm-5:59pm,16,County Road,Rural,Minor Collector,County Highway Agency,This section IS NOT on the NHS,No Special Jurisdiction,Rollover/Overturn,Not a Collision with Motor Vehicle In-Transport,No,Non-Junction,Not an Intersection,On Roadside,,Daylight,Not Reported,No,Not Applicable,38.95793889,-108.3159222,MESA (77),NOT APPLICABLE
80158,2018,1,0,0,2,2,0,2,2,Colorado,May,2,Wednesday,8:00pm-8:59pm,17,Local Street - Municipality,Urban,Principal Arterial - Other,City or Municipal Highway Agency,This section IS ON the NHS,No Special Jurisdiction,Motor Vehicle In-Transport,Angle,No,Intersection,Four-Way Intersection,On Roadway,,Dark - Lighted,Rain,No,Not Applicable,38.82541667,-104.7576,EL PASO (41),COLORADO SPGS
80159,2018,1,0,0,2,2,0,5,5,Colorado,May,3,Thursday,11:00pm-11:59pm,16,Local Street - Municipality,Urban,Principal Arterial - Other,City or Municipal Highway Agency,This section IS ON the NHS,No Special Jurisdiction,Motor Vehicle In-Transport,Sideswipe - Same Direction,No,Intersection-Related,Four-Way Intersection,On Roadway,,Dark - Lighted,Not Reported,No,Not Applicable,38.93668333,-104.7978111,EL PASO (41),COLORADO SPGS
80160,2018,1,0,0,1,1,0,1,1,Colorado,May,8,Tuesday,12:00pm-12:59pm,58,Interstate,Rural,Interstate,State Highway Agency,This section IS ON the NHS,No Special Jurisdiction,Rollover/Overturn,Not a Collision with Motor Vehicle In-Transport,No,Non-Junction,Not an Intersection,On Median,,Daylight,Not Reported,No,Not Applicable,40.19854444,-104.2647667,WELD (123),NOT APPLICABLE
80161,2018,1,0,0,1,1,0,2,2,Colorado,May,6,Sunday,1:00pm-1:59pm,24,County Road,Rural,Minor Collector,County Highway Agency,This section IS NOT on the NHS,No Special Jurisdiction,"Post, Pole or Other Supports",Not a Collision with Motor Vehicle In-Transport,No,Non-Junction,Not an Intersection,On Roadside,,Daylight,Not Reported,No,Not Applicable,39.21047222,-104.9238889,DOUGLAS (35),NOT APPLICABLE
80162,2018,1,0,0,2,2,0,2,2,Colorado,May,9,Wednesday,10:00pm-10:59pm,2,County Road,Rural,Major Collector,County Highway Agency,This section IS NOT on the NHS,No Special Jurisdiction,Motor Vehicle In-Transport,Front-to-Front,No,Non-Junction,Not an Intersection,On Roadway,,Dark - Not Lighted,Not Reported,No,Not Applicable,40.52381667,-104.8019444,WELD (123),NOT APPLICABLE
80163,2018,1,1,1,1,1,0,1,1,Colorado,May,8,Tuesday,5:00am-5:59am,52,State Highway,Urban,Principal Arterial - Other,State Highway Agency,This section IS ON the NHS,No Special Jurisdiction,Pedestrian,Not a Collision with Motor Vehicle In-Transport,No,Non-Junction,Not an Intersection,On Roadway,,Dark - Not Lighted,Not Reported,No,Not Applicable,39.88526111,-104.9241667,ADAMS (1),THORNTON
80164,2018,1,0,0,1,1,0,1,1,Colorado,May,5,Saturday,7:00pm-7:59pm,12,State Highway,Rural,Minor Arterial,State Highway Agency,This section IS NOT on the NHS,No Special Jurisdiction,Rollover/Overturn,Not a Collision with Motor Vehicle In-Transport,No,Non-Junction,Not an Intersection,On Roadside,,Daylight,Not Reported,No,Not Applicable,38.83833333,-103.8111111,LINCOLN (73),NOT APPLICABLE
80165,2018,1,0,0,2,2,0,2,2,Colorado,May,9,Wednesday,6:00pm-6:59pm,46,Local Street - Municipality,Urban,Minor Arterial,City or Municipal Highway Agency,This section IS NOT on the NHS,No Special Jurisdiction,Motor Vehicle In-Transport,Angle,No,Intersection,T-Intersection,On Roadway,,Daylight,Not Reported,No,Not Applicable,40.56653611,-104.9842639,LARIMER (69),FORT COLLINS
80166,2018,1,0,0,2,2,0,4,4,Colorado,May,11,Friday,8:00pm-8:59pm,29,U.S. Highway,Rural,Principal Arterial - Other,State Highway Agency,This section IS ON the NHS,No Special Jurisdiction,Motor Vehicle In-Transport,Front-to-Rear,No,Non-Junction,Not an Intersection,On Roadway,,Dark - Not Lighted,Not Reported,No,Not Applicable,37.49995278,-105.9531444,ALAMOSA (3),NOT APPLICABLE
80167,2018,1,0,0,2,2,0,4,4,Colorado,May,11,Friday,11:00pm-11:59pm,34,Local Street - Municipality,Urban,Minor Arterial,City or Municipal Highway Agency,This section IS NOT on the NHS,No Special Jurisdiction,Motor Vehicle In-Transport,Angle,No,Intersection,T-Intersection,On Roadway,,Dark - Lighted,Not Reported,No,Not Applicable,39.77461111,-104.7721111,DENVER (31),DENVER
80168,2018,1,0,0,1,1,0,1,1,Colorado,May,13,Sunday,6:00pm-6:59pm,10,State Highway,Rural,Minor Arterial,State Highway Agency,This section IS NOT on the NHS,No Special Jurisdiction,Rollover/Overturn,Not a Collision with Motor Vehicle In-Transport,No,Non-Junction,Not an Intersection,On Roadway,,Daylight,Not Reported,No,Not Applicable,38.25303333,-104.2921722,PUEBLO (101),NOT APPLICABLE
80169,2018,1,0,0,1,1,0,2,2,Colorado,May,13,Sunday,7:00pm-7:59pm,1,State Highway,Rural,Minor Arterial,State Highway Agency,This section IS NOT on the NHS,No Special Jurisdiction,Rollover/Overturn,Not a Collision with Motor Vehicle In-Transport,No,Non-Junction,Not an Intersection,On Roadway,,Daylight,Not Reported,No,Not Applicable,39.85611111,-106.6467389,EAGLE (37),NOT APPLICABLE
80170,2018,1,1,1,1,1,0,1,1,Colorado,May,10,Thursday,3:00pm-3:59pm,39,State Highway,Urban,Principal Arterial - Other,State Highway Agency,This section IS ON the NHS,No Special Jurisdiction,Pedestrian,Not a Collision with Motor Vehicle In-Transport,No,Intersection-Related,T-Intersection,On Roadway,,Daylight,Not Reported,No,Not Applicable,39.72568333,-104.8473833,ARAPAHOE (5),AURORA
80171,2018,1,0,0,1,1,0,1,1,Colorado,May,15,Tuesday,8:00pm-8:59pm,20,State Highway,Rural,Minor Arterial,State Highway Agency,This section IS NOT on the NHS,No Special Jurisdiction,"Post, Pole or Other Supports",Not a Collision with Motor Vehicle In-Transport,No,Non-Junction,Not an Intersection,On Roadside,,Dark - Not Lighted,Not Reported,No,Not Applicable,38.16428889,-105.2882833,CUSTER (27),NOT APPLICABLE
80172,2018,1,1,1,1,1,0,1,1,Colorado,May,9,Wednesday,3:00am-3:59am,14,U.S. Highway,Urban,Principal Arterial - Other,State Highway Agency,This section IS ON the NHS,No Special Jurisdiction,Pedestrian,Not a Collision with Motor Vehicle In-Transport,No,Non-Junction,Not an Intersection,On Roadway,,Dark - Not Lighted,Not Reported,No,Not Applicable,40.4395,-104.6918806,WELD (123),GREELEY
80173,2018,1,1,1,1,1,0,1,1,Colorado,May,14,Monday,4:00pm-4:59pm,24,U.S. Highway,Urban,Minor Arterial,State Highway Agency,This section IS NOT on the NHS,No Special Jurisdiction,Pedalcyclist,Not a Collision with Motor Vehicle In-Transport,No,Intersection,Four-Way Intersection,On Roadway,,Daylight,Not Reported,No,Not Applicable,39.07747778,-108.5708889,MESA (77),GRAND JUNCTION
80174,2018,1,0,0,2,2,0,5,5,Colorado,May,15,Tuesday,1:00pm-1:59pm,58,Local Street - Municipality,Urban,Principal Arterial - Other,City or Municipal Highway Agency,This section IS ON the NHS,No Special Jurisdiction,Motor Vehicle In-Transport,Angle,No,Intersection,Four-Way Intersection,On Roadway,,Daylight,Not Reported,No,Not Applicable,38.83266667,-104.78465,EL PASO (41),COLORADO SPGS
80175,2018,1,0,0,1,1,0,1,1,Colorado,May,17,Thursday,8:00pm-8:59pm,30,Local Street - Township,Rural,Minor Arterial,Town or Township Highway Agency,This section IS NOT on the NHS,No Special Jurisdiction,Fence,Not a Collision with Motor Vehicle In-Transport,No,Non-Junction,Not an Intersection,Outside Trafficway,,Dusk,Not Reported,No,Not Applicable,38.22952778,-104.3500417,PUEBLO (101),AVONDALE
80176,2018,1,0,0,1,1,0,1,1,Colorado,May,21,Monday,10:00pm-10:59pm,16,U.S. Highway,Urban,Principal Arterial - Other Freeways and Expressways,State Highway Agency,This section IS ON the NHS,No Special Jurisdiction,Curb,Not a Collision with Motor Vehicle In-Transport,Yes,Entrance/Exit Ramp Related,Not an Intersection,Gore,,Dark - Lighted,Not Reported,No,Not Applicable,39.72571389,-105.0824833,JEFFERSON (59),LAKEWOOD
80177,2018,1,0,0,1,1,0,1,1,Colorado,May,19,Saturday,2:00pm-2:59pm,5,County Road,Rural,Local,County Highway Agency,This section IS NOT on the NHS,No Special Jurisdiction,Rollover/Overturn,Not a Collision with Motor Vehicle In-Transport,No,Non-Junction,Not an Intersection,On Roadside,,Daylight,Not Reported,No,Not Applicable,38.85722222,-104.1298778,EL PASO (41),NOT APPLICABLE
80178,2018,1,0,0,1,1,0,2,2,Colorado,May,19,Saturday,4:00pm-4:59pm,1,Local Street - Municipality,Urban,Minor Arterial,City or Municipal Highway Agency,This section IS NOT on the NHS,No Special Jurisdiction,Tree (Standing Only),Not a Collision with Motor Vehicle In-Transport,No,Non-Junction,Not an Intersection,On Roadside,,Daylight,Not Reported,No,Not Applicable,39.59176944,-104.7212361,ARAPAHOE (5),AURORA
80179,2018,1,0,0,1,1,0,1,1,Colorado,May,19,Saturday,5:00pm-5:59pm,50,U.S. Highway,Rural,Principal Arterial - Other,State Highway Agency,This section IS ON the NHS,No Special Jurisdiction,Rollover/Overturn,Not a Collision with Motor Vehicle In-Transport,No,Driveway Access,Not an Intersection,On Roadway,,Daylight,Not Reported,No,Not Applicable,37.45047222,-106.8887806,MINERAL (79),NOT APPLICABLE
80180,2018,1,0,0,1,1,0,1,1,Colorado,May,20,Sunday,9:00am-9:59am,49,County Road,Rural,Minor Collector,County Highway Agency,This section IS NOT on the NHS,No Special Jurisdiction,Rollover/Overturn,Not a Collision with Motor Vehicle In-Transport,No,Non-Junction,Not an Intersection,Outside Trafficway,,Daylight,Not Reported,No,Not Applicable,40.72209444,-105.5893389,LARIMER (69),NOT APPLICABLE
80181,2018,2,0,0,2,2,0,5,5,Colorado,May,20,Sunday,12:00pm-12:59pm,15,State Highway,Rural,Principal Arterial - Other,State Highway Agency,This section IS ON the NHS,No Special Jurisdiction,Motor Vehicle In-Transport,Front-to-Front,No,Non-Junction,Not an Intersection,On Shoulder,,Daylight,Cloudy,No,Not Applicable,39.15944444,-104.7507056,DOUGLAS (35),NOT APPLICABLE
80182,2018,1,0,0,2,2,0,2,2,Colorado,May,20,Sunday,1:00pm-1:59pm,1,Local Street - Municipality,Urban,Minor Arterial,City or Municipal Highway Agency,This section IS NOT on the NHS,No Special Jurisdiction,Rollover/Overturn,Not a Collision with Motor Vehicle In-Transport,No,Non-Junction,Not an Intersection,On Roadway,,Daylight,Not Reported,No,Not Applicable,40.18853333,-105.1111194,BOULDER (13),LONGMONT
80183,2018,1,0,0,3,3,0,3,3,Colorado,May,17,Thursday,7:00pm-7:59pm,32,Local Street - Municipality,Urban,Minor Arterial,City or Municipal Highway Agency,This section IS NOT on the NHS,No Special Jurisdiction,Motor Vehicle In-Transport,Front-to-Rear,No,Non-Junction,Not an Intersection,On Roadway,,Daylight,Not Reported,No,Not Applicable,39.80143889,-105.06175,JEFFERSON (59),ARVADA
80184,2018,1,0,0,2,2,0,3,3,Colorado,May,23,Wednesday,2:00pm-2:59pm,30,State Highway,Rural,Minor Arterial,State Highway Agency,This section IS NOT on the NHS,No Special Jurisdiction,Motor Vehicle In-Transport,Angle,No,Non-Junction,Not an Intersection,On Roadway,,Daylight,Clear,No,Not Applicable,38.79300833,-107.9213722,DELTA (29),NOT APPLICABLE
80185,2018,1,1,1,1,1,0,1,1,Colorado,May,6,Sunday,8:00am-8:59am,6,U.S. Highway,Urban,Minor Arterial,State Highway Agency,This section IS NOT on the NHS,No Special Jurisdiction,Pedestrian,Not a Collision with Motor Vehicle In-Transport,No,Intersection-Related,Four-Way Intersection,On Roadway,,Daylight,Not Reported,No,Not Applicable,40.62582778,-103.2090083,LOGAN (75),STERLING