ST_CASE,YEAR,FATALS,PEDS,PERNOTMVIT,VE_TOTAL,VE_FORMS,PVH_INVL,PERSONS,PERMVIT,STATENAME,MONTHNAME,DAYNAME,DAY_WEEKNAME,HOURNAME,MINUTENAME,ROUTENAME,RUR_URBNAME,FUNC_SYSNAME,RD_OWNERNAME,NHSNAME,SP_JURNAME,HARM_EVNAME,MAN_COLLNAME,RELJCT1NAME,RELJCT2NAME,TYP_INTNAME,REL_ROADNAME,WRK_ZONENAME,LGT_CONDNAME,WEATHERNAME,SCH_BUSNAME,RAILNAME,LATITUDE,LONGITUD,COUNTYNAME,CITYNAME
80255,2018,1,0,0,1,1,0,1,1,Colorado,June,28,Thursday,2:00am-2:59am,10,Interstate,Urban,Interstate,State Highway Agency,This section IS ON the NHS,No Special Jurisdiction,Cable Barrier,Not a Collision with Motor Vehicle In-Transport,No,Non-Junction,Not an Intersection,On Median,,Dark - Not Lighted,Clear,No,Not Applicable,39.893625,-104.8530556,ADAMS (1),COMMERCE CITY
80256,2018,1,0,0,1,1,0,1,1,Colorado,June,28,Thursday,12:00pm-12:59pm,17,Interstate,Rural,Interstate,State Highway Agency,This section IS ON the NHS,No Special Jurisdiction,Rollover/Overturn,Not a Collision with Motor Vehicle In-Transport,No,Non-Junction,Not an Intersection,On Median,,Daylight,Not Reported,No,Not Applicable,37.60737778,-104.7528333,HUERFANO (55),NOT APPLICABLE
80257,2018,1,0,0,2,2,0,2,2,Colorado,June,30,Saturday,11:00pm-11:59pm,0,State Highway,Rural,Principal Arterial - Other,State Highway Agency,This section IS ON the NHS,No Special Jurisdiction,Motor Vehicle In-Transport,Front-to-Front,No,Non-Junction,Not an Intersection,On Roadway,,Dark - Not Lighted,Not Reported,No,Not Applicable,40.20698889,-105.22,BOULDER (13),NOT APPLICABLE
80258,2018,1,1,1,1,1,0,2,2,Colorado,June,30,Saturday,10:00pm-10:59pm,17,U.S. Highway,Urban,Principal Arterial - Other,State Highway Agency,This section IS ON the NHS,No Special Jurisdiction,Pedalcyclist,Not a Collision with Motor Vehicle In-Transport,No,Intersection,T-Intersection,On Roadway,,Dark - Not Lighted,Not Reported,No,Not Applicable,40.50875,-105.07745,LARIMER (69),FORT COLLINS
80259,2018,1,1,1,1,1,0,1,1,Colorado,June,11,Monday,5:00pm-5:59pm,26,State Highway,Urban,Principal Arterial - Other,State Highway Agency,This section IS ON the NHS,No Special Jurisdiction,Pedestrian,Not a Collision with Motor Vehicle In-Transport,No,Intersection-Related,T-Intersection,On Roadway,,Daylight,Not Reported,No,Not Applicable,39.671675,-105.0251278,DENVER (31),DENVER
80260,2018,1,0,0,3,3,0,5,5,Colorado,June,2,Saturday,2:00pm-2:59pm,44,State Highway,Rural,Principal Arterial - Other,State Highway Agency,This section IS ON the NHS,No Special Jurisdiction,Motor Vehicle In-Transport,Front-to-Front,No,Non-Junction,Not an Intersection,On Roadway,,Daylight,Not Reported,No,Not Applicable,40.20422222,-104.9191667,WELD (123),PLATTEVILLE
80261,2018,1,1,1,1,1,0,1,1,Colorado,June,2,Saturday,11:00pm-11:59pm,26,State Highway,Urban,Principal Arterial - Other,State Highway Agency,This section IS ON the NHS,No Special Jurisdiction,Pedalcyclist,Not a Collision with Motor Vehicle In-Transport,No,Intersection-Related,Four-Way Intersection,On Roadway,,Dark - Lighted,Not Reported,No,Not Applicable,39.52546111,-107.3224222,GARFIELD (45),GLENWOOD SPGS
80262,2018,2,0,0,2,2,0,7,7,Colorado,June,8,Friday,5:00pm-5:59pm,22,U.S. Highway,Urban,Principal Arterial - Other,State Highway Agency,This section IS ON the NHS,No Special Jurisdiction,Motor Vehicle In-Transport,Angle,No,Intersection,Four-Way Intersection,On Roadway,,Daylight,Not Reported,No,Not Applicable,40.09463889,-104.8122028,WELD (123),FORT LUPTON
80263,2018,1,1,1,1,1,0,2,2,Colorado,June,10,Sunday,10:00am-10:59am,25,State Highway,Urban,Principal Arterial - Other,State Highway Agency,This section IS ON the NHS,No Special Jurisdiction,Curb,Not a Collision with Motor Vehicle In-Transport,No,Non-Junction,Not an Intersection,On Roadside,,Daylight,Not Reported,No,Not Applicable,39.67133611,-105.0249583,DENVER (31),DENVER
80264,2018,1,0,0,3,3,0,4,4,Colorado,June,23,Saturday,6:00pm-6:59pm,5,U.S. Highway,Rural,Minor Arterial,State Highway Agency,This section IS NOT on the NHS,No Special Jurisdiction,Motor Vehicle In-Transport,Sideswipe - Opposite Direction,No,Non-Junction,Not an Intersection,On Roadway,,Daylight,Not Reported,No,Not Applicable,40.15025,-105.2818528,BOULDER (13),NOT APPLICABLE
80265,2018,1,0,0,2,2,0,2,2,Colorado,June,4,Monday,10:00am-10:59am,55,State Highway,Urban,Principal Arterial - Other,State Highway Agency,This section IS ON the NHS,No Special Jurisdiction,Motor Vehicle In-Transport,Front-to-Front,No,Intersection,Four-Way Intersection,On Roadway,,Daylight,Not Reported,No,Not Applicable,38.84143333,-104.6828333,EL PASO (41),NOT APPLICABLE
80266,2018,1,0,0,1,1,0,2,2,Colorado,June,1,Friday,2:00am-2:59am,30,Local Street - Municipality,Urban,Local,City or Municipal Highway Agency,This section IS NOT on the NHS,No Special Jurisdiction,Wall,Not a Collision with Motor Vehicle In-Transport,No,Non-Junction,Not an Intersection,On Roadside,,Dark - Not Lighted,Not Reported,No,Not Applicable,38.32402778,-104.7480222,PUEBLO (101),PUEBLO WEST
80267,2018,1,0,0,2,2,0,2,2,Colorado,June,29,Friday,8:00pm-8:59pm,16,Local Street - Municipality,Urban,Local,City or Municipal Highway Agency,This section IS NOT on the NHS,No Special Jurisdiction,Motor Vehicle In-Transport,Front-to-Front,No,Non-Junction,Not an Intersection,On Roadway,,Dusk,Not Reported,No,Not Applicable,40.58547222,-105.0534111,LARIMER (69),FORT COLLINS
80268,2018,1,0,0,1,1,0,1,1,Colorado,June,5,Tuesday,10:00pm-10:59pm,45,Local Street - Municipality,Urban,Minor Arterial,City or Municipal Highway Agency,This section IS NOT on the NHS,No Special Jurisdiction,Rollover/Overturn,Not a Collision with Motor Vehicle In-Transport,No,Intersection,Four-Way Intersection,On Roadway,,Dark - Lighted,Not Reported,No,Not Applicable,40.57505556,-105.1337778,LARIMER (69),FORT COLLINS
80269,2018,1,1,1,1,1,0,1,1,Colorado,June,8,Friday,9:00pm-9:59pm,32,Local Street - Municipality,Urban,Minor Arterial,City or Municipal Highway Agency,This section IS NOT on the NHS,No Special Jurisdiction,Pedestrian,Not a Collision with Motor Vehicle In-Transport,No,Non-Junction,Not an Intersection,On Roadside,,Dark - Lighted,Not Reported,No,Not Applicable,40.43375,-105.1157222,LARIMER (69),LOVELAND
80270,2018,1,0,0,1,1,0,1,1,Colorado,July,2,Monday,8:00pm-8:59pm,40,State Highway,Rural,Major Collector,State Highway Agency,This section IS NOT on the NHS,No Special Jurisdiction,Rollover/Overturn,Not a Collision with Motor Vehicle In-Transport,No,Non-Junction,Not an Intersection,On Roadside,,Dusk,Not Reported,No,Not Applicable,40.63,-108.4760417,MOFFAT (81),NOT APPLICABLE
80271,2018,2,0,0,2,2,0,3,3,Colorado,July,3,Tuesday,11:00am-11:59am,58,U.S. Highway,Rural,Principal Arterial - Other,State Highway Agency,This section IS ON the NHS,No Special Jurisdiction,Motor Vehicle In-Transport,Angle,No,Intersection,Four-Way Intersection,On Roadway,,Daylight,Not Reported,No,Not Applicable,38.59793889,-107.9731111,MONTROSE (85),NOT APPLICABLE
80272,2018,1,0,0,1,1,0,2,2,Colorado,July,4,Wednesday,0:00am-0:59am,0,Interstate,Rural,Interstate,State Highway Agency,This section IS ON the NHS,No Special Jurisdiction,Rollover/Overturn,Not a Collision with Motor Vehicle In-Transport,No,Non-Junction,Not an Intersection,On Roadside,,Dark - Not Lighted,Not Reported,No,Not Applicable,39.30547222,-103.8185278,ELBERT (39),NOT APPLICABLE
80273,2018,1,0,0,2,1,1,1,1,Colorado,July,4,Wednesday,5:00pm-5:59pm,2,County Road,Urban,Local,County Highway Agency,This section IS NOT on the NHS,No Special Jurisdiction,Parked Motor Vehicle,Not a Collision with Motor Vehicle In-Transport,No,Non-Junction,Not an Intersection,In Parking Lane/Zone,,Daylight,Not Reported,No,Not Applicable,38.75136111,-104.7318944,EL PASO (41),NOT APPLICABLE
80274,2018,3,0,0,1,1,0,4,4,Colorado,July,4,Wednesday,6:00pm-6:59pm,40,County Road,Rural,Minor Arterial,County Highway Agency,This section IS NOT on the NHS,No Special Jurisdiction,Fence,Not a Collision with Motor Vehicle In-Transport,No,Non-Junction,Not an Intersection,On Roadside,,Daylight,Not Reported,No,Not Applicable,38.92512222,-104.4508111,EL PASO (41),NOT APPLICABLE
80275,2018,1,0,0,2,2,0,3,3,Colorado,July,5,Thursday,2:00pm-2:59pm,58,U.S. Highway,Rural,Principal Arterial - Other,State Highway Agency,This section IS ON the NHS,No Special Jurisdiction,Motor Vehicle In-Transport,Front-to-Front,No,Intersection-Related,Four-Way Intersection,On Roadway,,Daylight,Not Reported,No,Not Applicable,37.48259722,-105.9119556,ALAMOSA (3),NOT APPLICABLE
80276,2018,1,0,0,2,1,1,2,2,Colorado,July,7,Saturday,4:00am-4:59am,8,Local Street - Municipality,Urban,Local,City or Municipal Highway Agency,This section IS NOT on the NHS,No Special Jurisdiction,Curb,Not a Collision with Motor Vehicle In-Transport,No,Non-Junction,Not an Intersection,On Roadside,,Dark - Lighted,Not Reported,No,Not Applicable,39.66293333,-104.7654333,ARAPAHOE (5),AURORA
80277,2018,1,0,0,2,2,0,2,2,Colorado,July,7,Saturday,5:00pm-5:59pm,47,U.S. Highway,Urban,Principal Arterial - Other,State Highway Agency,This section IS ON the NHS,No Special Jurisdiction,Motor Vehicle In-Transport,Front-to-Front,No,Intersection,Four-Way Intersection,On Roadway,,Daylight,Not Reported,No,Not Applicable,39.74028889,-105.0591056,JEFFERSON (59),LAKEWOOD
80278,2018,1,0,0,1,1,0,4,4,Colorado,July,7,Saturday,11:00pm-11:59pm,34,County Road,Urban,Minor Arterial,County Highway Agency,This section IS NOT on the NHS,No Special Jurisdiction,Traffic Sign Support,Not a Collision with Motor Vehicle In-Transport,No,Non-Junction,Not an Intersection,On Roadside,,Dark - Not Lighted,Not Reported,No,Not Applicable,39.59428333,-105.1285833,JEFFERSON (59),NOT APPLICABLE
80279,2018,1,0,0,1,1,0,2,2,Colorado,July,8,Sunday,7:00am-7:59am,38,State Highway,Rural,Minor Arterial,State Highway Agency,This section IS NOT on the NHS,No Special Jurisdiction,"Post, Pole or Other Supports",Not a Collision with Motor Vehicle In-Transport,No,Non-Junction,Not an Intersection,On Roadside,,Daylight,Not Reported,No,Not Applicable,40.02769444,-106.7820972,ROUTT (107),NOT APPLICABLE
80280,2018,1,0,0,1,1,0,1,1,Colorado,July,8,Sunday,12:00pm-12:59pm,5,County Road,Urban,Minor Arterial,County Highway Agency,This section IS NOT on the NHS,No Special Jurisdiction,Tree (Standing Only),Not a Collision with Motor Vehicle In-Transport,No,Non-Junction,Not an Intersection,Outside Trafficway,,Daylight,Not Reported,No,Not Applicable,39.37041667,-104.8907278,DOUGLAS (35),NOT APPLICABLE
80281,2018,1,0,0,1,1,0,1,1,Colorado,July,9,Monday,1:00pm-1:59pm,58,U.S. Highway,Rural,Principal Arterial - Other,State Highway Agency,This section IS ON the NHS,No Special Jurisdiction,Embankment,Not a Collision with Motor Vehicle In-Transport,No,Non-Junction,Not an Intersection,On Roadside,,Daylight,Not Reported,No,Not Applicable,40.49652778,-107.1858333,ROUTT (107),NOT APPLICABLE
80282,2018,1,1,1,1,1,0,1,1,Colorado,July,9,Monday,5:00pm-5:59pm,38,State Highway,Urban,Principal Arterial - Other,State Highway Agency,This section IS ON the NHS,No Special Jurisdiction,Pedalcyclist,Not a Collision with Motor Vehicle In-Transport,Yes,Intersection-Related,Four-Way Intersection,On Roadway,,Daylight,Not Reported,No,Not Applicable,38.81462222,-104.8220889,EL PASO (41),COLORADO SPGS
80283,2018,1,0,0,1,1,0,3,3,Colorado,July,15,Sunday,0:00am-0:59am,20,Local Street - Municipality,Urban,Major Collector,City or Municipal Highway Agency,This section IS NOT on the NHS,No Special Jurisdiction,Rollover/Overturn,Not a Collision with Motor Vehicle In-Transport,No,Non-Junction,Not an Intersection,On Roadside,,Dark - Not Lighted,Not Reported,No,Not Applicable,38.31847222,-104.6607222,PUEBLO (101),PUEBLO WEST
80284,2018,1,0,0,2,2,0,3,3,Colorado,July,2,Monday,4:00pm-4:59pm,15,Local Street - Frontage Road,Urban,Principal Arterial - Other,State Highway Agency,This section IS ON the NHS,No Special Jurisdiction,Motor Vehicle In-Transport,Angle,No,Intersection,Four-Way Intersection,On Roadway,,Daylight,Clear,No,Not Applicable,39.82716667,-104.9269722,ADAMS (1),COMMERCE CITY
80285,2018,1,0,0,1,1,0,1,1,Colorado,July,16,Monday,3:00pm-3:59pm,13,State Highway,Rural,Major Collector,State Highway Agency,This section IS NOT on the NHS,No Special Jurisdiction,Ground,Not a Collision with Motor Vehicle In-Transport,No,Non-Junction,Not an Intersection,On Roadside,,Daylight,Not Reported,No,Not Applicable,38.13083333,-104.8453889,PUEBLO (101),NOT APPLICABLE
80286,2018,1,1,1,1,1,0,1,1,Colorado,July,17,Tuesday,4:00am-4:59am,3,Interstate,Urban,Interstate,State Highway Agency,This section IS ON the NHS,No Special Jurisdiction,Pedestrian,Not a Collision with Motor Vehicle In-Transport,Yes,Through Roadway,Not an Intersection,On Roadway,,Dark - Lighted,Not Reported,No,Not Applicable,39.85994444,-104.9110667,ADAMS (1),NOT APPLICABLE
80287,2018,1,0,0,2,2,0,3,3,Colorado,July,17,Tuesday,7:00pm-7:59pm,15,U.S. Highway,Rural,Principal Arterial - Other,State Highway Agency,This section IS ON the NHS,No Special Jurisdiction,Motor Vehicle In-Transport,Front-to-Front,No,Non-Junction,Not an Intersection,On Roadway,,Daylight,Clear,No,Not Applicable,40.91698333,-105.3223444,LARIMER (69),NOT APPLICABLE
80288,2018,2,0,0,3,3,0,6,6,Colorado,July,18,Wednesday,2:00pm-2:59pm,2,U.S. Highway,Rural,Principal Arterial - Other,State Highway Agency,This section IS ON the NHS,No Special Jurisdiction,Motor Vehicle In-Transport,Front-to-Front,No,Non-Junction,Not an Intersection,On Roadway,,Daylight,Not Reported,No,Not Applicable,38.81716111,-106.0782278,CHAFFEE (15),NOT APPLICABLE
80289,2018,1,1,1,1,1,0,2,2,Colorado,July,18,Wednesday,3:00pm-3:59pm,55,County Road,Urban,Minor Arterial,County Highway Agency,This section IS NOT on the NHS,No Special Jurisdiction,Pedalcyclist,Not a Collision with Motor Vehicle In-Transport,No,Non-Junction,Not an Intersection,On Roadway,,Daylight,Not Reported,No,Not Applicable,39.59517222,-105.0805,JEFFERSON (59),NOT APPLICABLE
80290,2018,2,0,0,1,1,0,3,3,Colorado,July,20,Friday,11:00am-11:59am,55,State Highway,Rural,Minor Arterial,State Highway Agency,This section IS NOT on the NHS,No Special Jurisdiction,Rollover/Overturn,Not a Collision with Motor Vehicle In-Transport,No,Non-Junction,Not an Intersection,On Roadside,,Daylight,Not Reported,No,Not Applicable,39.18694444,-107.2368056,PITKIN (97),NOT APPLICABLE
80291,2018,1,1,1,1,1,0,1,1,Colorado,July,21,Saturday,6:00am-6:59am,35,Local Street - Municipality,Urban,Major Collector,City or Municipal Highway Agency,This section IS NOT on the NHS,No Special Jurisdiction,Pedalcyclist,Not a Collision with Motor Vehicle In-Transport,No,Intersection,Four-Way Intersection,On Roadway,,Daylight,Clear,No,Not Applicable,39.81281944,-104.9222778,ADAMS (1),COMMERCE CITY
80292,2018,1,0,0,1,1,0,1,1,Colorado,July,21,Saturday,8:00am-8:59am,4,County Road,Rural,Local,County Highway Agency,This section IS NOT on the NHS,No Special Jurisdiction,Rollover/Overturn,Not a Collision with Motor Vehicle In-Transport,No,Non-Junction,Not an Intersection,On Roadside,,Daylight,Not Reported,No,Not Applicable,37.79611111,-109.01375,DOLORES (33),NOT APPLICABLE
80293,2018,1,0,0,1,1,0,2,2,Colorado,July,23,Monday,2:00am-2:59am,20,Local Street - Municipality,Urban,Local,City or Municipal Highway Agency,This section IS NOT on the NHS,No Special Jurisdiction,Concrete Traffic Barrier,Not a Collision with Motor Vehicle In-Transport,No,Non-Junction,Not an Intersection,On Roadside,,Dark - Lighted,Not Reported,No,Not Applicable,39.6752,-104.9315333,DENVER (31),DENVER
80294,2018,1,0,0,1,1,0,2,2,Colorado,July,23,Monday,2:00pm-2:59pm,56,County Road,Urban,Minor Arterial,County Highway Agency,This section IS NOT on the NHS,No Special Jurisdiction,Embankment,Not a Collision with Motor Vehicle In-Transport,No,Non-Junction,Not an Intersection,On Roadside,,Daylight,Not Reported,No,Not Applicable,38.48201667,-107.827525,MONTROSE (85),NOT APPLICABLE
80295,2018,1,0,0,1,1,0,1,1,Colorado,July,23,Monday,10:00pm-10:59pm,0,State Highway,Rural,Major Collector,State Highway Agency,This section IS NOT on the NHS,No Special Jurisdiction,Guardrail Face,Not a Collision with Motor Vehicle In-Transport,No,Non-Junction,Not an Intersection,On Roadside,,Dark - Not Lighted,Not Reported,No,Not Applicable,39.38428333,-105.0238889,DOUGLAS (35),NOT APPLICABLE
80296,2018,2,0,0,3,3,0,5,5,Colorado,July,24,Tuesday,1:00pm-1:59pm,25,U.S. Highway,Rural,Principal Arterial - Other,State Highway Agency,This section IS ON the NHS,No Special Jurisdiction,Motor Vehicle In-Transport,Angle,No,Non-Junction,Not an Intersection,On Roadway,,Daylight,Not Reported,No,Not Applicable,38.97873889,-104.5465972,EL PASO (41),NOT APPLICABLE
80297,2018,1,0,0,1,1,0,1,1,Colorado,July,25,Wednesday,9:00am-9:59am,55,U.S. Highway,Rural,Principal Arterial - Other,State Highway Agency,This section IS ON the NHS,No Special Jurisdiction,"Post, Pole or Other Supports",Not a Collision with Motor Vehicle In-Transport,No,Non-Junction,Not an Intersection,On Roadside,,Daylight,Not Reported,No,Not Applicable,38.26138889,-107.7568583,OURAY (91),NOT APPLICABLE
80298,2018,1,0,0,2,2,0,3,3,Colorado,July,25,Wednesday,9:00pm-9:59pm,20,U.S. Highway,Rural,Principal Arterial - Other,State Highway Agency,This section IS ON the NHS,No Special Jurisdiction,Motor Vehicle In-Transport,Front-to-Front,No,Non-Junction,Not an Intersection,On Roadway,,Dark - Not Lighted,Rain,No,Not Applicable,37.60345278,-102.6204028,BACA (9),NOT APPLICABLE
80299,2018,1,0,0,2,2,0,2,2,Colorado,July,2,Monday,2:00pm-2:59pm,47,U.S. Highway,Rural,Principal Arterial - Other,State Highway Agency,This section IS ON the NHS,No Special Jurisdiction,Motor Vehicle In-Transport,Angle,No,Intersection,Four-Way Intersection,On Roadway,,Daylight,Not Reported,No,Not Applicable,40.39190556,-104.6019611,WELD (123),KERSEY
80300,2018,1,0,0,2,1,1,1,1,Colorado,July,27,Friday,9:00pm-9:59pm,44,County Road,Rural,Local,County Highway Agency,This section IS NOT on the NHS,No Special Jurisdiction,Fence,Not a Collision with Motor Vehicle In-Transport,No,Non-Junction,Not an Intersection,On Roadside,,Dark - Not Lighted,Not Reported,No,Not Applicable,38.74138889,-107.9904111,DELTA (29),NOT APPLICABLE
80301,2018,1,0,0,2,2,0,3,3,Colorado,July,28,Saturday,1:00am-1:59am,30,State Highway,Urban,Minor Arterial,State Highway Agency,This section IS NOT on the NHS,No Special Jurisdiction,Motor Vehicle In-Transport,Front-to-Front,No,Non-Junction,Not an Intersection,On Roadside,,Dark - Not Lighted,Not Reported,No,Not Applicable,40.48111111,-105.0323611,LARIMER (69),NOT APPLICABLE
80302,2018,1,0,0,1,1,0,3,3,Colorado,July,28,Saturday,7:00am-7:59am,1,Interstate,Rural,Interstate,State Highway Agency,This section IS ON the NHS,No Special Jurisdiction,Rollover/Overturn,Not a Collision with Motor Vehicle In-Transport,No,Non-Junction,Not an Intersection,On Median,,Daylight,Not Reported,No,Not Applicable,39.22027778,-108.9583333,MESA (77),NOT APPLICABLE
80303,2018,1,0,0,2,1,1,2,2,Colorado,July,28,Saturday,9:00pm-9:59pm,25,Local Street - Municipality,Urban,Local,City or Municipal Highway Agency,This section IS NOT on the NHS,No Special Jurisdiction,Parked Motor Vehicle,Not a Collision with Motor Vehicle In-Transport,No,Non-Junction,Not an Intersection,In Parking Lane/Zone,,Dark - Not Lighted,Clear,No,Not Applicable,39.84165833,-104.9120722,ADAMS (1),COMMERCE CITY
80304,2018,1,1,1,1,1,0,6,6,Colorado,July,26,Thursday,8:00pm-8:59pm,55,State Highway,Urban,Principal Arterial - Other,State Highway Agency,This section IS ON the NHS,No Special Jurisdiction,Pedestrian,Not a Collision with Motor Vehicle In-Transport,No,Non-Junction,Not an Intersection,On Roadway,,Dark - Not Lighted,Not Reported,No,Not Applicable,39.69029444,-104.8906722,ARAPAHOE (5),NOT APPLICABLE
80305,2018,1,0,0,1,1,0,1,1,Colorado,July,26,Thursday,6:00am-6:59am,55,Interstate,Urban,Interstate,State Highway Agency,This section IS ON the NHS,No Special Jurisdiction,Curb,Not a Collision with Motor Vehicle In-Transport,Yes,Intersection-Related,Four-Way Intersection,On Median,,Daylight,Not Reported,No,Not Applicable,38.79603889,-104.7962944,EL PASO (41),COLORADO SPGS
80306,2018,1,1,1,1,1,0,1,1,Colorado,July,28,Saturday,8:00pm-8:59pm,55,Local Street - Municipality,Urban,Local,City or Municipal Highway Agency,This section IS NOT on the NHS,No Special Jurisdiction,Pedestrian,Not a Collision with Motor Vehicle In-Transport,No,Intersection-Related,Four-Way Intersection,On Roadway,,Dark - Lighted,Not Reported,No,Not Applicable,38.90272222,-104.7022667,EL PASO (41),COLORADO SPGS
80307,2018,1,0,0,1,1,0,2,2,Colorado,July,30,Monday,12:00pm-12:59pm,25,Interstate,Urban,Interstate,State Highway Agency,This section IS ON the NHS,No Special Jurisdiction,Guardrail Face,Not a Collision with Motor Vehicle In-Transport,No,Non-Junction,Not an Intersection,On Median,,Daylight,Not Reported,No,Not Applicable,39.69563333,-105.2123194,JEFFERSON (59),NOT APPLICABLE
80308,2018,1,0,0,2,2,0,3,3,Colorado,July,30,Monday,8:00pm-8:59pm,58,Local Street - Municipality,Urban,Principal Arterial - Other,City or Municipal Highway Agency,This section IS ON the NHS,No Special Jurisdiction,Motor Vehicle In-Transport,Angle,No,Intersection,Four-Way Intersection,On Roadway,,Dark - Lighted,Not Reported,No,Not Applicable,39.67365833,-104.8015389,ARAPAHOE (5),AURORA
80309,2018,1,0,0,1,1,0,1,1,Colorado,July,30,Monday,5:00pm-5:59pm,28,Local Street - Municipality,Urban,Principal Arterial - Other,City or Municipal Highway Agency,This section IS ON the NHS,No Special Jurisdiction,Curb,Not a Collision with Motor Vehicle In-Transport,No,Intersection-Related,T-Intersection,On Roadside,,Daylight,Not Reported,No,Not Applicable,39.88521111,-105.03435,ADAMS (1),WESTMINSTER
80310,2018,1,0,0,1,1,0,1,1,Colorado,July,31,Tuesday,2:00am-2:59am,50,County Road,Rural,Minor Collector,County Highway Agency,This section IS NOT on the NHS,No Special Jurisdiction,Rollover/Overturn,Not a Collision with Motor Vehicle In-Transport,No,Non-Junction,Not an Intersection,On Roadside,,Dark - Not Lighted,Clear,No,Not Applicable,39.00385,-108.7412778,MESA (77),NOT APPLICABLE
80311,2018,1,0,0,1,1,0,1,1,Colorado,July,31,Tuesday,2:00pm-2:59pm,37,U.S. Highway,Rural,Principal Arterial - Other,State Highway Agency,This section IS ON the NHS,No Special Jurisdiction,Guardrail Face,Not a Collision with Motor Vehicle In-Transport,No,Non-Junction,Not an Intersection,On Roadside,,Daylight,Not Reported,No,Not Applicable,40.07561111,-105.9276444,GRAND (49),GRANBY
80312,2018,1,0,0,2,2,0,2,2,Colorado,July,12,Thursday,12:00pm-12:59pm,57,Local Street - Municipality,Urban,Minor Arterial,City or Municipal Highway Agency,This section IS NOT on the NHS,No Special Jurisdiction,Motor Vehicle In-Transport,Angle,No,Non-Junction,Not an Intersection,On Shoulder,,Daylight,Not Reported,No,Not Applicable,38.30038333,-104.7694694,PUEBLO (101),PUEBLO WEST
80313,2018,1,0,0,2,2,0,2,2,Colorado,July,30,Monday,3:00pm-3:59pm,49,Local Street - Municipality,Rural,Major Collector,City or Municipal Highway Agency,This section IS NOT on the NHS,No Special Jurisdiction,Motor Vehicle In-Transport,Angle,No,Intersection,Four-Way Intersection,On Roadway,,Daylight,Not Reported,No,Not Applicable,39.783075,-104.5833806,ADAMS (1),AURORA
80314,2018,1,0,0,1,1,0,1,1,Colorado,July,7,Saturday,7:00pm-7:59pm,50,Local Street - Municipality,Urban,Principal Arterial - Other,City or Municipal Highway Agency,This section IS ON the NHS,No Special Jurisdiction,Curb,Not a Collision with Motor Vehicle In-Transport,No,Non-Junction,Not an Intersection,On Roadside,,Dusk,Not Reported,No,Not Applicable,38.79611111,-104.7709222,EL PASO (41),COLORADO SPGS
80315,2018,1,1,1,1,1,0,2,2,Colorado,July,29,Sunday,11:00am-11:59am,2,Local Street - Municipality,Urban,Principal Arterial - Other,City or Municipal Highway Agency,This section IS ON the NHS,No Special Jurisdiction,Pedestrian,Not a Collision with Motor Vehicle In-Transport,No,Intersection-Related,Four-Way Intersection,On Roadway,,Daylight,Not Reported,No,Not Applicable,38.78881944,-104.75745,EL PASO (41),COLORADO SPGS
80316,2018,1,1,1,1,1,0,1,1,Colorado,July,20,Friday,7:00pm-7:59pm,19,Local Street - Municipality,Urban,Local,City or Municipal Highway Agency,This section IS NOT on the NHS,No Special Jurisdiction,Pedestrian,Not a Collision with Motor Vehicle In-Transport,No,Non-Junction,Not an Intersection,On Roadway,,Daylight,Not Reported,No,Not Applicable,39.78088333,-105.0228167,DENVER (31),DENVER
80317,2018,1,0,0,1,1,0,1,1,Colorado,July,29,Sunday,4:00pm-4:59pm,52,County Road,Rural,Major Collector,County Highway Agency,This section IS NOT on the NHS,No Special Jurisdiction,Rollover/Overturn,Not a Collision with Motor Vehicle In-Transport,No,Non-Junction,Not an Intersection,On Roadside,,Daylight,Not Reported,No,Not Applicable,40.37694444,-104.65625,WELD (123),NOT APPLICABLE
80318,2018,1,1,1,1,1,0,2,2,Colorado,July,4,Wednesday,9:00pm-9:59pm,13,County Road,Urban,Local,City or Municipal Highway Agency,This section IS NOT on the NHS,No Special Jurisdiction,Pedestrian,Not a Collision with Motor Vehicle In-Transport,No,Driveway Access Related,Not an Intersection,On Roadway,,Dark - Not Lighted,Not Reported,No,Not Applicable,40.13128333,-104.9348444,WELD (123),FIRESTONE
80319,2018,1,0,0,1,1,0,4,4,Colorado,July,26,Thursday,5:00pm-5:59pm,48,U.S. Highway,Rural,Principal Arterial - Other,State Highway Agency,This section IS ON the NHS,No Special Jurisdiction,Rollover/Overturn,Not a Collision with Motor Vehicle In-Transport,No,Non-Junction,Not an Intersection,On Roadside,,Daylight,Not Reported,No,Not Applicable,40.38706667,-104.5349944,WELD (123),KERSEY
80320,2018,1,1,1,1,1,0,1,1,Colorado,July,21,Saturday,11:00pm-11:59pm,58,Interstate,Urban,Interstate,State Highway Agency,This section IS ON the NHS,No Special Jurisdiction,Pedestrian,Not a Collision with Motor Vehicle In-Transport,Yes,Through Roadway,Not an Intersection,On Roadway,,Dark - Lighted,Clear,No,Not Applicable,39.76022778,-105.0059083,DENVER (31),DENVER
80321,2018,1,0,0,2,2,0,2,2,Colorado,July,11,Wednesday,8:00pm-8:59pm,43,U.S. Highway,Urban,Principal Arterial - Other,State Highway Agency,This section IS ON the NHS,No Special Jurisdiction,Motor Vehicle In-Transport,Angle,No,Intersection,Four-Way Intersection,On Roadway,,Dark - Lighted,Not Reported,No,Not Applicable,39.65127222,-104.9829111,ARAPAHOE (5),ENGLEWOOD
80322,2018,1,0,0,1,1,0,1,1,Colorado,July,17,Tuesday,7:00am-7:59am,5,Local Street - Municipality,Urban,Principal Arterial - Other,City or Municipal Highway Agency,This section IS NOT on the NHS,No Special Jurisdiction,Curb,Not a Collision with Motor Vehicle In-Transport,No,Non-Junction,Not an Intersection,On Roadside,,Daylight,Not Reported,No,Not Applicable,38.80658333,-104.8409611,EL PASO (41),COLORADO SPGS