ST_CASE,YEAR,FATALS,PEDS,PERNOTMVIT,VE_TOTAL,VE_FORMS,PVH_INVL,PERSONS,PERMVIT,STATENAME,MONTHNAME,DAYNAME,DAY_WEEKNAME,HOURNAME,MINUTENAME,ROUTENAME,RUR_URBNAME,FUNC_SYSNAME,RD_OWNERNAME,NHSNAME,SP_JURNAME,HARM_EVNAME,MAN_COLLNAME,RELJCT1NAME,RELJCT2NAME,TYP_INTNAME,REL_ROADNAME,WRK_ZONENAME,LGT_CONDNAME,WEATHERNAME,SCH_BUSNAME,RAILNAME,LATITUDE,LONGITUD,COUNTYNAME,CITYNAME
80323,2018,1,0,0,1,1,0,2,2,Colorado,July,1,Sunday,9:00pm-9:59pm,20,State Highway,Rural,Minor Arterial,State Highway Agency,This section IS NOT on the NHS,No Special Jurisdiction,Live Animal,Not a Collision with Motor Vehicle In-Transport,No,Non-Junction,Not an Intersection,On Roadway,,Dark - Not Lighted,Not Reported,No,Not Applicable,38.2514,-105.0241167,PUEBLO (101),NOT APPLICABLE
80324,2018,1,0,0,2,2,0,3,3,Colorado,March,23,Friday,9:00am-9:59am,6,State Highway,Urban,Principal Arterial - Other,State Highway Agency,This section IS ON the NHS,No Special Jurisdiction,Motor Vehicle In-Transport,Angle,No,Intersection,Four-Way Intersection,On Roadway,,Daylight,Not Reported,No,Not Applicable,38.21865556,-104.6251556,PUEBLO (101),PUEBLO
80325,2018,1,0,0,2,2,0,3,3,Colorado,April,6,Friday,12:00pm-12:59pm,10,Local Street - Municipality,Urban,Major Collector,City or Municipal Highway Agency,This section IS NOT on the NHS,No Special Jurisdiction,Motor Vehicle In-Transport,Angle,No,Intersection,T-Intersection,On Roadway,,Daylight,Rain,No,Not Applicable,40.32706111,-105.0743833,LARIMER (69),BERTHOUD
80326,2018,1,0,0,2,2,0,2,2,Colorado,June,27,Wednesday,2:00pm-2:59pm,26,Local Street - Municipality,Urban,Minor Arterial,City or Municipal Highway Agency,This section IS NOT on the NHS,No Special Jurisdiction,Motor Vehicle In-Transport,Front-to-Rear,No,Driveway Access Related,Not an Intersection,On Roadway,,Daylight,Not Reported,No,Not Applicable,39.09185,-108.5664139,MESA (77),GRAND JUNCTION
80327,2018,1,1,1,1,1,0,1,1,Colorado,May,11,Friday,12:00pm-12:59pm,51,Local Street - Municipality,Urban,Local,City or Municipal Highway Agency,This section IS NOT on the NHS,No Special Jurisdiction,Pedalcyclist,Not a Collision with Motor Vehicle In-Transport,No,Non-Junction,Not an Intersection,On Roadway,,Daylight,Not Reported,No,Not Applicable,39.48268889,-106.0235167,SUMMIT (117),BRECKENRIDGE
80328,2018,1,0,0,2,2,0,4,4,Colorado,August,1,Wednesday,2:00pm-2:59pm,46,Local Street - Municipality,Urban,Minor Arterial,City or Municipal Highway Agency,This section IS NOT on the NHS,No Special Jurisdiction,Motor Vehicle In-Transport,Front-to-Front,No,Driveway Access Related,Not an Intersection,On Roadway,,Daylight,Not Reported,No,Not Applicable,39.90147778,-104.9966917,ADAMS (1),NORTHGLENN
80329,2018,1,0,0,1,1,0,1,1,Colorado,August,2,Thursday,10:00am-10:59am,58,U.S. Highway,Rural,Principal Arterial - Other,State Highway Agency,This section IS ON the NHS,No Special Jurisdiction,Rollover/Overturn,Not a Collision with Motor Vehicle In-Transport,No,Non-Junction,Not an Intersection,On Roadside,,Daylight,Not Reported,No,Not Applicable,37.73430556,-107.7070278,SAN JUAN (111),NOT APPLICABLE
80330,2018,1,0,0,2,2,0,2,2,Colorado,August,3,Friday,12:00pm-12:59pm,30,State Highway,Rural,Minor Arterial,State Highway Agency,This section IS NOT on the NHS,No Special Jurisdiction,Rollover/Overturn,Not a Collision with Motor Vehicle In-Transport,No,Non-Junction,Not an Intersection,On Roadside,,Daylight,Not Reported,No,Not Applicable,39.57027778,-102.8596389,WASHINGTON (121),NOT APPLICABLE
80331,2018,1,0,0,1,1,0,2,2,Colorado,August,4,Saturday,5:00pm-5:59pm,10,State Highway,Rural,Minor Arterial,State Highway Agency,This section IS NOT on the NHS,No Special Jurisdiction,Rollover/Overturn,Not a Collision with Motor Vehicle In-Transport,No,Non-Junction,Not an Intersection,On Roadside,,Daylight,Not Reported,No,Not Applicable,38.82111111,-105.6263889,PARK (93),NOT APPLICABLE
80332,2018,1,1,1,1,1,0,1,1,Colorado,August,6,Monday,5:00pm-5:59pm,30,Local Street - Municipality,Urban,Major Collector,City or Municipal Highway Agency,This section IS NOT on the NHS,No Special Jurisdiction,Pedestrian,Not a Collision with Motor Vehicle In-Transport,No,Non-Junction,Not an Intersection,On Roadway,,Daylight,Not Reported,No,Not Applicable,39.68574167,-104.8110278,ARAPAHOE (5),AURORA
80333,2018,1,0,0,2,2,0,2,2,Colorado,August,7,Tuesday,6:00am-6:59am,48,State Highway,Rural,Minor Arterial,State Highway Agency,This section IS NOT on the NHS,No Special Jurisdiction,Motor Vehicle In-Transport,Angle,No,Intersection,Four-Way Intersection,On Roadway,,Daylight,Not Reported,No,Not Applicable,38.08694444,-105.4546028,CUSTER (27),NOT APPLICABLE
80334,2018,1,1,1,1,1,0,1,1,Colorado,August,7,Tuesday,12:00pm-12:59pm,13,Local Street - Municipality,Urban,Principal Arterial - Other,City or Municipal Highway Agency,This section IS ON the NHS,No Special Jurisdiction,Pedestrian,Not a Collision with Motor Vehicle In-Transport,No,Non-Junction,Not an Intersection,On Roadway,,Daylight,Not Reported,No,Not Applicable,39.72648056,-104.8472833,ARAPAHOE (5),AURORA
80335,2018,1,0,0,2,2,0,3,3,Colorado,August,7,Tuesday,4:00pm-4:59pm,32,State Highway,Rural,Principal Arterial - Other,State Highway Agency,This section IS ON the NHS,No Special Jurisdiction,Motor Vehicle In-Transport,Angle,No,Intersection-Related,Four-Way Intersection,On Shoulder,,Daylight,Not Reported,No,Not Applicable,39.15089444,-104.7564667,DOUGLAS (35),NOT APPLICABLE
80336,2018,1,0,0,4,4,0,5,5,Colorado,August,3,Friday,10:00pm-10:59pm,15,Interstate,Rural,Interstate,State Highway Agency,This section IS ON the NHS,No Special Jurisdiction,Cable Barrier,Not a Collision with Motor Vehicle In-Transport,No,Non-Junction,Not an Intersection,On Median,,Dark - Not Lighted,Not Reported,No,Not Applicable,38.63330556,-104.6917611,EL PASO (41),NOT APPLICABLE
80337,2018,1,0,0,1,1,0,1,1,Colorado,August,8,Wednesday,1:00pm-1:59pm,55,State Highway,Rural,Minor Arterial,State Highway Agency,This section IS NOT on the NHS,No Special Jurisdiction,Shrubbery,Not a Collision with Motor Vehicle In-Transport,No,Non-Junction,Not an Intersection,On Roadside,,Daylight,Not Reported,No,Not Applicable,38.3306,-107.1025972,GUNNISON (51),NOT APPLICABLE
80338,2018,1,0,0,1,1,0,1,1,Colorado,August,8,Wednesday,5:00pm-5:59pm,49,U.S. Highway,Rural,Principal Arterial - Other,State Highway Agency,This section IS ON the NHS,No Special Jurisdiction,"Post, Pole or Other Supports",Not a Collision with Motor Vehicle In-Transport,No,Non-Junction,Not an Intersection,On Roadside,,Daylight,Not Reported,No,Not Applicable,39.885,-102.240925,YUMA (125),NOT APPLICABLE
80339,2018,1,0,0,2,2,0,3,3,Colorado,August,1,Wednesday,1:00pm-1:59pm,47,State Highway,Urban,Principal Arterial - Other,State Highway Agency,This section IS ON the NHS,No Special Jurisdiction,Motor Vehicle In-Transport,Angle,No,Intersection,T-Intersection,On Roadway,,Daylight,Not Reported,No,Not Applicable,39.519,-107.3200778,GARFIELD (45),GLENWOOD SPGS
80340,2018,1,0,0,1,1,0,4,4,Colorado,August,9,Thursday,10:00am-10:59am,10,Interstate,Rural,Interstate,State Highway Agency,This section IS ON the NHS,No Special Jurisdiction,"Post, Pole or Other Supports",Not a Collision with Motor Vehicle In-Transport,No,Non-Junction,Not an Intersection,On Roadside,,Daylight,Not Reported,No,Not Applicable,40.18412778,-104.3051944,WELD (123),NOT APPLICABLE
80341,2018,1,0,0,2,2,0,4,4,Colorado,August,10,Friday,3:00pm-3:59pm,8,Interstate,Urban,Interstate,State Highway Agency,This section IS ON the NHS,No Special Jurisdiction,Motor Vehicle In-Transport,Angle,No,Non-Junction,Not an Intersection,On Roadway,,Daylight,Not Reported,No,Not Applicable,39.70503056,-105.2691972,JEFFERSON (59),NOT APPLICABLE
80342,2018,1,0,0,1,1,0,1,1,Colorado,August,11,Saturday,3:00am-3:59am,40,County Road,Urban,Minor Arterial,County Highway Agency,This section IS NOT on the NHS,No Special Jurisdiction,Tree (Standing Only),Not a Collision with Motor Vehicle In-Transport,No,Non-Junction,Not an Intersection,On Roadside,,Dark - Not Lighted,Not Reported,No,Not Applicable,39.80331944,-105.0347917,ADAMS (1),NOT APPLICABLE
80343,2018,1,0,0,2,2,0,2,2,Colorado,August,11,Saturday,10:00pm-10:59pm,42,U.S. Highway,Rural,Minor Arterial,State Highway Agency,This section IS NOT on the NHS,No Special Jurisdiction,Motor Vehicle In-Transport,Front-to-Front,No,Non-Junction,Not an Intersection,On Roadway,,Dark - Not Lighted,Not Reported,No,Not Applicable,40.572,-103.2433083,LOGAN (75),NOT APPLICABLE
80344,2018,1,0,0,2,2,0,3,3,Colorado,August,12,Sunday,2:00am-2:59am,15,Interstate,Rural,Interstate,State Highway Agency,This section IS ON the NHS,No Special Jurisdiction,Motor Vehicle In-Transport,Front-to-Rear,No,Non-Junction,Not an Intersection,On Roadway,,Dark - Not Lighted,Not Reported,No,Not Applicable,40.86166667,-104.9592611,LARIMER (69),NOT APPLICABLE
80345,2018,1,0,0,2,2,0,2,2,Colorado,August,15,Wednesday,11:00pm-11:59pm,15,U.S. Highway,Rural,Principal Arterial - Other Freeways and Expressways,County Highway Agency,This section IS ON the NHS,No Special Jurisdiction,Motor Vehicle In-Transport,Front-to-Front,No,Crossover-Related,Not an Intersection,On Roadway,,Dark - Not Lighted,Not Reported,No,Not Applicable,40.14175,-104.8105833,WELD (123),NOT APPLICABLE
80346,2018,1,0,0,2,2,0,3,3,Colorado,August,15,Wednesday,9:00am-9:59am,39,Interstate,Urban,Interstate,State Highway Agency,This section IS ON the NHS,No Special Jurisdiction,Motor Vehicle In-Transport,Front-to-Rear,Yes,Entrance/Exit Ramp,Not an Intersection,On Roadway,,Daylight,Not Reported,No,Not Applicable,39.78028889,-104.9927222,DENVER (31),DENVER
80347,2018,1,1,1,2,2,0,5,5,Colorado,August,11,Saturday,10:00pm-10:59pm,18,State Highway,Urban,Principal Arterial - Other,State Highway Agency,This section IS ON the NHS,No Special Jurisdiction,Pedestrian,Not a Collision with Motor Vehicle In-Transport,No,Non-Junction,Not an Intersection,On Roadway,,Dark - Lighted,Not Reported,No,Not Applicable,39.72909722,-105.0532361,DENVER (31),DENVER
80348,2018,1,0,0,1,1,0,2,2,Colorado,August,16,Thursday,8:00am-8:59am,5,U.S. Highway,Rural,Principal Arterial - Other Freeways and Expressways,State Highway Agency,This section IS ON the NHS,No Special Jurisdiction,Fence,Not a Collision with Motor Vehicle In-Transport,No,Non-Junction,Not an Intersection,On Roadside,,Daylight,Not Reported,No,Not Applicable,40.13722222,-104.8105,WELD (123),NOT APPLICABLE
80349,2018,1,0,0,1,1,0,1,1,Colorado,August,16,Thursday,11:00am-11:59am,45,County Road,Rural,Minor Collector,County Highway Agency,This section IS NOT on the NHS,No Special Jurisdiction,Fence,Not a Collision with Motor Vehicle In-Transport,No,Non-Junction,Not an Intersection,Outside Trafficway,,Daylight,Not Reported,No,Not Applicable,38.885375,-107.5869444,DELTA (29),NOT APPLICABLE
80350,2018,1,0,0,2,2,0,3,3,Colorado,August,10,Friday,11:00pm-11:59pm,22,Local Street - Municipality,Urban,Principal Arterial - Other,City or Municipal Highway Agency,This section IS ON the NHS,No Special Jurisdiction,Rollover/Overturn,Not a Collision with Motor Vehicle In-Transport,No,Non-Junction,Not an Intersection,On Roadway,,Dark - Lighted,Not Reported,No,Not Applicable,38.87722222,-104.7569444,EL PASO (41),COLORADO SPGS
80351,2018,1,0,0,2,2,0,3,3,Colorado,August,17,Friday,4:00pm-4:59pm,6,State Highway,Rural,Minor Arterial,State Highway Agency,This section IS NOT on the NHS,No Special Jurisdiction,Rollover/Overturn,Not a Collision with Motor Vehicle In-Transport,No,Non-Junction,Not an Intersection,On Roadway,,Daylight,Clear,No,Not Applicable,38.5425,-104.9610111,FREMONT (43),NOT APPLICABLE
80352,2018,1,0,0,1,1,0,1,1,Colorado,August,17,Friday,11:00pm-11:59pm,8,County Road,Rural,Major Collector,County Highway Agency,This section IS NOT on the NHS,No Special Jurisdiction,Culvert,Not a Collision with Motor Vehicle In-Transport,No,Non-Junction,Not an Intersection,On Roadside,,Dark - Not Lighted,Not Reported,No,Not Applicable,40.50492222,-105.15275,LARIMER (69),NOT APPLICABLE
80353,2018,2,0,0,1,1,0,2,2,Colorado,August,18,Saturday,7:00am-7:59am,52,Interstate,Rural,Interstate,State Highway Agency,This section IS ON the NHS,No Special Jurisdiction,Rollover/Overturn,Not a Collision with Motor Vehicle In-Transport,No,Non-Junction,Not an Intersection,On Median,,Daylight,Not Reported,No,Not Applicable,40.97433333,-102.2386667,SEDGWICK (115),NOT APPLICABLE
80354,2018,1,0,0,2,2,0,2,2,Colorado,August,18,Saturday,11:00am-11:59am,57,U.S. Highway,Rural,Principal Arterial - Other,State Highway Agency,This section IS ON the NHS,No Special Jurisdiction,Motor Vehicle In-Transport,Front-to-Front,No,Non-Junction,Not an Intersection,On Roadway,,Daylight,Not Reported,No,Not Applicable,39.26347222,-105.9575,PARK (93),NOT APPLICABLE
80355,2018,1,1,1,1,1,0,1,1,Colorado,August,16,Thursday,10:00pm-10:59pm,10,U.S. Highway,Urban,Minor Arterial,State Highway Agency,This section IS NOT on the NHS,No Special Jurisdiction,Pedestrian,Not a Collision with Motor Vehicle In-Transport,No,Non-Junction,Not an Intersection,On Roadway,,Dark - Lighted,Not Reported,No,Not Applicable,39.09173611,-108.4518972,MESA (77),NOT APPLICABLE
80356,2018,1,1,1,1,1,0,1,1,Colorado,August,17,Friday,10:00pm-10:59pm,42,Local Street - Municipality,Urban,Principal Arterial - Other,City or Municipal Highway Agency,This section IS ON the NHS,No Special Jurisdiction,Pedestrian,Not a Collision with Motor Vehicle In-Transport,No,Non-Junction,Not an Intersection,On Roadway,,Dark - Lighted,Clear,No,Not Applicable,39.67871667,-105.0210111,DENVER (31),DENVER
80357,2018,1,1,1,1,1,0,1,1,Colorado,August,20,Monday,1:00am-1:59am,46,Interstate,Rural,Interstate,State Highway Agency,This section IS ON the NHS,No Special Jurisdiction,Pedestrian,Not a Collision with Motor Vehicle In-Transport,Yes,Entrance/Exit Ramp,Not an Intersection,On Roadway,,Dark - Not Lighted,Not Reported,No,Not Applicable,40.25159444,-103.8841667,MORGAN (87),NOT APPLICABLE
80358,2018,1,0,0,2,2,0,4,4,Colorado,August,20,Monday,6:00pm-6:59pm,20,County Road,Rural,Major Collector,County Highway Agency,This section IS NOT on the NHS,No Special Jurisdiction,Motor Vehicle In-Transport,Angle,No,Intersection,Four-Way Intersection,On Roadway,,Daylight,Not Reported,No,Not Applicable,37.63238333,-106.0391778,RIO GRANDE (105),NOT APPLICABLE
80359,2018,2,0,0,2,2,0,3,3,Colorado,August,21,Tuesday,1:00pm-1:59pm,20,U.S. Highway,Rural,Principal Arterial - Other,State Highway Agency,This section IS ON the NHS,No Special Jurisdiction,Motor Vehicle In-Transport,Sideswipe - Opposite Direction,No,Non-Junction,Not an Intersection,On Roadway,,Daylight,Not Reported,No,Not Applicable,38.41373056,-107.4074056,GUNNISON (51),NOT APPLICABLE
80360,2018,1,0,0,2,2,0,2,2,Colorado,August,11,Saturday,10:00am-10:59am,44,Local Street - Municipality,Urban,Principal Arterial - Other,City or Municipal Highway Agency,This section IS ON the NHS,No Special Jurisdiction,Motor Vehicle In-Transport,Angle,No,Intersection,Four-Way Intersection,On Roadway,,Daylight,Not Reported,No,Not Applicable,38.87692222,-104.7569444,EL PASO (41),COLORADO SPGS
80361,2018,1,0,0,1,1,0,1,1,Colorado,August,12,Sunday,10:00pm-10:59pm,12,Local Street - Municipality,Urban,Principal Arterial - Other,City or Municipal Highway Agency,This section IS ON the NHS,No Special Jurisdiction,Curb,Not a Collision with Motor Vehicle In-Transport,No,Non-Junction,Not an Intersection,On Roadside,,Dark - Lighted,Not Reported,No,Not Applicable,38.92383056,-104.855,EL PASO (41),COLORADO SPGS
80362,2018,1,1,1,1,1,0,1,1,Colorado,August,13,Monday,7:00am-7:59am,6,Local Street - Municipality,Urban,Minor Arterial,City or Municipal Highway Agency,This section IS NOT on the NHS,No Special Jurisdiction,Pedalcyclist,Not a Collision with Motor Vehicle In-Transport,No,Intersection,Four-Way Intersection,On Roadway,,Daylight,Clear,No,Not Applicable,39.75601111,-104.9869056,DENVER (31),DENVER
80363,2018,1,0,0,1,1,0,1,1,Colorado,August,13,Monday,8:00am-8:59am,47,Local Street - Municipality,Urban,Local,City or Municipal Highway Agency,This section IS NOT on the NHS,No Special Jurisdiction,Utility Pole/Light Support,Not a Collision with Motor Vehicle In-Transport,Yes,Entrance/Exit Ramp Related,Not an Intersection,Gore,,Daylight,Not Reported,No,Not Applicable,38.80031111,-104.7798806,EL PASO (41),COLORADO SPGS
80364,2018,1,0,0,1,1,0,1,1,Colorado,August,16,Thursday,11:00pm-11:59pm,22,Local Street - Municipality,Urban,Minor Arterial,City or Municipal Highway Agency,This section IS NOT on the NHS,No Special Jurisdiction,Curb,Not a Collision with Motor Vehicle In-Transport,No,Intersection-Related,Four-Way Intersection,On Roadside,,Dark - Lighted,Not Reported,No,Not Applicable,40.00748333,-105.253275,BOULDER (13),BOULDER
80365,2018,1,1,1,1,1,0,2,2,Colorado,August,24,Friday,8:00pm-8:59pm,59,State Highway,Urban,Principal Arterial - Other,State Highway Agency,This section IS ON the NHS,No Special Jurisdiction,Pedestrian,Not a Collision with Motor Vehicle In-Transport,No,Non-Junction,Not an Intersection,On Roadway,,Dark - Not Lighted,Not Reported,No,Not Applicable,39.36390556,-107.0343194,PITKIN (97),NOT APPLICABLE
80366,2018,1,0,0,2,2,0,2,2,Colorado,August,25,Saturday,5:00pm-5:59pm,5,Interstate,Rural,Interstate,State Highway Agency,This section IS ON the NHS,No Special Jurisdiction,Motor Vehicle In-Transport,Sideswipe - Same Direction,No,Non-Junction,Not an Intersection,On Roadway,,Daylight,Not Reported,No,Not Applicable,39.52052222,-107.8345556,GARFIELD (45),NOT APPLICABLE
80367,2018,1,0,0,1,1,0,1,1,Colorado,August,26,Sunday,0:00am-0:59am,1,County Road,Rural,Local,County Highway Agency,This section IS NOT on the NHS,No Special Jurisdiction,Rollover/Overturn,Not a Collision with Motor Vehicle In-Transport,No,Non-Junction,Not an Intersection,On Roadside,,Dark - Not Lighted,Not Reported,No,Not Applicable,38.9303,-104.5921639,EL PASO (41),NOT APPLICABLE
80368,2018,1,0,0,2,2,0,2,2,Colorado,August,24,Friday,12:00pm-12:59pm,50,County Road,Rural,Local,County Highway Agency,This section IS NOT on the NHS,No Special Jurisdiction,Motor Vehicle In-Transport,Angle,No,Intersection,Four-Way Intersection,On Roadway,,Daylight,Not Reported,No,Not Applicable,40.61181667,-104.7158444,WELD (123),NOT APPLICABLE
80369,2018,2,0,0,2,2,0,3,3,Colorado,August,26,Sunday,4:00am-4:59am,40,County Road,Rural,Major Collector,County Highway Agency,This section IS NOT on the NHS,No Special Jurisdiction,Motor Vehicle In-Transport,Front-to-Front,No,Non-Junction,Not an Intersection,On Roadway,,Dark - Not Lighted,Not Reported,No,Not Applicable,40.69861111,-104.3349111,WELD (123),NOT APPLICABLE
80370,2018,1,0,0,2,2,0,2,2,Colorado,August,27,Monday,5:00am-5:59am,42,Local Street - Municipality,Urban,Local,City or Municipal Highway Agency,This section IS NOT on the NHS,No Special Jurisdiction,Motor Vehicle In-Transport,Angle,No,Intersection,Four-Way Intersection,On Roadway,,Dark - Lighted,Clear,No,Not Applicable,39.78376389,-104.9635167,DENVER (31),DENVER
80371,2018,1,0,0,5,5,0,4,4,Colorado,August,27,Monday,4:00pm-4:59pm,31,U.S. Highway,Rural,Principal Arterial - Other,State Highway Agency,This section IS ON the NHS,No Special Jurisdiction,Motor Vehicle In-Transport,Front-to-Rear,No,Non-Junction,Not an Intersection,On Roadway,Construction,Daylight,Not Reported,No,Not Applicable,37.44111111,-106.8788556,MINERAL (79),NOT APPLICABLE
80372,2018,1,0,0,2,2,0,3,3,Colorado,August,28,Tuesday,1:00am-1:59am,20,U.S. Highway,Rural,Principal Arterial - Other,State Highway Agency,This section IS ON the NHS,No Special Jurisdiction,Motor Vehicle In-Transport,Front-to-Front,No,Non-Junction,Not an Intersection,On Roadway,,Dark - Not Lighted,Not Reported,No,Not Applicable,39.02805556,-104.3188222,EL PASO (41),NOT APPLICABLE
80373,2018,1,0,0,2,2,0,2,2,Colorado,August,24,Friday,2:00pm-2:59pm,40,Local Street - Municipality,Urban,Principal Arterial - Other,City or Municipal Highway Agency,This section IS ON the NHS,No Special Jurisdiction,Motor Vehicle In-Transport,Front-to-Front,No,Non-Junction,Not an Intersection,On Roadway,,Daylight,Not Reported,No,Not Applicable,38.94010556,-104.73215,EL PASO (41),COLORADO SPGS
80374,2018,1,0,0,1,1,0,1,1,Colorado,August,29,Wednesday,6:00pm-6:59pm,50,U.S. Highway,Rural,Principal Arterial - Other,State Highway Agency,This section IS ON the NHS,No Special Jurisdiction,Tree (Standing Only),Not a Collision with Motor Vehicle In-Transport,No,Non-Junction,Not an Intersection,On Roadside,,Daylight,Not Reported,No,Not Applicable,37.91186111,-107.7041111,OURAY (91),NOT APPLICABLE
80375,2018,1,1,1,1,1,0,1,1,Colorado,August,29,Wednesday,9:00pm-9:59pm,37,U.S. Highway,Urban,Principal Arterial - Other,State Highway Agency,This section IS ON the NHS,No Special Jurisdiction,Pedestrian,Not a Collision with Motor Vehicle In-Transport,No,Intersection-Related,Four-Way Intersection,On Roadway,,Dark - Lighted,Not Reported,No,Not Applicable,39.74386111,-105.0252167,DENVER (31),DENVER
80376,2018,1,0,0,1,1,0,1,1,Colorado,August,31,Friday,0:00am-0:59am,31,State Highway,Urban,Principal Arterial - Other Freeways and Expressways,State Highway Agency,This section IS ON the NHS,No Special Jurisdiction,Rollover/Overturn,Not a Collision with Motor Vehicle In-Transport,No,Non-Junction,Not an Intersection,On Median,,Dark - Not Lighted,Not Reported,No,Not Applicable,38.76625,-104.7155556,EL PASO (41),NOT APPLICABLE
80377,2018,1,1,1,1,1,0,1,1,Colorado,August,31,Friday,3:00am-3:59am,50,Interstate,Urban,Interstate,State Highway Agency,This section IS ON the NHS,No Special Jurisdiction,Pedestrian,Not a Collision with Motor Vehicle In-Transport,Yes,Entrance/Exit Ramp,Not an Intersection,On Roadway,,Dark - Lighted,Not Reported,No,Not Applicable,39.089325,-104.8604694,EL PASO (41),NOT APPLICABLE
80378,2018,1,1,1,1,1,0,1,1,Colorado,August,20,Monday,12:00pm-12:59pm,44,Local Street - Municipality,Urban,Local,City or Municipal Highway Agency,This section IS NOT on the NHS,No Special Jurisdiction,Pedestrian,Not a Collision with Motor Vehicle In-Transport,No,Non-Junction,Not an Intersection,On Roadway,,Daylight,Not Reported,No,Not Applicable,40.183625,-105.0559861,BOULDER (13),LONGMONT
80379,2018,1,1,1,1,1,0,1,1,Colorado,August,13,Monday,9:00pm-9:59pm,11,State Highway,Urban,Principal Arterial - Other,State Highway Agency,This section IS ON the NHS,No Special Jurisdiction,Pedestrian,Not a Collision with Motor Vehicle In-Transport,No,Intersection-Related,Four-Way Intersection,On Roadway,,Dark - Lighted,Not Reported,No,Not Applicable,38.71918056,-104.7012889,EL PASO (41),FOUNTAIN
80380,2018,1,1,1,1,1,0,1,1,Colorado,August,31,Friday,11:00pm-11:59pm,8,State Highway,Urban,Principal Arterial - Other,State Highway Agency,This section IS ON the NHS,No Special Jurisdiction,Pedestrian,Not a Collision with Motor Vehicle In-Transport,No,Intersection-Related,Four-Way Intersection,On Roadway,,Dark - Lighted,Not Reported,No,Not Applicable,39.87825278,-105.0959722,JEFFERSON (59),WESTMINSTER
80381,2018,1,1,1,1,1,0,1,1,Colorado,August,23,Thursday,2:00pm-2:59pm,28,State Highway,Urban,Principal Arterial - Other,State Highway Agency,This section IS ON the NHS,No Special Jurisdiction,Pedestrian,Not a Collision with Motor Vehicle In-Transport,No,Intersection-Related,T-Intersection,On Roadway,,Daylight,Not Reported,No,Not Applicable,38.23810556,-104.6626111,PUEBLO (101),PUEBLO
80382,2018,1,0,0,2,2,0,2,2,Colorado,August,23,Thursday,3:00pm-3:59pm,47,Local Street - Municipality,Urban,Local,City or Municipal Highway Agency,This section IS NOT on the NHS,No Special Jurisdiction,Motor Vehicle In-Transport,Angle,No,Intersection,Four-Way Intersection,On Roadway,,Daylight,Not Reported,No,Not Applicable,40.01495,-104.7726944,WELD (123),Other
80383,2018,1,0,0,2,2,0,2,2,Colorado,August,1,Wednesday,2:00pm-2:59pm,1,State Highway,Urban,Minor Arterial,State Highway Agency,This section IS NOT on the NHS,No Special Jurisdiction,Motor Vehicle In-Transport,Angle,No,Intersection,Four-Way Intersection,On Roadway,,Daylight,Not Reported,No,Not Applicable,38.22916667,-104.6725444,PUEBLO (101),PUEBLO
80384,2018,1,0,0,1,1,0,1,1,Colorado,August,5,Sunday,6:00am-6:59am,15,County Road,Urban,Minor Arterial,County Highway Agency,This section IS NOT on the NHS,No Special Jurisdiction,Curb,Not a Collision with Motor Vehicle In-Transport,No,Non-Junction,Not an Intersection,On Roadside,,Daylight,Not Reported,No,Not Applicable,38.27701111,-104.4911111,PUEBLO (101),NOT APPLICABLE
80385,2018,1,1,1,1,1,0,1,1,Colorado,August,8,Wednesday,9:00pm-9:59pm,11,State Highway,Urban,Principal Arterial - Other,State Highway Agency,This section IS ON the NHS,No Special Jurisdiction,Pedestrian,Not a Collision with Motor Vehicle In-Transport,No,Intersection-Related,Four-Way Intersection,On Roadway,,Dark - Lighted,Not Reported,No,Not Applicable,39.71120833,-105.0063889,DENVER (31),DENVER
80386,2018,1,1,1,1,1,0,1,1,Colorado,August,20,Monday,11:00am-11:59am,50,Local Street - Municipality,Urban,Major Collector,City or Municipal Highway Agency,This section IS NOT on the NHS,No Special Jurisdiction,Pedalcyclist,Not a Collision with Motor Vehicle In-Transport,No,Intersection-Related,T-Intersection,On Roadway,,Daylight,Not Reported,No,Not Applicable,40.31279167,-105.0933472,LARIMER (69),BERTHOUD
80387,2018,1,0,0,2,2,0,3,3,Colorado,August,29,Wednesday,6:00pm-6:59pm,9,State Highway,Urban,Minor Arterial,State Highway Agency,This section IS NOT on the NHS,No Special Jurisdiction,Motor Vehicle In-Transport,Angle,No,Intersection,Four-Way Intersection,On Roadway,,Daylight,Not Reported,No,Not Applicable,40.37810556,-105.0025667,LARIMER (69),LOVELAND
80388,2018,1,0,0,1,1,0,3,3,Colorado,September,1,Saturday,4:00pm-4:59pm,10,County Road,Rural,Local,County Highway Agency,This section IS NOT on the NHS,No Special Jurisdiction,Fence,Not a Collision with Motor Vehicle In-Transport,No,Non-Junction,Not an Intersection,Outside Trafficway,,Daylight,Not Reported,No,Not Applicable,37.12777778,-105.0263056,LAS ANIMAS (71),NOT APPLICABLE
80389,2018,1,0,0,1,1,0,1,1,Colorado,September,1,Saturday,6:00pm-6:59pm,32,County Road,Rural,Major Collector,County Highway Agency,This section IS NOT on the NHS,No Special Jurisdiction,Culvert,Not a Collision with Motor Vehicle In-Transport,No,Non-Junction,Not an Intersection,On Roadside,,Daylight,Not Reported,No,Not Applicable,39.66434722,-104.4157806,ARAPAHOE (5),NOT APPLICABLE
80390,2018,1,0,0,2,2,0,3,3,Colorado,September,2,Sunday,3:00pm-3:59pm,55,U.S. Highway,Rural,Principal Arterial - Other Freeways and Expressways,State Highway Agency,This section IS ON the NHS,No Special Jurisdiction,Motor Vehicle In-Transport,Front-to-Front,No,Non-Junction,Not an Intersection,On Roadway,,Daylight,Not Reported,No,Not Applicable,40.26431944,-105.1023944,LARIMER (69),NOT APPLICABLE