ST_CASE,YEAR,FATALS,PEDS,PERNOTMVIT,VE_TOTAL,VE_FORMS,PVH_INVL,PERSONS,PERMVIT,STATENAME,MONTHNAME,DAYNAME,DAY_WEEKNAME,HOURNAME,MINUTENAME,ROUTENAME,RUR_URBNAME,FUNC_SYSNAME,RD_OWNERNAME,NHSNAME,SP_JURNAME,HARM_EVNAME,MAN_COLLNAME,RELJCT1NAME,RELJCT2NAME,TYP_INTNAME,REL_ROADNAME,WRK_ZONENAME,LGT_CONDNAME,WEATHERNAME,SCH_BUSNAME,RAILNAME,LATITUDE,LONGITUD,COUNTYNAME,CITYNAME
80528,2018,1,0,0,1,1,0,1,1,Colorado,November,4,Sunday,11:00pm-11:59pm,22,State Highway,Urban,Principal Arterial - Other,State Highway Agency,This section IS ON the NHS,No Special Jurisdiction,Curb,Not a Collision with Motor Vehicle In-Transport,No,Intersection-Related,Four-Way Intersection,On Roadside,,Dark - Lighted,Not Reported,No,Not Applicable,38.25874444,-104.6370972,PUEBLO (101),PUEBLO
80529,2018,1,0,0,2,2,0,2,2,Colorado,November,30,Friday,7:00pm-7:59pm,37,Local Street - Municipality,Urban,Local,City or Municipal Highway Agency,This section IS NOT on the NHS,No Special Jurisdiction,Motor Vehicle In-Transport,Angle,No,Intersection,Four-Way Intersection,On Roadway,,Dark - Not Lighted,Not Reported,No,Not Applicable,40.01492778,-104.8121694,WELD (123),Other
80530,2018,2,0,0,1,1,0,2,2,Colorado,November,20,Tuesday,5:00am-5:59am,52,Local Street - Township,Rural,Local,Town or Township Highway Agency,This section IS NOT on the NHS,No Special Jurisdiction,Railway Vehicle,Not a Collision with Motor Vehicle In-Transport,No,Railway Grade Crossing,Not an Intersection,On Roadway,,Dark - Not Lighted,Clear,No,804342X,40.23185,-104.8200389,WELD (123),PLATTEVILLE
80531,2018,1,0,0,2,2,0,3,3,Colorado,November,30,Friday,11:00am-11:59am,43,Local Street - Municipality,Urban,Local,City or Municipal Highway Agency,This section IS NOT on the NHS,No Special Jurisdiction,Motor Vehicle In-Transport,Sideswipe - Same Direction,No,Driveway Access Related,Not an Intersection,On Roadway,,Daylight,Not Reported,No,Not Applicable,40.15022222,-105.1321611,BOULDER (13),LONGMONT
80532,2018,1,0,0,2,2,0,2,2,Colorado,November,14,Wednesday,6:00pm-6:59pm,15,Local Street - Municipality,Urban,Minor Arterial,City or Municipal Highway Agency,This section IS NOT on the NHS,No Special Jurisdiction,Motor Vehicle In-Transport,Angle,No,Intersection,T-Intersection,On Roadway,,Dark - Lighted,Not Reported,No,Not Applicable,39.89982222,-105.0490111,ADAMS (1),WESTMINSTER
80533,2018,1,0,0,1,1,0,3,3,Colorado,November,18,Sunday,9:00am-9:59am,0,U.S. Highway,Rural,Principal Arterial - Other,State Highway Agency,This section IS ON the NHS,No Special Jurisdiction,Rollover/Overturn,Not a Collision with Motor Vehicle In-Transport,No,Non-Junction,Not an Intersection,On Roadside,,Daylight,Clear,No,Not Applicable,40.41388889,-108.3356389,MOFFAT (81),NOT APPLICABLE
80534,2018,1,0,0,2,2,0,2,2,Colorado,November,26,Monday,10:00pm-10:59pm,40,U.S. Highway,Urban,Principal Arterial - Other,State Highway Agency,This section IS ON the NHS,No Special Jurisdiction,Motor Vehicle In-Transport,Front-to-Front,No,Non-Junction,Not an Intersection,On Roadway,,Dark - Lighted,Not Reported,No,Not Applicable,38.7627,-108.0863889,DELTA (29),DELTA
80535,2018,1,0,0,2,2,0,2,2,Colorado,November,23,Friday,1:00pm-1:59pm,18,Local Street - Municipality,Urban,Local,City or Municipal Highway Agency,This section IS NOT on the NHS,No Special Jurisdiction,Motor Vehicle In-Transport,Angle,No,Intersection,Four-Way Intersection,On Roadway,,Daylight,Not Reported,No,Not Applicable,39.10531667,-108.6372444,MESA (77),GRAND JUNCTION
80536,2018,1,1,1,1,1,0,1,1,Colorado,November,23,Friday,9:00pm-9:59pm,35,Local Street - Municipality,Urban,Major Collector,City or Municipal Highway Agency,This section IS NOT on the NHS,No Special Jurisdiction,Pedestrian,Not a Collision with Motor Vehicle In-Transport,No,Non-Junction,Not an Intersection,On Roadway,,Dark - Not Lighted,Not Reported,No,Not Applicable,39.07971667,-108.5644194,MESA (77),GRAND JUNCTION
80537,2018,1,0,0,3,3,0,4,4,Colorado,August,29,Wednesday,5:00pm-5:59pm,2,State Highway,Urban,Principal Arterial - Other,State Highway Agency,This section IS ON the NHS,No Special Jurisdiction,Motor Vehicle In-Transport,Front-to-Front,No,Intersection,Four-Way Intersection,On Roadway,,Daylight,Clear,No,Not Applicable,39.65312222,-104.8756,DENVER (31),DENVER
80538,2018,1,0,0,2,2,0,4,4,Colorado,October,27,Saturday,1:00am-1:59am,17,Local Street - Municipality,Urban,Principal Arterial - Other,City or Municipal Highway Agency,This section IS ON the NHS,No Special Jurisdiction,Motor Vehicle In-Transport,Angle,No,Intersection,Four-Way Intersection,On Roadway,,Dark - Lighted,Clear,No,Not Applicable,38.82539444,-104.768125,EL PASO (41),COLORADO SPGS
80539,2018,1,0,0,1,1,0,2,2,Colorado,November,2,Friday,3:00pm-3:59pm,44,Local Street - Municipality,Urban,Local,City or Municipal Highway Agency,This section IS NOT on the NHS,No Special Jurisdiction,Rollover/Overturn,Not a Collision with Motor Vehicle In-Transport,No,Non-Junction,Not an Intersection,On Roadside,,Daylight,Not Reported,No,Not Applicable,38.46483333,-107.8847222,MONTROSE (85),MONTROSE
80540,2018,1,0,0,2,2,0,3,3,Colorado,December,1,Saturday,5:00am-5:59am,18,State Highway,Rural,Major Collector,State Highway Agency,This section IS NOT on the NHS,No Special Jurisdiction,Motor Vehicle In-Transport,Angle,No,Intersection,Four-Way Intersection,On Roadway,,Dark - Not Lighted,Not Reported,No,Not Applicable,40.47867778,-104.5456889,WELD (123),NOT APPLICABLE
80541,2018,1,0,0,2,2,0,2,2,Colorado,December,1,Saturday,3:00pm-3:59pm,44,Local Street - Municipality,Urban,Minor Arterial,City or Municipal Highway Agency,This section IS NOT on the NHS,No Special Jurisdiction,Curb,Not a Collision with Motor Vehicle In-Transport,No,Non-Junction,Not an Intersection,On Median,,Daylight,Not Reported,No,Not Applicable,40.18858889,-105.1365472,BOULDER (13),LONGMONT
80542,2018,1,0,0,1,1,0,1,1,Colorado,December,2,Sunday,1:00am-1:59am,58,Local Street - Municipality,Urban,Local,City or Municipal Highway Agency,This section IS NOT on the NHS,No Special Jurisdiction,Embankment,Not a Collision with Motor Vehicle In-Transport,No,Non-Junction,Not an Intersection,On Roadside,,Dark - Not Lighted,Not Reported,No,Not Applicable,38.39486111,-105.1154444,FREMONT (43),FLORENCE
80543,2018,1,0,0,1,1,0,1,1,Colorado,December,2,Sunday,11:00am-11:59am,53,Local Street - Municipality,Urban,Local,City or Municipal Highway Agency,This section IS NOT on the NHS,No Special Jurisdiction,Fence,Not a Collision with Motor Vehicle In-Transport,No,Non-Junction,Not an Intersection,Outside Trafficway,,Daylight,Not Reported,No,Not Applicable,40.39252778,-104.7819444,WELD (123),GREELEY
80544,2018,1,0,0,2,2,0,2,2,Colorado,December,4,Tuesday,5:00pm-5:59pm,30,State Highway,Urban,Principal Arterial - Other,State Highway Agency,This section IS ON the NHS,No Special Jurisdiction,Motor Vehicle In-Transport,Front-to-Front,No,Non-Junction,Not an Intersection,On Roadway,,Dark - Not Lighted,Not Reported,No,Not Applicable,40.62365278,-103.2674,LOGAN (75),NOT APPLICABLE
80545,2018,1,0,0,2,2,0,2,2,Colorado,December,2,Sunday,6:00pm-6:59pm,28,Local Street - Municipality,Urban,Local,City or Municipal Highway Agency,This section IS NOT on the NHS,No Special Jurisdiction,Curb,Not a Collision with Motor Vehicle In-Transport,Yes,Intersection-Related,T-Intersection,On Median,,Dark - Lighted,Snow,No,Not Applicable,39.07285556,-108.5152167,MESA (77),GRAND JUNCTION
80546,2018,1,0,0,1,1,0,3,3,Colorado,December,4,Tuesday,7:00pm-7:59pm,5,Interstate,Urban,Interstate,State Highway Agency,This section IS ON the NHS,No Special Jurisdiction,Fence,Not a Collision with Motor Vehicle In-Transport,No,Non-Junction,Not an Intersection,Outside Trafficway,,Dark - Not Lighted,Not Reported,No,Not Applicable,40.54863333,-104.9987944,LARIMER (69),FORT COLLINS
80547,2018,1,1,1,1,1,0,1,1,Colorado,December,4,Tuesday,6:00pm-6:59pm,34,Interstate,Urban,Interstate,State Highway Agency,This section IS ON the NHS,No Special Jurisdiction,Pedestrian,Not a Collision with Motor Vehicle In-Transport,No,Non-Junction,Not an Intersection,On Shoulder,,Dark - Not Lighted,Not Reported,No,Not Applicable,39.11558889,-108.5605389,MESA (77),GRAND JUNCTION
80548,2018,1,0,0,1,1,0,1,1,Colorado,December,9,Sunday,6:00am-6:59am,13,Local Street - Municipality,Urban,Local,City or Municipal Highway Agency,This section IS NOT on the NHS,No Special Jurisdiction,Boulder,Not a Collision with Motor Vehicle In-Transport,No,Non-Junction,Not an Intersection,On Roadside,,Dark - Lighted,Not Reported,No,Not Applicable,39.76248333,-104.8439028,ADAMS (1),AURORA
80549,2018,1,1,1,1,1,0,1,1,Colorado,December,9,Sunday,5:00pm-5:59pm,45,U.S. Highway,Urban,Principal Arterial - Other,State Highway Agency,This section IS ON the NHS,No Special Jurisdiction,Non-Motorist on Personal Conveyance,Not a Collision with Motor Vehicle In-Transport,No,Intersection-Related,Four-Way Intersection,On Roadway,,Dark - Lighted,Not Reported,No,Not Applicable,39.740125,-104.8798278,ARAPAHOE (5),AURORA
80550,2018,1,1,1,1,1,0,1,1,Colorado,December,7,Friday,7:00pm-7:59pm,47,U.S. Highway,Urban,Principal Arterial - Other,State Highway Agency,This section IS ON the NHS,No Special Jurisdiction,Pedestrian,Not a Collision with Motor Vehicle In-Transport,No,Intersection-Related,Four-Way Intersection,On Roadway,,Dark - Lighted,Not Reported,No,Not Applicable,39.74042222,-105.0639333,JEFFERSON (59),LAKEWOOD
80551,2018,1,1,1,1,1,0,1,1,Colorado,December,7,Friday,3:00pm-3:59pm,49,State Highway,Urban,Principal Arterial - Other,State Highway Agency,This section IS ON the NHS,No Special Jurisdiction,Pedestrian,Not a Collision with Motor Vehicle In-Transport,No,Intersection-Related,Four-Way Intersection,On Roadway,,Daylight,Not Reported,No,Not Applicable,39.81261111,-105.1378028,JEFFERSON (59),ARVADA
80552,2018,1,0,0,2,2,0,5,5,Colorado,December,7,Friday,11:00pm-11:59pm,19,County Road,Urban,Local,County Highway Agency,This section IS NOT on the NHS,No Special Jurisdiction,Motor Vehicle In-Transport,Angle,No,Intersection,Four-Way Intersection,On Roadway,,Dark - Not Lighted,Not Reported,No,Not Applicable,39.96485278,-104.8843917,ADAMS (1),NOT APPLICABLE
80553,2018,2,0,0,2,2,0,3,3,Colorado,December,9,Sunday,1:00pm-1:59pm,20,U.S. Highway,Urban,Principal Arterial - Other,State Highway Agency,This section IS ON the NHS,No Special Jurisdiction,Motor Vehicle In-Transport,Angle,No,Non-Junction,Not an Intersection,On Roadway,,Daylight,Not Reported,No,Not Applicable,38.75675556,-104.7491806,EL PASO (41),NOT APPLICABLE
80554,2018,1,0,0,1,1,0,7,7,Colorado,December,16,Sunday,1:00am-1:59am,15,U.S. Highway,Rural,Principal Arterial - Other,State Highway Agency,This section IS ON the NHS,No Special Jurisdiction,Tree (Standing Only),Not a Collision with Motor Vehicle In-Transport,No,Non-Junction,Not an Intersection,On Roadside,,Dark - Not Lighted,Not Reported,No,Not Applicable,37.39226111,-106.8986111,ARCHULETA (7),NOT APPLICABLE
80555,2018,1,0,0,1,1,0,1,1,Colorado,December,16,Sunday,7:00am-7:59am,0,State Highway,Rural,Major Collector,State Highway Agency,This section IS NOT on the NHS,No Special Jurisdiction,Rollover/Overturn,Not a Collision with Motor Vehicle In-Transport,No,Non-Junction,Not an Intersection,On Roadside,,Dark - Not Lighted,Not Reported,No,Not Applicable,40.66793611,-105.0221222,LARIMER (69),NOT APPLICABLE
80556,2018,1,0,0,1,1,0,1,1,Colorado,December,13,Thursday,11:00pm-11:59pm,0,U.S. Highway,Urban,Principal Arterial - Other Freeways and Expressways,State Highway Agency,This section IS ON the NHS,No Special Jurisdiction,Guardrail Face,Not a Collision with Motor Vehicle In-Transport,Yes,Entrance/Exit Ramp Related,Not an Intersection,On Roadside,,Dark - Lighted,Not Reported,No,Not Applicable,40.39357222,-104.6824,WELD (123),GREELEY
80557,2018,1,0,0,4,4,0,4,4,Colorado,December,13,Thursday,10:00am-10:59am,55,State Highway,Urban,Principal Arterial - Other,State Highway Agency,This section IS ON the NHS,No Special Jurisdiction,Motor Vehicle In-Transport,Angle,No,Intersection,Four-Way Intersection,On Roadway,,Daylight,Not Reported,No,Not Applicable,39.86308889,-105.0835778,JEFFERSON (59),WESTMINSTER
80558,2018,1,0,0,1,1,0,1,1,Colorado,December,12,Wednesday,5:00pm-5:59pm,45,U.S. Highway,Rural,Principal Arterial - Other,State Highway Agency,This section IS ON the NHS,No Special Jurisdiction,Rollover/Overturn,Not a Collision with Motor Vehicle In-Transport,No,Non-Junction,Not an Intersection,On Roadside,,Dark - Not Lighted,Snow,No,Not Applicable,37.99666667,-107.6580556,OURAY (91),NOT APPLICABLE
80559,2018,3,0,0,3,3,0,5,5,Colorado,December,12,Wednesday,7:00pm-7:59pm,48,State Highway,Rural,Major Collector,State Highway Agency,This section IS NOT on the NHS,No Special Jurisdiction,Motor Vehicle In-Transport,Front-to-Front,No,Non-Junction,Not an Intersection,On Roadway,,Dark - Not Lighted,Not Reported,No,Not Applicable,37.1275,-104.6988611,LAS ANIMAS (71),NOT APPLICABLE
80560,2018,1,0,0,2,2,0,2,2,Colorado,December,11,Tuesday,4:00pm-4:59pm,44,U.S. Highway,Rural,Principal Arterial - Other Freeways and Expressways,State Highway Agency,This section IS ON the NHS,No Special Jurisdiction,Traffic Sign Support,Not a Collision with Motor Vehicle In-Transport,No,Non-Junction,Not an Intersection,On Median,,Dark - Not Lighted,Not Reported,No,Not Applicable,40.33825,-104.7132861,WELD (123),NOT APPLICABLE
80561,2018,1,0,0,2,2,0,2,2,Colorado,December,14,Friday,11:00pm-11:59pm,0,State Highway,Urban,Principal Arterial - Other,State Highway Agency,This section IS ON the NHS,No Special Jurisdiction,Motor Vehicle In-Transport,Angle,No,Intersection,T-Intersection,On Roadway,,Dark - Lighted,Not Reported,No,Not Applicable,40.20328889,-105.0741111,BOULDER (13),NOT APPLICABLE
80562,2018,1,0,0,2,2,0,3,3,Colorado,December,21,Friday,4:00am-4:59am,20,Interstate,Rural,Interstate,State Highway Agency,This section IS ON the NHS,No Special Jurisdiction,Motor Vehicle In-Transport,Front-to-Rear,No,Non-Junction,Not an Intersection,On Roadway,,Dark - Not Lighted,Not Reported,No,Not Applicable,40.26537222,-103.8443389,MORGAN (87),NOT APPLICABLE
80563,2018,1,0,0,2,2,0,4,4,Colorado,December,21,Friday,4:00pm-4:59pm,20,State Highway,Rural,Minor Arterial,State Highway Agency,This section IS NOT on the NHS,No Special Jurisdiction,Motor Vehicle In-Transport,Angle,No,Non-Junction,Not an Intersection,On Roadway,,Daylight,Rain,No,Not Applicable,40.42604722,-106.8252778,ROUTT (107),NOT APPLICABLE
80564,2018,1,0,0,1,1,0,1,1,Colorado,December,25,Tuesday,1:00pm-1:59pm,37,Interstate,Rural,Interstate,State Highway Agency,This section IS ON the NHS,No Special Jurisdiction,Rollover/Overturn,Not a Collision with Motor Vehicle In-Transport,No,Non-Junction,Not an Intersection,On Roadway,,Daylight,Not Reported,No,Not Applicable,37.53061111,-104.7030278,HUERFANO (55),NOT APPLICABLE
80565,2018,2,0,0,2,2,0,3,3,Colorado,December,24,Monday,8:00pm-8:59pm,24,Interstate,Urban,Interstate,State Highway Agency,This section IS ON the NHS,No Special Jurisdiction,Rollover/Overturn,Not a Collision with Motor Vehicle In-Transport,No,Non-Junction,Not an Intersection,On Median,,Dark - Not Lighted,Not Reported,No,Not Applicable,39.70736111,-105.2794444,JEFFERSON (59),NOT APPLICABLE
80566,2018,1,0,0,2,2,0,5,5,Colorado,December,26,Wednesday,7:00am-7:59am,20,U.S. Highway,Rural,Principal Arterial - Other,State Highway Agency,This section IS ON the NHS,No Special Jurisdiction,Motor Vehicle In-Transport,Front-to-Front,No,Non-Junction,Not an Intersection,On Roadway,,Daylight,Not Reported,No,Not Applicable,37.32788056,-108.1190833,LA PLATA (67),NOT APPLICABLE
80567,2018,1,0,0,1,1,0,1,1,Colorado,December,26,Wednesday,6:00pm-6:59pm,5,Interstate,Rural,Interstate,State Highway Agency,This section IS ON the NHS,No Special Jurisdiction,Rollover/Overturn,Not a Collision with Motor Vehicle In-Transport,No,Non-Junction,Not an Intersection,On Median,,Dark - Not Lighted,Snow,No,Not Applicable,39.67551389,-106.7844167,EAGLE (37),NOT APPLICABLE
80568,2018,1,1,1,1,1,0,1,1,Colorado,December,27,Thursday,5:00am-5:59am,27,U.S. Highway,Urban,Principal Arterial - Other,State Highway Agency,This section IS ON the NHS,No Special Jurisdiction,Pedestrian,Not a Collision with Motor Vehicle In-Transport,No,Driveway Access Related,Not an Intersection,On Roadway,,Dark - Not Lighted,Not Reported,No,Not Applicable,38.44693333,-105.1894889,FREMONT (43),NOT APPLICABLE
80569,2018,1,0,0,2,2,0,2,2,Colorado,December,27,Thursday,2:00am-2:59am,50,State Highway,Rural,Principal Arterial - Other,State Highway Agency,This section IS ON the NHS,No Special Jurisdiction,Motor Vehicle In-Transport,Front-to-Front,No,Non-Junction,Not an Intersection,On Roadway,,Dark - Not Lighted,Not Reported,No,Not Applicable,40.6101,-103.7227611,WELD (123),NOT APPLICABLE
80570,2018,1,0,0,1,1,0,1,1,Colorado,December,21,Friday,6:00pm-6:59pm,10,State Highway,Rural,Principal Arterial - Other,State Highway Agency,This section IS ON the NHS,No Special Jurisdiction,Guardrail End,Not a Collision with Motor Vehicle In-Transport,No,Non-Junction,Not an Intersection,On Roadside,,Dark - Not Lighted,Clear,No,Not Applicable,39.87981111,-103.5931528,WASHINGTON (121),NOT APPLICABLE
80571,2018,1,0,0,4,4,0,8,8,Colorado,December,28,Friday,4:00pm-4:59pm,59,Local Street - Municipality,Urban,Local,City or Municipal Highway Agency,This section IS NOT on the NHS,No Special Jurisdiction,Motor Vehicle In-Transport,Sideswipe - Opposite Direction,No,Non-Junction,Not an Intersection,On Roadway,,Dark - Lighted,Not Reported,No,Not Applicable,39.89827222,-105.0723667,JEFFERSON (59),WESTMINSTER
80572,2018,1,0,0,2,2,0,3,3,Colorado,December,30,Sunday,6:00am-6:59am,42,Local Street - Municipality,Urban,Local,City or Municipal Highway Agency,This section IS NOT on the NHS,No Special Jurisdiction,Motor Vehicle In-Transport,Front-to-Front,No,Non-Junction,Not an Intersection,On Roadway,,Dawn,Not Reported,No,Not Applicable,39.76388889,-104.8504444,ADAMS (1),AURORA
80573,2018,1,1,1,1,1,0,1,1,Colorado,December,13,Thursday,7:00pm-7:59pm,52,Local Street - Municipality,Urban,Principal Arterial - Other,City or Municipal Highway Agency,This section IS ON the NHS,No Special Jurisdiction,Pedestrian,Not a Collision with Motor Vehicle In-Transport,No,Intersection-Related,Four-Way Intersection,On Roadway,,Dark - Lighted,Not Reported,No,Not Applicable,38.84911111,-104.7759333,EL PASO (41),COLORADO SPGS
80574,2018,1,0,0,2,2,0,3,3,Colorado,December,30,Sunday,4:00pm-4:59pm,27,State Highway,Rural,Principal Arterial - Other,State Highway Agency,This section IS ON the NHS,No Special Jurisdiction,Motor Vehicle In-Transport,Angle,No,Non-Junction,Not an Intersection,On Roadway,,Daylight,Not Reported,No,Not Applicable,39.21536111,-104.7077333,DOUGLAS (35),NOT APPLICABLE
80575,2018,2,0,0,2,2,0,3,3,Colorado,December,27,Thursday,10:00am-10:59am,48,County Road,Urban,Minor Arterial,County Highway Agency,This section IS NOT on the NHS,No Special Jurisdiction,Motor Vehicle In-Transport,Angle,No,Non-Junction,Not an Intersection,On Roadway,,Daylight,Not Reported,No,Not Applicable,39.09270556,-104.8176111,EL PASO (41),NOT APPLICABLE
80576,2018,1,0,0,1,1,0,1,1,Colorado,December,30,Sunday,8:00pm-8:59pm,18,County Road,Rural,Minor Collector,County Highway Agency,This section IS NOT on the NHS,No Special Jurisdiction,Rollover/Overturn,Not a Collision with Motor Vehicle In-Transport,No,Non-Junction,Not an Intersection,On Roadside,,Dark - Not Lighted,Not Reported,No,Not Applicable,38.93635556,-105.2823,TELLER (119),NOT APPLICABLE
80577,2018,1,0,0,2,2,0,3,3,Colorado,December,30,Sunday,6:00pm-6:59pm,12,Local Street - Municipality,Urban,Principal Arterial - Other,City or Municipal Highway Agency,This section IS ON the NHS,No Special Jurisdiction,Motor Vehicle In-Transport,Angle,No,Intersection,T-Intersection,On Roadway,,Dark - Lighted,Not Reported,No,Not Applicable,39.62391667,-104.8104917,ARAPAHOE (5),AURORA
80578,2018,1,1,1,1,1,0,1,1,Colorado,December,15,Saturday,6:00pm-6:59pm,2,Local Street - Municipality,Urban,Local,City or Municipal Highway Agency,This section IS NOT on the NHS,No Special Jurisdiction,Curb,Not a Collision with Motor Vehicle In-Transport,No,Non-Junction,Not an Intersection,On Roadside,,Dark - Lighted,Not Reported,No,Not Applicable,38.32006667,-104.6126278,PUEBLO (101),PUEBLO
80579,2018,1,0,0,1,1,0,3,3,Colorado,December,19,Wednesday,4:00am-4:59am,40,Interstate,Urban,Interstate,State Highway Agency,This section IS ON the NHS,No Special Jurisdiction,Rollover/Overturn,Not a Collision with Motor Vehicle In-Transport,No,Non-Junction,Not an Intersection,On Median,,Dark - Not Lighted,Not Reported,No,Not Applicable,38.21041667,-104.6276667,PUEBLO (101),PUEBLO
80580,2018,1,0,0,2,2,0,2,2,Colorado,December,29,Saturday,3:00pm-3:59pm,12,Local Street - Municipality,Urban,Minor Arterial,City or Municipal Highway Agency,This section IS NOT on the NHS,No Special Jurisdiction,Motor Vehicle In-Transport,Angle,No,Intersection,T-Intersection,On Roadway,,Daylight,Not Reported,No,Not Applicable,38.28811111,-104.5853611,PUEBLO (101),PUEBLO
80581,2018,1,0,0,1,1,0,2,2,Colorado,December,16,Sunday,1:00am-1:59am,10,State Highway,Rural,Major Collector,State Highway Agency,This section IS NOT on the NHS,No Special Jurisdiction,Fence,Not a Collision with Motor Vehicle In-Transport,No,Non-Junction,Not an Intersection,Outside Trafficway,,Dark - Not Lighted,Not Reported,No,Not Applicable,37.37086667,-105.9383333,ALAMOSA (3),NOT APPLICABLE
80582,2018,1,0,0,1,1,0,1,1,Colorado,December,16,Sunday,10:00pm-10:59pm,17,Local Street - Municipality,Urban,Local,City or Municipal Highway Agency,This section IS NOT on the NHS,No Special Jurisdiction,Utility Pole/Light Support,Not a Collision with Motor Vehicle In-Transport,No,Non-Junction,Not an Intersection,On Roadside,,Dark - Not Lighted,Not Reported,No,Not Applicable,38.32791944,-104.7175389,PUEBLO (101),PUEBLO WEST
80583,2018,1,0,0,1,1,0,1,1,Colorado,December,29,Saturday,7:00pm-7:59pm,18,State Highway,Urban,Principal Arterial - Other Freeways and Expressways,State Highway Agency,This section IS ON the NHS,No Special Jurisdiction,Rollover/Overturn,Not a Collision with Motor Vehicle In-Transport,Yes,Other location within Interchange Area,Not an Intersection,On Roadside,,Dark - Lighted,Not Reported,No,Not Applicable,39.84003889,-104.7466111,DENVER (31),DENVER
80584,2018,1,0,0,2,2,0,2,2,Colorado,December,7,Friday,6:00am-6:59am,54,Local Street - Municipality,Urban,Minor Arterial,City or Municipal Highway Agency,This section IS NOT on the NHS,No Special Jurisdiction,Motor Vehicle In-Transport,Front-to-Front,No,Intersection,Four-Way Intersection,On Roadway,,Daylight,Not Reported,Yes,Not Applicable,39.37437778,-104.8586333,DOUGLAS (35),CASTLE ROCK
80585,2018,1,0,0,4,4,0,4,4,Colorado,December,11,Tuesday,1:00pm-1:59pm,40,State Highway,Rural,Principal Arterial - Other,State Highway Agency,This section IS ON the NHS,No Special Jurisdiction,Motor Vehicle In-Transport,Sideswipe - Opposite Direction,No,Non-Junction,Not an Intersection,On Roadway,,Daylight,Not Reported,No,Not Applicable,40.20456111,-104.99765,WELD (123),MEAD
80586,2018,1,0,0,2,2,0,3,3,Colorado,December,20,Thursday,10:00am-10:59am,18,Local Street - Municipality,Urban,Principal Arterial - Other,City or Municipal Highway Agency,This section IS ON the NHS,No Special Jurisdiction,Motor Vehicle In-Transport,Angle,No,Intersection,Four-Way Intersection,On Roadway,,Daylight,Not Reported,No,Not Applicable,39.687625,-104.9875889,DENVER (31),DENVER
80587,2018,1,0,0,1,1,0,1,1,Colorado,July,24,Tuesday,11:00pm-11:59pm,0,County Road,Rural,Minor Collector,County Highway Agency,This section IS NOT on the NHS,No Special Jurisdiction,Tree (Standing Only),Not a Collision with Motor Vehicle In-Transport,No,Non-Junction,Not an Intersection,On Roadside,,Dark - Not Lighted,Not Reported,No,Not Applicable,38.99361111,-105.1560278,TELLER (119),NOT APPLICABLE
80588,2018,1,1,1,2,1,1,1,1,Colorado,December,11,Tuesday,5:00pm-5:59pm,8,Local Street - Municipality,Urban,Major Collector,City or Municipal Highway Agency,This section IS NOT on the NHS,No Special Jurisdiction,Pedalcyclist,Not a Collision with Motor Vehicle In-Transport,No,Non-Junction,Not an Intersection,On Roadway,,Dark - Lighted,Not Reported,No,Not Applicable,39.76355,-105.0158361,DENVER (31),DENVER
80589,2018,1,0,0,1,1,0,1,1,Colorado,September,4,Tuesday,12:00pm-12:59pm,6,U.S. Highway,Urban,Principal Arterial - Other Freeways and Expressways,State Highway Agency,This section IS ON the NHS,No Special Jurisdiction,Utility Pole/Light Support,Not a Collision with Motor Vehicle In-Transport,Yes,Other location within Interchange Area,Not an Intersection,On Roadside,,Daylight,Not Reported,No,Not Applicable,39.67564444,-104.993825,DENVER (31),DENVER
80590,2018,1,1,1,1,1,0,1,1,Colorado,October,13,Saturday,7:00am-7:59am,44,Local Street - Municipality,Urban,Principal Arterial - Other,City or Municipal Highway Agency,This section IS NOT on the NHS,No Special Jurisdiction,Pedestrian,Not a Collision with Motor Vehicle In-Transport,Yes,Intersection-Related,Four-Way Intersection,On Roadway,,Daylight,Not Reported,No,Not Applicable,38.32029167,-104.6160528,PUEBLO (101),PUEBLO
80591,2018,1,0,0,2,2,0,2,2,Colorado,November,26,Monday,2:00pm-2:59pm,11,U.S. Highway,Urban,Principal Arterial - Other,State Highway Agency,This section IS ON the NHS,No Special Jurisdiction,Motor Vehicle In-Transport,Angle,No,Driveway Access Related,Not an Intersection,On Roadway,,Daylight,Not Reported,No,Not Applicable,38.50850278,-107.9096889,MONTROSE (85),MONTROSE
80592,2018,1,0,0,2,2,0,4,4,Colorado,November,4,Sunday,9:00am-9:59am,17,U.S. Highway,Urban,Principal Arterial - Other,State Highway Agency,This section IS ON the NHS,No Special Jurisdiction,"Post, Pole or Other Supports",Not a Collision with Motor Vehicle In-Transport,No,Non-Junction,Not an Intersection,On Median,,Daylight,Not Reported,No,Not Applicable,37.98736944,-103.5604611,OTERO (89),NOT APPLICABLE
80593,2018,1,1,1,1,1,0,2,2,Colorado,December,13,Thursday,7:00pm-7:59pm,30,State Highway,Urban,Principal Arterial - Other,State Highway Agency,This section IS ON the NHS,No Special Jurisdiction,Pedestrian,Not a Collision with Motor Vehicle In-Transport,No,Intersection-Related,Four-Way Intersection,On Roadway,,Dark - Lighted,Clear,No,Not Applicable,39.40767778,-107.1526861,GARFIELD (45),NOT APPLICABLE
80001,2019,1,0,0,1,1,0,1,1,Colorado,January,5,Saturday,1:00am-1:59am,34,Local Street - Municipality,Urban,Local,City or Municipal Highway Agency,This section IS NOT on the NHS,No Special Jurisdiction,Curb,The First Harmful Event was Not a Collision with a Motor Vehicle in Transport,No,Non-Junction,Not an Intersection,On Roadside,,Dark - Lighted,Not Reported,No,Not Applicable,39.91706389,-105.0354778,BROOMFIELD (14),BROOMFIELD