ST_CASE,YEAR,FATALS,PEDS,PERNOTMVIT,VE_TOTAL,VE_FORMS,PVH_INVL,PERSONS,PERMVIT,STATENAME,MONTHNAME,DAYNAME,DAY_WEEKNAME,HOURNAME,MINUTENAME,ROUTENAME,RUR_URBNAME,FUNC_SYSNAME,RD_OWNERNAME,NHSNAME,SP_JURNAME,HARM_EVNAME,MAN_COLLNAME,RELJCT1NAME,RELJCT2NAME,TYP_INTNAME,REL_ROADNAME,WRK_ZONENAME,LGT_CONDNAME,WEATHERNAME,SCH_BUSNAME,RAILNAME,LATITUDE,LONGITUD,COUNTYNAME,CITYNAME
80198,2019,1,0,0,2,2,0,3,3,Colorado,June,15,Saturday,7:00pm-7:59pm,19,County Road,Urban,Minor Arterial,County Highway Agency,This section IS NOT on the NHS,No Special Jurisdiction,Motor Vehicle In-Transport,Angle,No,Intersection,Four-Way Intersection,On Roadway,,Daylight,Not Reported,No,Not Applicable,39.56564444,-104.6794111,DOUGLAS (35),NOT APPLICABLE
80199,2019,1,0,0,1,1,0,1,1,Colorado,June,15,Saturday,9:00am-9:59am,33,State Highway,Rural,Minor Arterial,State Highway Agency,This section IS NOT on the NHS,No Special Jurisdiction,Rollover/Overturn,The First Harmful Event was Not a Collision with a Motor Vehicle in Transport,No,Non-Junction,Not an Intersection,On Roadside,,Daylight,Not Reported,No,Not Applicable,40.50489444,-105.9262778,JACKSON (57),NOT APPLICABLE
80200,2019,1,0,0,1,1,0,1,1,Colorado,June,9,Sunday,9:00am-9:59am,40,U.S. Highway,Rural,Principal Arterial - Other,State Highway Agency,This section IS ON the NHS,No Special Jurisdiction,Tree (Standing Only),The First Harmful Event was Not a Collision with a Motor Vehicle in Transport,No,Non-Junction,Not an Intersection,On Roadside,,Daylight,Not Reported,No,Not Applicable,40.21555556,-105.2548056,BOULDER (13),NOT APPLICABLE
80201,2019,1,0,0,1,1,0,1,1,Colorado,June,18,Tuesday,1:00pm-1:59pm,55,State Highway,Rural,Minor Collector,State Highway Agency,This section IS NOT on the NHS,No Special Jurisdiction,Rollover/Overturn,The First Harmful Event was Not a Collision with a Motor Vehicle in Transport,No,Non-Junction,Not an Intersection,On Roadside,,Daylight,Clear,No,Not Applicable,40.49261667,-107.5003333,MOFFAT (81),NOT APPLICABLE
80202,2019,1,0,0,2,2,0,2,2,Colorado,June,18,Tuesday,8:00pm-8:59pm,3,U.S. Highway,Rural,Principal Arterial - Other,State Highway Agency,This section IS ON the NHS,No Special Jurisdiction,Motor Vehicle In-Transport,Front-to-Front,No,Intersection,T-Intersection,On Roadway,,Dusk,Not Reported,No,Not Applicable,37.57441667,-106.1290389,RIO GRANDE (105),MONTE VISTA
80203,2019,1,0,0,2,2,0,2,2,Colorado,June,19,Wednesday,10:00am-10:59am,32,State Highway,Rural,Minor Arterial,State Highway Agency,This section IS NOT on the NHS,No Special Jurisdiction,Motor Vehicle In-Transport,Sideswipe - Opposite Direction,No,Non-Junction,Not an Intersection,On Roadway,,Daylight,Not Reported,No,Not Applicable,40.144175,-105.4814528,BOULDER (13),NOT APPLICABLE
80204,2019,1,0,0,3,3,0,5,5,Colorado,June,21,Friday,9:00am-9:59am,59,County Road,Urban,Minor Arterial,County Highway Agency,This section IS NOT on the NHS,No Special Jurisdiction,Motor Vehicle In-Transport,Angle,No,Intersection,Four-Way Intersection,On Roadway,,Daylight,Not Reported,No,Not Applicable,39.95776667,-104.8183472,ADAMS (1),NOT APPLICABLE
80205,2019,1,0,0,1,1,0,1,1,Colorado,June,20,Thursday,5:00pm-5:59pm,20,State Highway,Rural,Principal Arterial - Other,State Highway Agency,This section IS ON the NHS,No Special Jurisdiction,Rollover/Overturn,The First Harmful Event was Not a Collision with a Motor Vehicle in Transport,No,Non-Junction,Not an Intersection,On Roadside,,Daylight,Cloudy,No,Not Applicable,40.21913333,-107.8138222,RIO BLANCO (103),NOT APPLICABLE
80206,2019,1,0,0,1,1,0,1,1,Colorado,June,22,Saturday,6:00am-6:59am,0,County Road,Rural,Minor Collector,County Highway Agency,This section IS NOT on the NHS,No Special Jurisdiction,Rollover/Overturn,The First Harmful Event was Not a Collision with a Motor Vehicle in Transport,No,Non-Junction,Not an Intersection,On Roadside,,Dawn,Not Reported,No,Not Applicable,38.42338889,-103.5767778,CROWLEY (25),NOT APPLICABLE
80207,2019,1,0,0,1,1,0,1,1,Colorado,June,24,Monday,5:00am-5:59am,58,State Highway,Rural,Minor Arterial,State Highway Agency,This section IS NOT on the NHS,No Special Jurisdiction,"Post, Pole or Other Supports",The First Harmful Event was Not a Collision with a Motor Vehicle in Transport,No,Non-Junction,Not an Intersection,On Roadside,,Dawn,Not Reported,No,Not Applicable,38.22358333,-108.4805556,MONTROSE (85),NOT APPLICABLE
80208,2019,1,0,0,1,1,0,1,1,Colorado,June,24,Monday,1:00am-1:59am,10,State Highway,Rural,Minor Arterial,State Highway Agency,This section IS NOT on the NHS,No Special Jurisdiction,"Post, Pole or Other Supports",The First Harmful Event was Not a Collision with a Motor Vehicle in Transport,No,Non-Junction,Not an Intersection,On Roadside,,Dark - Not Lighted,Not Reported,No,Not Applicable,37.83354444,-106.9205139,MINERAL (79),NOT APPLICABLE
80209,2019,1,0,0,2,2,0,2,2,Colorado,June,24,Monday,9:00am-9:59am,25,U.S. Highway,Urban,Principal Arterial - Other Freeways and Expressways,State Highway Agency,This section IS ON the NHS,No Special Jurisdiction,Bridge Overhead Structure,The First Harmful Event was Not a Collision with a Motor Vehicle in Transport,Yes,Other location within Interchange Area,Not an Intersection,On Roadside,,Daylight,Not Reported,No,Not Applicable,39.88062222,-104.8871667,ADAMS (1),NOT APPLICABLE
80210,2019,1,0,0,1,1,0,4,4,Colorado,June,15,Saturday,10:00am-10:59am,35,U.S. Highway,Rural,Principal Arterial - Other,State Highway Agency,This section IS ON the NHS,No Special Jurisdiction,Embankment,The First Harmful Event was Not a Collision with a Motor Vehicle in Transport,No,Non-Junction,Not an Intersection,On Roadside,,Daylight,Not Reported,No,Not Applicable,37.2287,-107.4071778,ARCHULETA (7),NOT APPLICABLE
80211,2019,1,0,0,2,2,0,3,3,Colorado,June,25,Tuesday,2:00pm-2:59pm,20,Interstate,Rural,Interstate,State Highway Agency,This section IS ON the NHS,No Special Jurisdiction,Motor Vehicle In-Transport,Front-to-Rear,No,Non-Junction,Not an Intersection,On Roadway,Construction,Daylight,Not Reported,No,Not Applicable,40.15275,-104.4623722,WELD (123),NOT APPLICABLE
80212,2019,1,1,1,1,1,0,2,2,Colorado,June,4,Tuesday,11:00am-11:59am,14,Local Street - Municipality,Urban,Minor Arterial,City or Municipal Highway Agency,This section IS NOT on the NHS,No Special Jurisdiction,Pedalcyclist,The First Harmful Event was Not a Collision with a Motor Vehicle in Transport,No,Intersection,Four-Way Intersection,On Roadway,,Daylight,Not Reported,No,Not Applicable,40.63284444,-103.2119167,LOGAN (75),STERLING
80213,2019,1,0,0,1,1,0,3,3,Colorado,June,4,Tuesday,10:00am-10:59am,15,Interstate,Urban,Interstate,State Highway Agency,This section IS ON the NHS,No Special Jurisdiction,Curb,The First Harmful Event was Not a Collision with a Motor Vehicle in Transport,Yes,Intersection-Related,Roundabout,On Roadside,,Daylight,Not Reported,No,Not Applicable,39.11316667,-108.6081944,MESA (77),GRAND JUNCTION
80214,2019,1,0,0,1,1,0,1,1,Colorado,June,24,Monday,7:00am-7:59am,0,County Road,Rural,Local,County Highway Agency,This section IS NOT on the NHS,No Special Jurisdiction,Rollover/Overturn,The First Harmful Event was Not a Collision with a Motor Vehicle in Transport,No,Non-Junction,Not an Intersection,On Roadside,,Dark - Not Lighted,Not Reported,No,Not Applicable,37.8325,-107.6020833,SAN JUAN (111),NOT APPLICABLE
80215,2019,1,0,0,2,2,0,2,2,Colorado,June,23,Sunday,4:00am-4:59am,48,U.S. Highway,Rural,Principal Arterial - Other,State Highway Agency,This section IS ON the NHS,No Special Jurisdiction,Motor Vehicle In-Transport,Angle,No,Non-Junction,Not an Intersection,On Roadway,,Dark - Not Lighted,Not Reported,No,Not Applicable,37.27014444,-107.9283333,LA PLATA (67),DURANGO
80216,2019,1,0,0,1,1,0,1,1,Colorado,June,20,Thursday,1:00am-1:59am,6,Local Street - Municipality,Urban,Minor Arterial,City or Municipal Highway Agency,This section IS NOT on the NHS,No Special Jurisdiction,Curb,The First Harmful Event was Not a Collision with a Motor Vehicle in Transport,No,Intersection-Related,T-Intersection,On Roadside,,Dark - Lighted,Clear,No,Not Applicable,39.772925,-104.9681,DENVER (31),DENVER
80217,2019,1,0,0,2,2,0,2,2,Colorado,June,27,Thursday,0:00am-0:59am,40,Interstate,Rural,Interstate,State Highway Agency,This section IS ON the NHS,No Special Jurisdiction,Motor Vehicle In-Transport,Front-to-Rear,No,Non-Junction,Not an Intersection,On Roadway,,Dark - Not Lighted,Not Reported,No,Not Applicable,40.53189167,-104.9937806,LARIMER (69),FORT COLLINS
80218,2019,1,0,0,1,1,0,1,1,Colorado,June,26,Wednesday,11:00pm-11:59pm,15,County Road,Rural,Local,County Highway Agency,This section IS NOT on the NHS,No Special Jurisdiction,Rollover/Overturn,The First Harmful Event was Not a Collision with a Motor Vehicle in Transport,No,Non-Junction,Not an Intersection,On Roadside,,Dark - Not Lighted,Not Reported,No,Not Applicable,40.18894167,-104.8550333,WELD (123),NOT APPLICABLE
80219,2019,1,0,0,1,1,0,1,1,Colorado,June,28,Friday,8:00am-8:59am,30,U.S. Highway,Rural,Principal Arterial - Other,State Highway Agency,This section IS ON the NHS,No Special Jurisdiction,Rollover/Overturn,The First Harmful Event was Not a Collision with a Motor Vehicle in Transport,No,Non-Junction,Not an Intersection,On Roadside,,Daylight,Not Reported,No,Not Applicable,38.41555556,-106.0739611,SAGUACHE (109),NOT APPLICABLE
80220,2019,1,0,0,1,1,0,1,1,Colorado,June,25,Tuesday,7:00am-7:59am,58,County Road,Rural,Local,County Highway Agency,This section IS NOT on the NHS,No Special Jurisdiction,"Post, Pole or Other Supports",The First Harmful Event was Not a Collision with a Motor Vehicle in Transport,No,Non-Junction,Not an Intersection,On Roadside,,Dawn,Not Reported,No,Not Applicable,39.74641111,-105.6730556,CLEAR CREEK (19),NOT APPLICABLE
80221,2019,1,0,0,1,1,0,1,1,Colorado,June,15,Saturday,6:00pm-6:59pm,45,Local Street - Municipality,Urban,Local,City or Municipal Highway Agency,This section IS NOT on the NHS,No Special Jurisdiction,Utility Pole/Light Support,The First Harmful Event was Not a Collision with a Motor Vehicle in Transport,No,Non-Junction,Not an Intersection,On Roadside,,Daylight,Not Reported,No,Not Applicable,39.629875,-105.0904361,DENVER (31),DENVER
80222,2019,1,0,0,1,1,0,1,1,Colorado,June,1,Saturday,10:00pm-10:59pm,7,State Highway,Urban,Principal Arterial - Other Freeways and Expressways,State Highway Agency,This section IS ON the NHS,No Special Jurisdiction,Guardrail Face,The First Harmful Event was Not a Collision with a Motor Vehicle in Transport,No,Non-Junction,Not an Intersection,On Roadside,,Dark - Not Lighted,Not Reported,No,Not Applicable,38.72619444,-104.7281944,EL PASO (41),FOUNTAIN
80223,2019,1,0,0,1,1,0,1,1,Colorado,June,18,Tuesday,7:00pm-7:59pm,47,County Road,Rural,Major Collector,County Highway Agency,This section IS NOT on the NHS,No Special Jurisdiction,Guardrail Face,The First Harmful Event was Not a Collision with a Motor Vehicle in Transport,No,Non-Junction,Not an Intersection,On Roadside,,Daylight,Not Reported,No,Not Applicable,39.92307222,-104.8679611,ADAMS (1),NOT APPLICABLE
80224,2019,1,1,1,2,2,0,3,3,Colorado,June,28,Friday,10:00pm-10:59pm,37,State Highway,Urban,Principal Arterial - Other,State Highway Agency,This section IS ON the NHS,No Special Jurisdiction,Pedestrian,The First Harmful Event was Not a Collision with a Motor Vehicle in Transport,No,Intersection-Related,Four-Way Intersection,On Roadway,,Dark - Lighted,Not Reported,No,Not Applicable,39.71133611,-105.0419722,DENVER (31),DENVER
80225,2019,1,0,0,3,3,0,4,4,Colorado,June,21,Friday,10:00pm-10:59pm,58,Local Street - Municipality,Urban,Principal Arterial - Other,City or Municipal Highway Agency,This section IS ON the NHS,No Special Jurisdiction,Motor Vehicle In-Transport,Front-to-Front,No,Intersection,Four-Way Intersection,On Roadway,,Dark - Lighted,Not Reported,No,Not Applicable,39.00171111,-104.7976389,EL PASO (41),COLORADO SPRINGS
80226,2019,1,1,1,1,1,0,1,1,Colorado,June,22,Saturday,8:00pm-8:59pm,55,Local Street - Municipality,Urban,Principal Arterial - Other,City or Municipal Highway Agency,This section IS ON the NHS,No Special Jurisdiction,Non-Motorist on Personal Conveyance,The First Harmful Event was Not a Collision with a Motor Vehicle in Transport,No,Intersection-Related,Four-Way Intersection,On Roadway,,Dark - Lighted,Not Reported,No,Not Applicable,38.80838889,-104.75765,EL PASO (41),COLORADO SPRINGS
80227,2019,1,0,0,1,1,0,1,1,Colorado,June,24,Monday,10:00pm-10:59pm,4,Local Street - Municipality,Urban,Principal Arterial - Other,City or Municipal Highway Agency,This section IS ON the NHS,No Special Jurisdiction,Curb,The First Harmful Event was Not a Collision with a Motor Vehicle in Transport,No,Non-Junction,Not an Intersection,On Roadside,,Dark - Lighted,Not Reported,No,Not Applicable,38.81455556,-104.7803167,EL PASO (41),COLORADO SPRINGS
80228,2019,1,1,1,1,1,0,2,2,Colorado,June,28,Friday,10:00am-10:59am,52,Local Street - Municipality,Trafficway Not in State Inventory,Trafficway Not in State Inventory,Trafficway Not in State Inventory,This section IS NOT on the NHS,No Special Jurisdiction,Pedestrian,The First Harmful Event was Not a Collision with a Motor Vehicle in Transport,No,Non-Junction,Not an Intersection,On Roadway,,Daylight,Not Reported,No,Not Applicable,37.63319444,-104.7921778,HUERFANO (55),WALSENBURG
80229,2019,1,0,0,1,1,0,1,1,Colorado,June,27,Thursday,11:00am-11:59am,12,Interstate,Urban,Interstate,State Highway Agency,This section IS ON the NHS,No Special Jurisdiction,Utility Pole/Light Support,The First Harmful Event was Not a Collision with a Motor Vehicle in Transport,Yes,Entrance/Exit Ramp Related,Not an Intersection,On Roadside,,Daylight,Not Reported,No,Not Applicable,38.21693333,-104.6203944,PUEBLO (101),PUEBLO
80230,2019,1,1,1,1,1,0,1,1,Colorado,June,26,Wednesday,7:00pm-7:59pm,22,Local Street - Municipality,Urban,Local,City or Municipal Highway Agency,This section IS NOT on the NHS,No Special Jurisdiction,Pedestrian,The First Harmful Event was Not a Collision with a Motor Vehicle in Transport,No,Intersection-Related,Four-Way Intersection,On Roadway,,Daylight,Not Reported,No,Not Applicable,39.79605556,-104.7977222,DENVER (31),DENVER
80231,2019,1,1,1,1,1,0,1,1,Colorado,June,14,Friday,9:00pm-9:59pm,38,Interstate,Rural,Interstate,State Highway Agency,This section IS ON the NHS,No Special Jurisdiction,Pedestrian,The First Harmful Event was Not a Collision with a Motor Vehicle in Transport,No,Non-Junction,Not an Intersection,On Roadway,,Dark - Not Lighted,Not Reported,No,Not Applicable,39.66723333,-104.0911278,ARAPAHOE (5),NOT APPLICABLE
80232,2019,2,0,0,1,1,0,15,15,Colorado,June,23,Sunday,2:00pm-2:59pm,30,Interstate,Rural,Interstate,State Highway Agency,This section IS ON the NHS,No Special Jurisdiction,Utility Pole/Light Support,The First Harmful Event was Not a Collision with a Motor Vehicle in Transport,No,Non-Junction,Not an Intersection,On Roadside,,Daylight,Clear,No,Not Applicable,38.42822222,-104.6079056,PUEBLO (101),NOT APPLICABLE
80233,2019,1,0,0,2,2,0,2,2,Colorado,May,14,Tuesday,5:00pm-5:59pm,22,U.S. Highway,Urban,Principal Arterial - Other Freeways and Expressways,State Highway Agency,This section IS ON the NHS,No Special Jurisdiction,Motor Vehicle In-Transport,Front-to-Rear,No,Non-Junction,Not an Intersection,On Roadway,,Daylight,Not Reported,No,Not Applicable,39.72556944,-105.0584167,JEFFERSON (59),LAKEWOOD
80234,2019,1,0,0,2,2,0,2,2,Colorado,July,2,Tuesday,2:00pm-2:59pm,0,County Road,Urban,Major Collector,County Highway Agency,This section IS NOT on the NHS,No Special Jurisdiction,Motor Vehicle In-Transport,Sideswipe - Opposite Direction,No,Non-Junction,Not an Intersection,On Roadway,,Daylight,Clear,No,Not Applicable,39.84783333,-104.9191111,ADAMS (1),NOT APPLICABLE
80235,2019,2,0,0,2,2,0,3,3,Colorado,July,2,Tuesday,2:00pm-2:59pm,48,U.S. Highway,Rural,Principal Arterial - Other,State Highway Agency,This section IS ON the NHS,No Special Jurisdiction,Motor Vehicle In-Transport,Front-to-Front,No,Non-Junction,Not an Intersection,On Shoulder,,Daylight,Clear,No,Not Applicable,38.4974,-106.3265278,CHAFFEE (15),NOT APPLICABLE
80236,2019,1,0,0,4,4,0,7,7,Colorado,July,2,Tuesday,5:00pm-5:59pm,32,U.S. Highway,Rural,Principal Arterial - Other,State Highway Agency,This section IS ON the NHS,No Special Jurisdiction,Motor Vehicle In-Transport,Front-to-Rear,No,Intersection-Related,T-Intersection,On Roadway,,Daylight,Not Reported,No,Not Applicable,39.99576667,-105.8783333,GRAND (49),NOT APPLICABLE
80237,2019,1,0,0,2,2,0,2,2,Colorado,July,1,Monday,8:00pm-8:59pm,0,County Road,Rural,Minor Arterial,County Highway Agency,This section IS NOT on the NHS,No Special Jurisdiction,Rollover/Overturn,The First Harmful Event was Not a Collision with a Motor Vehicle in Transport,No,Driveway Access Related,Not an Intersection,On Roadway,,Dusk,Not Reported,No,Not Applicable,40.07048611,-105.1312694,BOULDER (13),NOT APPLICABLE
80238,2019,2,0,0,3,3,0,11,11,Colorado,July,2,Tuesday,6:00pm-6:59pm,45,U.S. Highway,Rural,Principal Arterial - Other,State Highway Agency,This section IS ON the NHS,No Special Jurisdiction,Motor Vehicle In-Transport,Front-to-Front,No,Non-Junction,Not an Intersection,On Roadway,,Daylight,Rain,No,Not Applicable,37.28782222,-107.5227778,LA PLATA (67),NOT APPLICABLE
80239,2019,1,1,1,1,1,0,1,1,Colorado,July,2,Tuesday,4:00am-4:59am,32,U.S. Highway,Urban,Principal Arterial - Other,State Highway Agency,This section IS ON the NHS,No Special Jurisdiction,Pedestrian,The First Harmful Event was Not a Collision with a Motor Vehicle in Transport,No,Non-Junction,Not an Intersection,On Roadway,,Dark - Lighted,Not Reported,No,Not Applicable,39.74031111,-105.0605111,JEFFERSON (59),LAKEWOOD
80240,2019,1,0,0,1,1,0,2,2,Colorado,July,1,Monday,1:00am-1:59am,30,Local Street - Municipality,Urban,Minor Arterial,City or Municipal Highway Agency,This section IS NOT on the NHS,No Special Jurisdiction,Utility Pole/Light Support,The First Harmful Event was Not a Collision with a Motor Vehicle in Transport,No,Non-Junction,Not an Intersection,On Roadside,,Dark - Lighted,Not Reported,No,Not Applicable,39.95256111,-104.9781111,ADAMS (1),THORNTON
80241,2019,1,0,0,1,1,0,2,2,Colorado,July,4,Thursday,2:00pm-2:59pm,49,State Highway,Rural,Major Collector,State Highway Agency,This section IS NOT on the NHS,No Special Jurisdiction,Rollover/Overturn,The First Harmful Event was Not a Collision with a Motor Vehicle in Transport,No,Driveway Access Related,Not an Intersection,On Roadside,,Daylight,Clear,No,Not Applicable,40.48805556,-104.4733,WELD (123),NOT APPLICABLE
80242,2019,1,0,0,2,2,0,2,2,Colorado,July,2,Tuesday,8:00pm-8:59pm,46,Local Street - Frontage Road,Rural,Interstate,State Highway Agency,This section IS ON the NHS,No Special Jurisdiction,Motor Vehicle In-Transport,Front-to-Front,No,Intersection,T-Intersection,On Roadway,,Dusk,Clear,No,Not Applicable,40.68248333,-105.0003472,LARIMER (69),NOT APPLICABLE
80243,2019,1,0,0,1,1,0,1,1,Colorado,July,6,Saturday,10:00pm-10:59pm,17,County Road,Rural,Local,County Highway Agency,This section IS NOT on the NHS,No Special Jurisdiction,Fence,The First Harmful Event was Not a Collision with a Motor Vehicle in Transport,No,Non-Junction,Not an Intersection,Outside Trafficway,,Dark - Not Lighted,Not Reported,No,Not Applicable,40.45022222,-104.5059861,WELD (123),NOT APPLICABLE
80244,2019,1,1,1,1,1,0,2,2,Colorado,July,7,Sunday,0:00am-0:59am,46,U.S. Highway,Urban,Principal Arterial - Other,State Highway Agency,This section IS ON the NHS,No Special Jurisdiction,Pedestrian,The First Harmful Event was Not a Collision with a Motor Vehicle in Transport,No,Non-Junction,Not an Intersection,On Roadway,,Dark - Not Lighted,Not Reported,No,Not Applicable,39.02879444,-108.5118667,MESA (77),NOT APPLICABLE
80245,2019,1,0,0,2,2,0,2,2,Colorado,July,7,Sunday,8:00pm-8:59pm,36,Interstate,Urban,Interstate,State Highway Agency,This section IS ON the NHS,No Special Jurisdiction,Motor Vehicle In-Transport,Front-to-Rear,Yes,Through Roadway,Not an Intersection,On Roadway,,Dark - Lighted,Not Reported,No,Not Applicable,39.83469444,-104.9835833,ADAMS (1),NOT APPLICABLE
80246,2019,2,0,0,3,3,0,5,5,Colorado,July,3,Wednesday,7:00pm-7:59pm,35,Interstate,Urban,Interstate,State Highway Agency,This section IS ON the NHS,No Special Jurisdiction,Cable Barrier,The First Harmful Event was Not a Collision with a Motor Vehicle in Transport,Yes,Other location within Interchange Area,Not an Intersection,On Median,,Daylight,Clear,No,Not Applicable,39.88074444,-104.884575,ADAMS (1),COMMERCE CITY
80247,2019,1,1,1,1,1,0,1,1,Colorado,July,4,Thursday,6:00am-6:59am,31,County Road,Urban,Minor Arterial,County Highway Agency,This section IS NOT on the NHS,No Special Jurisdiction,Pedalcyclist,The First Harmful Event was Not a Collision with a Motor Vehicle in Transport,No,Non-Junction,Not an Intersection,On Roadway,,Daylight,Not Reported,No,Not Applicable,39.53301667,-104.7558889,DOUGLAS (35),NOT APPLICABLE
80248,2019,1,0,0,1,1,0,1,1,Colorado,July,2,Tuesday,9:00pm-9:59pm,0,Local Street - Municipality,Urban,Local,City or Municipal Highway Agency,This section IS NOT on the NHS,No Special Jurisdiction,Curb,The First Harmful Event was Not a Collision with a Motor Vehicle in Transport,No,Non-Junction,Not an Intersection,On Roadside,,Dusk,Not Reported,No,Not Applicable,38.89815556,-104.719,EL PASO (41),COLORADO SPRINGS
80249,2019,1,0,0,2,2,0,2,2,Colorado,July,8,Monday,2:00pm-2:59pm,52,Local Street - Municipality,Urban,Minor Arterial,City or Municipal Highway Agency,This section IS NOT on the NHS,No Special Jurisdiction,Motor Vehicle In-Transport,Front-to-Rear,No,Intersection-Related,Four-Way Intersection,On Roadway,,Daylight,Not Reported,No,Not Applicable,39.56605833,-104.9413889,ARAPAHOE (5),CENTENNIAL
80250,2019,1,0,0,2,2,0,2,2,Colorado,July,10,Wednesday,6:00am-6:59am,52,State Highway,Urban,Minor Arterial,State Highway Agency,This section IS NOT on the NHS,No Special Jurisdiction,Motor Vehicle In-Transport,Angle,No,Intersection,Four-Way Intersection,On Roadway,,Daylight,Not Reported,No,Not Applicable,39.81273889,-104.9370833,ADAMS (1),COMMERCE CITY
80251,2019,1,2,2,1,1,0,1,1,Colorado,July,11,Thursday,5:00am-5:59am,42,State Highway,Urban,Principal Arterial - Other,State Highway Agency,This section IS ON the NHS,No Special Jurisdiction,Curb,The First Harmful Event was Not a Collision with a Motor Vehicle in Transport,No,Non-Junction,Not an Intersection,On Roadside,,Dark - Lighted,Not Reported,No,Not Applicable,39.82388889,-105.0531722,ADAMS (1),WESTMINSTER
80252,2019,1,0,0,1,1,0,1,1,Colorado,July,11,Thursday,9:00pm-9:59pm,34,Interstate,Urban,Interstate,State Highway Agency,This section IS ON the NHS,No Special Jurisdiction,Bridge Rail (Includes parapet),The First Harmful Event was Not a Collision with a Motor Vehicle in Transport,Yes,Entrance/Exit Ramp Related,Not an Intersection,On Roadside,,Dark - Lighted,Not Reported,No,Not Applicable,39.72480556,-105.0154306,DENVER (31),DENVER
80253,2019,1,0,0,1,1,0,3,3,Colorado,July,14,Sunday,1:00am-1:59am,39,State Highway,Rural,Principal Arterial - Other,State Highway Agency,This section IS ON the NHS,No Special Jurisdiction,Rollover/Overturn,The First Harmful Event was Not a Collision with a Motor Vehicle in Transport,No,Non-Junction,Not an Intersection,On Roadside,,Dark - Not Lighted,Not Reported,No,Not Applicable,40.63944444,-104.3838889,WELD (123),NOT APPLICABLE
80254,2019,1,0,0,2,2,0,3,3,Colorado,July,15,Monday,11:00am-11:59am,17,Local Street - Municipality,Urban,Minor Arterial,City or Municipal Highway Agency,This section IS NOT on the NHS,No Special Jurisdiction,Motor Vehicle In-Transport,Angle,No,Intersection,Four-Way Intersection,On Roadway,,Daylight,Not Reported,No,Not Applicable,40.02754444,-105.2536361,BOULDER (13),BOULDER
80255,2019,1,0,0,1,1,0,1,1,Colorado,July,12,Friday,3:00pm-3:59pm,20,County Road,Rural,Minor Collector,County Highway Agency,This section IS NOT on the NHS,No Special Jurisdiction,Rollover/Overturn,The First Harmful Event was Not a Collision with a Motor Vehicle in Transport,No,Non-Junction,Not an Intersection,On Roadside,,Daylight,Not Reported,No,Not Applicable,40.00211111,-103.1339722,WASHINGTON (121),NOT APPLICABLE
80256,2019,1,0,0,3,3,0,6,6,Colorado,July,15,Monday,5:00pm-5:59pm,10,U.S. Highway,Urban,Principal Arterial - Other Freeways and Expressways,State Highway Agency,This section IS ON the NHS,No Special Jurisdiction,Motor Vehicle In-Transport,Angle,No,Non-Junction,Not an Intersection,On Roadway,,Daylight,Rain,No,Not Applicable,40.34097222,-105.0741667,LARIMER (69),NOT APPLICABLE
80257,2019,1,0,0,1,1,0,4,4,Colorado,July,16,Tuesday,1:00am-1:59am,45,County Road,Urban,Local,County Highway Agency,This section IS NOT on the NHS,No Special Jurisdiction,Tree (Standing Only),The First Harmful Event was Not a Collision with a Motor Vehicle in Transport,No,Non-Junction,Not an Intersection,On Roadside,,Dark - Not Lighted,Not Reported,No,Not Applicable,40.00455556,-105.2930278,BOULDER (13),NOT APPLICABLE
80258,2019,1,0,0,1,1,0,2,2,Colorado,July,16,Tuesday,12:00pm-12:59pm,51,County Road,Rural,Local,County Highway Agency,This section IS NOT on the NHS,No Special Jurisdiction,Rollover/Overturn,The First Harmful Event was Not a Collision with a Motor Vehicle in Transport,No,Non-Junction,Not an Intersection,On Roadside,,Daylight,Not Reported,No,Not Applicable,38.98808056,-104.2574778,EL PASO (41),NOT APPLICABLE
80259,2019,1,0,0,3,3,0,9,9,Colorado,July,16,Tuesday,6:00pm-6:59pm,20,Interstate,Urban,Interstate,State Highway Agency,This section IS ON the NHS,No Special Jurisdiction,Motor Vehicle In-Transport,Angle,No,Non-Junction,Not an Intersection,On Roadway,,Daylight,Rain,No,Not Applicable,38.68681111,-104.7169611,EL PASO (41),NOT APPLICABLE
80260,2019,1,0,0,1,1,0,1,1,Colorado,July,13,Saturday,2:00pm-2:59pm,54,U.S. Highway,Rural,Minor Arterial,State Highway Agency,This section IS NOT on the NHS,No Special Jurisdiction,Immersion or Partial Immersion,The First Harmful Event was Not a Collision with a Motor Vehicle in Transport,No,Non-Junction,Not an Intersection,Outside Trafficway,,Daylight,Not Reported,No,Not Applicable,39.74225556,-105.2542361,JEFFERSON (59),NOT APPLICABLE
80261,2019,1,1,1,1,1,0,1,1,Colorado,July,12,Friday,5:00pm-5:59pm,43,Local Street - Municipality,Urban,Major Collector,City or Municipal Highway Agency,This section IS NOT on the NHS,No Special Jurisdiction,Pedalcyclist,The First Harmful Event was Not a Collision with a Motor Vehicle in Transport,No,Intersection,Four-Way Intersection,On Roadway,,Daylight,Not Reported,No,Not Applicable,39.71479444,-105.0110167,DENVER (31),DENVER