ST_CASE,YEAR,FATALS,PEDS,PERNOTMVIT,VE_TOTAL,VE_FORMS,PVH_INVL,PERSONS,PERMVIT,STATENAME,MONTHNAME,DAYNAME,DAY_WEEKNAME,HOURNAME,MINUTENAME,ROUTENAME,RUR_URBNAME,FUNC_SYSNAME,RD_OWNERNAME,NHSNAME,SP_JURNAME,HARM_EVNAME,MAN_COLLNAME,RELJCT1NAME,RELJCT2NAME,TYP_INTNAME,REL_ROADNAME,WRK_ZONENAME,LGT_CONDNAME,WEATHERNAME,SCH_BUSNAME,RAILNAME,LATITUDE,LONGITUD,COUNTYNAME,CITYNAME
80457,2019,1,0,0,3,3,0,3,3,Colorado,October,24,Thursday,11:00am-11:59am,24,State Highway,Urban,Principal Arterial - Other,State Highway Agency,This section IS ON the NHS,No Special Jurisdiction,Motor Vehicle In-Transport,Angle,No,Intersection,Four-Way Intersection,On Roadway,,Daylight,Not Reported,No,Not Applicable,39.71785556,-104.9408056,DENVER (31),DENVER
80458,2019,1,1,1,1,1,0,2,2,Colorado,October,11,Friday,8:00pm-8:59pm,45,Local Street - Municipality,Urban,Minor Arterial,City or Municipal Highway Agency,This section IS NOT on the NHS,No Special Jurisdiction,Pedestrian,The First Harmful Event was Not a Collision with a Motor Vehicle in Transport,No,Non-Junction,Not an Intersection,On Roadway,,Dark - Not Lighted,Not Reported,No,Not Applicable,40.52363333,-105.0805833,LARIMER (69),FORT COLLINS
80459,2019,1,0,0,1,1,0,1,1,Colorado,October,6,Sunday,1:00am-1:59am,10,Local Street - Municipality,Urban,Minor Arterial,City or Municipal Highway Agency,This section IS NOT on the NHS,No Special Jurisdiction,Curb,The First Harmful Event was Not a Collision with a Motor Vehicle in Transport,No,Non-Junction,Not an Intersection,On Roadside,,Dark - Lighted,Not Reported,No,Not Applicable,38.25244444,-104.6067389,PUEBLO (101),PUEBLO
80460,2019,1,0,0,1,1,0,1,1,Colorado,September,12,Thursday,11:00am-11:59am,15,Local Street - Municipality,Urban,Local,City or Municipal Highway Agency,This section IS NOT on the NHS,No Special Jurisdiction,Curb,The First Harmful Event was Not a Collision with a Motor Vehicle in Transport,No,Intersection-Related,Four-Way Intersection,On Roadside,,Daylight,Not Reported,No,Not Applicable,39.49291667,-104.7649278,DOUGLAS (35),PARKER
80461,2019,1,0,0,2,1,1,2,2,Colorado,August,14,Wednesday,11:00pm-11:59pm,14,U.S. Highway,Urban,Principal Arterial - Other,State Highway Agency,This section IS ON the NHS,No Special Jurisdiction,Parked Motor Vehicle,The First Harmful Event was Not a Collision with a Motor Vehicle in Transport,No,Non-Junction,Not an Intersection,In Parking Lane/Zone,,Dark - Lighted,Not Reported,No,Not Applicable,39.74023611,-104.9295833,DENVER (31),DENVER
80462,2019,1,0,0,2,2,0,4,4,Colorado,November,1,Friday,11:00am-11:59am,0,State Highway,Rural,Major Collector,State Highway Agency,This section IS NOT on the NHS,No Special Jurisdiction,Motor Vehicle In-Transport,Angle,No,Intersection,Four-Way Intersection,On Roadway,,Daylight,Not Reported,No,Not Applicable,40.40847778,-103.0077222,WASHINGTON (121),NOT APPLICABLE
80463,2019,1,0,0,2,2,0,4,4,Colorado,November,2,Saturday,10:00am-10:59am,26,County Road,Urban,Major Collector,County Highway Agency,This section IS NOT on the NHS,No Special Jurisdiction,Motor Vehicle In-Transport,Angle,No,Intersection,Four-Way Intersection,On Roadway,,Daylight,Not Reported,No,Not Applicable,39.12075833,-108.6266972,MESA (77),NOT APPLICABLE
80464,2019,1,0,0,1,1,0,1,1,Colorado,November,3,Sunday,6:00pm-6:59pm,20,State Highway,Rural,Minor Arterial,State Highway Agency,This section IS NOT on the NHS,No Special Jurisdiction,Guardrail Face,The First Harmful Event was Not a Collision with a Motor Vehicle in Transport,No,Non-Junction,Not an Intersection,On Roadside,,Dark - Not Lighted,Not Reported,No,Not Applicable,38.86138611,-107.622825,DELTA (29),NOT APPLICABLE
80465,2019,1,0,0,1,1,0,1,1,Colorado,November,2,Saturday,4:00pm-4:59pm,42,County Road,Rural,Minor Collector,County Highway Agency,This section IS NOT on the NHS,No Special Jurisdiction,Embankment,The First Harmful Event was Not a Collision with a Motor Vehicle in Transport,No,Non-Junction,Not an Intersection,On Roadside,,Daylight,Not Reported,No,Not Applicable,37.61725278,-106.4333833,RIO GRANDE (105),NOT APPLICABLE
80466,2019,1,0,0,1,1,0,1,1,Colorado,November,6,Wednesday,2:00pm-2:59pm,0,County Road,Rural,Local,County Highway Agency,This section IS NOT on the NHS,No Special Jurisdiction,Rollover/Overturn,The First Harmful Event was Not a Collision with a Motor Vehicle in Transport,No,Intersection-Related,L-Intersection,On Roadside,,Daylight,Rain,No,Not Applicable,40.52388889,-103.9514056,MORGAN (87),NOT APPLICABLE
80467,2019,1,0,0,1,1,0,1,1,Colorado,November,6,Wednesday,10:00pm-10:59pm,9,Local Street - Municipality,Rural,Major Collector,City or Municipal Highway Agency,This section IS NOT on the NHS,No Special Jurisdiction,Fence,The First Harmful Event was Not a Collision with a Motor Vehicle in Transport,No,Non-Junction,Not an Intersection,Outside Trafficway,,Dark - Not Lighted,Not Reported,No,Not Applicable,37.49855,-105.8804222,ALAMOSA (3),ALAMOSA
80468,2019,1,0,0,1,1,0,1,1,Colorado,November,2,Saturday,7:00am-7:59am,47,Interstate,Urban,Interstate,State Highway Agency,This section IS ON the NHS,No Special Jurisdiction,Guardrail End,The First Harmful Event was Not a Collision with a Motor Vehicle in Transport,Yes,Other location within Interchange Area,Not an Intersection,On Median,,Daylight,Not Reported,No,Not Applicable,39.75815,-104.7691111,ADAMS (1),AURORA
80469,2019,1,0,0,1,1,0,1,1,Colorado,November,9,Saturday,10:00pm-10:59pm,15,County Road,Rural,Local,County Highway Agency,This section IS NOT on the NHS,No Special Jurisdiction,Rollover/Overturn,The First Harmful Event was Not a Collision with a Motor Vehicle in Transport,No,Non-Junction,Not an Intersection,On Roadside,,Dark - Not Lighted,Not Reported,No,Not Applicable,40.11674444,-104.7142639,WELD (123),NOT APPLICABLE
80470,2019,1,0,0,1,1,0,4,4,Colorado,November,9,Saturday,9:00pm-9:59pm,15,County Road,Rural,Local,County Highway Agency,This section IS NOT on the NHS,No Special Jurisdiction,Fence,The First Harmful Event was Not a Collision with a Motor Vehicle in Transport,No,Non-Junction,Not an Intersection,Outside Trafficway,,Dark - Not Lighted,Not Reported,No,Not Applicable,38.712,-107.94905,DELTA (29),NOT APPLICABLE
80471,2019,1,0,0,1,1,0,1,1,Colorado,November,9,Saturday,9:00pm-9:59pm,31,Local Street - Municipality,Urban,Major Collector,City or Municipal Highway Agency,This section IS NOT on the NHS,No Special Jurisdiction,Curb,The First Harmful Event was Not a Collision with a Motor Vehicle in Transport,No,Non-Junction,Not an Intersection,On Roadside,,Dark - Lighted,Not Reported,No,Not Applicable,39.94333889,-105.0753889,BROOMFIELD (14),BROOMFIELD
80472,2019,1,0,0,1,1,0,1,1,Colorado,November,10,Sunday,1:00am-1:59am,16,State Highway,Rural,Major Collector,State Highway Agency,This section IS NOT on the NHS,No Special Jurisdiction,Traffic Sign Support,The First Harmful Event was Not a Collision with a Motor Vehicle in Transport,No,Intersection-Related,T-Intersection,Gore,,Dark - Not Lighted,Not Reported,No,Not Applicable,40.47935,-104.4993333,WELD (123),NOT APPLICABLE
80473,2019,1,1,1,1,1,0,1,1,Colorado,November,5,Tuesday,8:00am-8:59am,40,Local Street - Municipality,Urban,Local,City or Municipal Highway Agency,This section IS NOT on the NHS,No Special Jurisdiction,Pedestrian,The First Harmful Event was Not a Collision with a Motor Vehicle in Transport,No,Intersection-Related,Four-Way Intersection,On Roadway,,Dark - Not Lighted,Not Reported,No,Not Applicable,40.53265556,-105.0886222,LARIMER (69),FORT COLLINS
80474,2019,1,0,0,2,2,0,3,3,Colorado,November,10,Sunday,7:00am-7:59am,31,U.S. Highway,Rural,Principal Arterial - Other,State Highway Agency,This section IS ON the NHS,No Special Jurisdiction,Motor Vehicle In-Transport,Front-to-Front,No,Non-Junction,Not an Intersection,On Roadway,,Daylight,Not Reported,No,Not Applicable,37.2673,-108.6365944,MONTEZUMA (83),NOT APPLICABLE
80475,2019,1,0,0,2,2,0,3,3,Colorado,November,10,Sunday,9:00am-9:59am,30,County Road,Urban,Minor Arterial,County Highway Agency,This section IS NOT on the NHS,No Special Jurisdiction,Motor Vehicle In-Transport,Front-to-Front,No,Non-Junction,Not an Intersection,On Roadway,,Daylight,Not Reported,No,Not Applicable,40.62554167,-105.116375,LARIMER (69),NOT APPLICABLE
80476,2019,1,0,0,2,2,0,2,2,Colorado,November,10,Sunday,10:00pm-10:59pm,35,State Highway,Urban,Minor Arterial,State Highway Agency,This section IS NOT on the NHS,No Special Jurisdiction,Motor Vehicle In-Transport,Angle,No,Intersection-Related,Four-Way Intersection,On Roadway,,Dark - Lighted,Rain,No,Not Applicable,39.63840278,-104.7164,ARAPAHOE (5),NOT APPLICABLE
80477,2019,1,0,0,1,1,0,2,2,Colorado,November,11,Monday,6:00am-6:59am,0,State Highway,Rural,Minor Arterial,State Highway Agency,This section IS NOT on the NHS,No Special Jurisdiction,"Post, Pole or Other Supports",The First Harmful Event was Not a Collision with a Motor Vehicle in Transport,No,Non-Junction,Not an Intersection,On Roadside,,Dark - Not Lighted,Snow,No,Not Applicable,38.2576,-104.9317556,PUEBLO (101),NOT APPLICABLE
80478,2019,1,2,2,3,3,0,4,4,Colorado,November,8,Friday,5:00pm-5:59pm,28,Local Street - Municipality,Urban,Minor Arterial,City or Municipal Highway Agency,This section IS NOT on the NHS,No Special Jurisdiction,Motor Vehicle In-Transport,Front-to-Rear,No,Non-Junction,Not an Intersection,On Roadway,,Dark - Lighted,Not Reported,No,Not Applicable,39.95354444,-104.9966472,ADAMS (1),WESTMINSTER
80479,2019,1,1,1,1,1,0,1,1,Colorado,November,8,Friday,6:00pm-6:59pm,49,U.S. Highway,Urban,Principal Arterial - Other Freeways and Expressways,State Highway Agency,This section IS ON the NHS,No Special Jurisdiction,Pedestrian,The First Harmful Event was Not a Collision with a Motor Vehicle in Transport,Yes,Through Roadway,Not an Intersection,On Roadway,,Dark - Lighted,Not Reported,No,Not Applicable,39.72566111,-105.0800833,JEFFERSON (59),LAKEWOOD
80480,2019,1,1,1,1,1,0,3,3,Colorado,November,16,Saturday,1:00am-1:59am,9,State Highway,Urban,Principal Arterial - Other,State Highway Agency,This section IS ON the NHS,No Special Jurisdiction,Pedestrian,The First Harmful Event was Not a Collision with a Motor Vehicle in Transport,No,Non-Junction,Not an Intersection,On Roadway,,Dark - Lighted,Not Reported,No,Not Applicable,39.74461667,-105.0531583,DENVER (31),DENVER
80481,2019,1,1,1,1,1,0,1,1,Colorado,November,4,Monday,5:00pm-5:59pm,12,U.S. Highway,Urban,Principal Arterial - Other,State Highway Agency,This section IS ON the NHS,No Special Jurisdiction,Pedalcyclist,The First Harmful Event was Not a Collision with a Motor Vehicle in Transport,No,Non-Junction,Not an Intersection,On Roadway,,Dark - Lighted,Not Reported,No,Not Applicable,40.17712222,-105.102375,BOULDER (13),LONGMONT
80482,2019,1,0,0,2,2,0,6,6,Colorado,November,10,Sunday,0:00am-0:59am,53,State Highway,Urban,Principal Arterial - Other,State Highway Agency,This section IS ON the NHS,No Special Jurisdiction,Motor Vehicle In-Transport,Angle,No,Intersection,Four-Way Intersection,On Roadway,,Dark - Lighted,Not Reported,No,Not Applicable,39.68947222,-105.0814,JEFFERSON (59),LAKEWOOD
80483,2019,1,0,0,1,1,0,1,1,Colorado,November,10,Sunday,8:00pm-8:59pm,50,U.S. Highway,Urban,Principal Arterial - Other Freeways and Expressways,State Highway Agency,This section IS ON the NHS,No Special Jurisdiction,Concrete Traffic Barrier,The First Harmful Event was Not a Collision with a Motor Vehicle in Transport,No,Non-Junction,Not an Intersection,On Median,,Dark - Not Lighted,Not Reported,No,Not Applicable,39.90106667,-105.0812194,BROOMFIELD (14),BROOMFIELD
80484,2019,1,0,0,2,2,0,3,3,Colorado,November,15,Friday,8:00pm-8:59pm,39,U.S. Highway,Urban,Principal Arterial - Other,State Highway Agency,This section IS ON the NHS,No Special Jurisdiction,Motor Vehicle In-Transport,Front-to-Front,No,Non-Junction,Not an Intersection,On Roadway,,Dark - Not Lighted,Not Reported,No,Not Applicable,39.42512778,-104.9011833,DOUGLAS (35),NOT APPLICABLE
80485,2019,1,0,0,1,1,0,1,1,Colorado,November,16,Saturday,11:00pm-11:59pm,20,U.S. Highway,Rural,Principal Arterial - Other,State Highway Agency,This section IS ON the NHS,No Special Jurisdiction,"Post, Pole or Other Supports",The First Harmful Event was Not a Collision with a Motor Vehicle in Transport,No,Non-Junction,Not an Intersection,On Roadside,,Dark - Not Lighted,Not Reported,No,Not Applicable,40.16041667,-103.2588194,WASHINGTON (121),NOT APPLICABLE
80486,2019,3,0,0,3,3,0,6,6,Colorado,November,17,Sunday,3:00pm-3:59pm,7,County Road,Urban,Principal Arterial - Other,County Highway Agency,This section IS ON the NHS,No Special Jurisdiction,Motor Vehicle In-Transport,Angle,No,Intersection,Four-Way Intersection,On Roadway,,Daylight,Not Reported,No,Not Applicable,38.8382,-104.6828194,EL PASO (41),NOT APPLICABLE
80487,2019,2,0,0,1,1,0,2,2,Colorado,November,11,Monday,8:00pm-8:59pm,46,Local Street - Municipality,Urban,Minor Arterial,City or Municipal Highway Agency,This section IS NOT on the NHS,No Special Jurisdiction,Curb,The First Harmful Event was Not a Collision with a Motor Vehicle in Transport,No,Non-Junction,Not an Intersection,On Roadside,,Dark - Lighted,Not Reported,No,Not Applicable,40.00010556,-105.1070083,BOULDER (13),LAFAYETTE
80488,2019,1,0,0,1,1,0,1,1,Colorado,November,19,Tuesday,6:00pm-6:59pm,19,County Road,Urban,Principal Arterial - Other,County Highway Agency,This section IS ON the NHS,No Special Jurisdiction,Curb,The First Harmful Event was Not a Collision with a Motor Vehicle in Transport,No,Non-Junction,Not an Intersection,On Median,,Dark - Not Lighted,Not Reported,No,Not Applicable,38.85073333,-104.6814167,EL PASO (41),NOT APPLICABLE
80489,2019,1,0,0,2,2,0,2,2,Colorado,November,5,Tuesday,8:00pm-8:59pm,20,State Highway,Urban,Principal Arterial - Other,State Highway Agency,This section IS ON the NHS,No Special Jurisdiction,Motor Vehicle In-Transport,Angle,No,Intersection,Four-Way Intersection,On Roadway,,Dark - Lighted,Not Reported,No,Not Applicable,39.06539167,-108.5660611,MESA (77),GRAND JUNCTION
80490,2019,1,0,0,2,2,0,3,3,Colorado,November,2,Saturday,9:00pm-9:59pm,22,Local Street - Municipality,Urban,Minor Arterial,City or Municipal Highway Agency,This section IS NOT on the NHS,No Special Jurisdiction,Motor Vehicle In-Transport,Angle,No,Intersection,Four-Way Intersection,On Roadway,,Daylight,Not Reported,No,Not Applicable,38.27898333,-104.6117111,PUEBLO (101),PUEBLO
80491,2019,1,1,1,1,1,0,1,1,Colorado,November,8,Friday,5:00pm-5:59pm,26,Local Street - Municipality,Urban,Minor Arterial,City or Municipal Highway Agency,This section IS NOT on the NHS,No Special Jurisdiction,Pedestrian,The First Harmful Event was Not a Collision with a Motor Vehicle in Transport,No,Non-Junction,Not an Intersection,On Roadway,,Dark - Lighted,Not Reported,No,Not Applicable,38.249325,-104.6438167,PUEBLO (101),PUEBLO
80492,2019,1,1,1,1,1,0,1,1,Colorado,November,15,Friday,2:00pm-2:59pm,23,Local Street - Municipality,Urban,Local,City or Municipal Highway Agency,This section IS NOT on the NHS,No Special Jurisdiction,Pedalcyclist,The First Harmful Event was Not a Collision with a Motor Vehicle in Transport,No,Non-Junction,Not an Intersection,On Roadway,,Daylight,Not Reported,No,Not Applicable,38.88365556,-104.82265,EL PASO (41),COLORADO SPRINGS
80493,2019,1,0,0,1,1,0,2,2,Colorado,November,20,Wednesday,7:00pm-7:59pm,30,U.S. Highway,Rural,Principal Arterial - Other,State Highway Agency,This section IS ON the NHS,No Special Jurisdiction,"Post, Pole or Other Supports",The First Harmful Event was Not a Collision with a Motor Vehicle in Transport,No,Non-Junction,Not an Intersection,On Roadside,,Dark - Not Lighted,Not Reported,No,Not Applicable,38.90430556,-105.9883333,CHAFFEE (15),NOT APPLICABLE
80494,2019,1,0,0,4,4,0,6,6,Colorado,November,26,Tuesday,4:00am-4:59am,30,Interstate,Urban,Interstate,State Highway Agency,This section IS ON the NHS,No Special Jurisdiction,Guardrail Face,The First Harmful Event was Not a Collision with a Motor Vehicle in Transport,No,Non-Junction,Not an Intersection,On Median,,Dark - Not Lighted,Snow,No,Not Applicable,39.61623056,-106.46,EAGLE (37),NOT APPLICABLE
80495,2019,1,0,0,2,2,0,3,3,Colorado,November,21,Thursday,6:00am-6:59am,59,County Road,Rural,Major Collector,County Highway Agency,This section IS NOT on the NHS,No Special Jurisdiction,Motor Vehicle In-Transport,Front-to-Front,No,Non-Junction,Not an Intersection,On Roadway,,Daylight,Not Reported,No,Not Applicable,40.75222222,-105.3673056,LARIMER (69),NOT APPLICABLE
80496,2019,1,0,0,2,2,0,2,2,Colorado,November,21,Thursday,8:00am-8:59am,26,U.S. Highway,Urban,Minor Arterial,State Highway Agency,This section IS NOT on the NHS,No Special Jurisdiction,Motor Vehicle In-Transport,Front-to-Front,No,Non-Junction,Not an Intersection,On Roadway,,Daylight,Not Reported,No,Not Applicable,39.602275,-105.9902083,SUMMIT (117),NOT APPLICABLE
80497,2019,1,1,1,1,1,0,1,1,Colorado,November,21,Thursday,12:00pm-12:59pm,7,U.S. Highway,Urban,Principal Arterial - Other,State Highway Agency,This section IS ON the NHS,No Special Jurisdiction,Pedestrian,The First Harmful Event was Not a Collision with a Motor Vehicle in Transport,No,Intersection-Related,Four-Way Intersection,On Roadway,,Daylight,Not Reported,No,Not Applicable,39.74021111,-104.8659556,ADAMS (1),AURORA
80498,2019,1,0,0,2,2,0,3,3,Colorado,November,25,Monday,6:00pm-6:59pm,20,State Highway,Rural,Principal Arterial - Other,State Highway Agency,This section IS ON the NHS,No Special Jurisdiction,Motor Vehicle In-Transport,Angle,No,Intersection,Four-Way Intersection,On Roadway,,Dark - Not Lighted,Not Reported,No,Not Applicable,37.99930556,-105.9085389,SAGUACHE (109),MOFFAT
80499,2019,1,0,0,2,2,0,2,2,Colorado,November,27,Wednesday,11:00am-11:59am,10,U.S. Highway,Rural,Principal Arterial - Other Freeways and Expressways,State Highway Agency,This section IS ON the NHS,No Special Jurisdiction,Motor Vehicle In-Transport,Front-to-Front,No,Non-Junction,Not an Intersection,On Roadway,,Daylight,Not Reported,No,Not Applicable,40.24017222,-105.1027,BOULDER (13),NOT APPLICABLE
80500,2019,1,0,0,1,1,0,1,1,Colorado,November,16,Saturday,1:00pm-1:59pm,12,Local Street - Township,Rural,Local,Town or Township Highway Agency,This section IS NOT on the NHS,No Special Jurisdiction,Rollover/Overturn,The First Harmful Event was Not a Collision with a Motor Vehicle in Transport,No,Non-Junction,Not an Intersection,On Roadside,,Daylight,Not Reported,No,Not Applicable,37.94480556,-104.8653611,PUEBLO (101),COLORADO CITY
80501,2019,1,1,1,1,1,0,1,1,Colorado,November,13,Wednesday,7:00pm-7:59pm,48,Local Street - Municipality,Urban,Principal Arterial - Other,City or Municipal Highway Agency,This section IS ON the NHS,No Special Jurisdiction,Pedestrian,The First Harmful Event was Not a Collision with a Motor Vehicle in Transport,No,Non-Junction,Not an Intersection,On Roadway,,Dark - Lighted,Not Reported,No,Not Applicable,38.81687222,-104.8224778,EL PASO (41),COLORADO SPRINGS
80502,2019,1,1,1,1,1,0,1,1,Colorado,November,16,Saturday,10:00pm-10:59pm,16,Local Street - Municipality,Urban,Principal Arterial - Other Freeways and Expressways,City or Municipal Highway Agency,This section IS ON the NHS,No Special Jurisdiction,Pedestrian,The First Harmful Event was Not a Collision with a Motor Vehicle in Transport,No,Non-Junction,Not an Intersection,On Roadway,,Dark - Lighted,Not Reported,No,Not Applicable,38.83954722,-104.7318333,EL PASO (41),COLORADO SPRINGS
80503,2019,1,1,1,3,3,0,3,3,Colorado,November,11,Monday,9:00pm-9:59pm,31,Interstate,Urban,Interstate,State Highway Agency,This section IS ON the NHS,No Special Jurisdiction,Pedestrian,The First Harmful Event was Not a Collision with a Motor Vehicle in Transport,Yes,Through Roadway,Not an Intersection,On Roadway,,Dark - Lighted,Not Reported,No,Not Applicable,39.69629444,-104.829425,ARAPAHOE (5),AURORA
80504,2019,1,0,0,1,1,0,1,1,Colorado,November,23,Saturday,11:00pm-11:59pm,13,Interstate,Rural,Interstate,State Highway Agency,This section IS ON the NHS,No Special Jurisdiction,Guardrail Face,The First Harmful Event was Not a Collision with a Motor Vehicle in Transport,No,Non-Junction,Not an Intersection,On Roadside,,Dark - Not Lighted,Not Reported,No,Not Applicable,39.21916667,-108.2563889,MESA (77),NOT APPLICABLE
80505,2019,1,0,0,2,2,0,1,1,Colorado,November,19,Tuesday,10:00pm-10:59pm,35,Interstate,Urban,Interstate,State Highway Agency,This section IS ON the NHS,No Special Jurisdiction,Motor Vehicle In-Transport,Front-to-Rear,Yes,Through Roadway,Not an Intersection,On Roadway,,Dark - Lighted,Not Reported,No,Not Applicable,39.76006111,-104.8278056,ADAMS (1),AURORA
80506,2019,1,0,0,1,1,0,1,1,Colorado,November,1,Friday,4:00pm-4:59pm,30,State Highway,Rural,Minor Arterial,State Highway Agency,This section IS NOT on the NHS,No Special Jurisdiction,Traffic Sign Support,The First Harmful Event was Not a Collision with a Motor Vehicle in Transport,No,Non-Junction,Not an Intersection,On Roadside,,Daylight,Not Reported,No,Not Applicable,40.17801667,-109.0073611,RIO BLANCO (103),NOT APPLICABLE
80507,2019,1,0,0,1,1,0,3,3,Colorado,November,17,Sunday,1:00pm-1:59pm,25,Local Street - Municipality,Urban,Local,City or Municipal Highway Agency,This section IS NOT on the NHS,No Special Jurisdiction,Boulder,The First Harmful Event was Not a Collision with a Motor Vehicle in Transport,No,Non-Junction,Not an Intersection,On Median,,Daylight,Not Reported,No,Not Applicable,38.45359722,-107.842825,MONTROSE (85),MONTROSE
80508,2019,1,1,1,1,1,0,3,3,Colorado,November,28,Thursday,5:00pm-5:59pm,36,State Highway,Urban,Principal Arterial - Other,State Highway Agency,This section IS ON the NHS,No Special Jurisdiction,Pedestrian,The First Harmful Event was Not a Collision with a Motor Vehicle in Transport,No,Non-Junction,Not an Intersection,On Roadway,,Dark - Lighted,Not Reported,No,Not Applicable,38.23361111,-104.6624444,PUEBLO (101),PUEBLO
80509,2019,1,0,0,1,1,0,2,2,Colorado,November,24,Sunday,11:00pm-11:59pm,40,Local Street - Municipality,Trafficway Not in State Inventory,Trafficway Not in State Inventory,Trafficway Not in State Inventory,This section IS NOT on the NHS,No Special Jurisdiction,Concrete Traffic Barrier,The First Harmful Event was Not a Collision with a Motor Vehicle in Transport,No,Non-Junction,Not an Intersection,On Roadside,,Dark - Not Lighted,Not Reported,No,Not Applicable,39.76936111,-104.8768278,DENVER (31),DENVER
80510,2019,1,1,1,1,1,0,1,1,Colorado,November,18,Monday,4:00pm-4:59pm,57,Local Street - Municipality,Urban,Principal Arterial - Other,City or Municipal Highway Agency,This section IS ON the NHS,No Special Jurisdiction,Pedestrian,The First Harmful Event was Not a Collision with a Motor Vehicle in Transport,No,Non-Junction,Not an Intersection,On Roadway,,Dusk,Not Reported,No,Not Applicable,39.67851667,-104.9183722,DENVER (31),DENVER
80511,2019,1,0,0,1,1,0,2,2,Colorado,February,6,Wednesday,11:00am-11:59am,55,Local Street - Municipality,Urban,Minor Arterial,City or Municipal Highway Agency,This section IS NOT on the NHS,No Special Jurisdiction,Curb,The First Harmful Event was Not a Collision with a Motor Vehicle in Transport,No,Non-Junction,Not an Intersection,On Roadside,,Daylight,Cloudy,No,Not Applicable,39.68563889,-104.9733778,DENVER (31),DENVER
80512,2019,1,1,1,1,1,0,1,1,Colorado,December,2,Monday,5:00pm-5:59pm,24,State Highway,Urban,Principal Arterial - Other,State Highway Agency,This section IS ON the NHS,No Special Jurisdiction,Pedestrian,The First Harmful Event was Not a Collision with a Motor Vehicle in Transport,No,Non-Junction,Not an Intersection,On Roadway,,Dark - Not Lighted,Not Reported,No,Not Applicable,40.01468889,-105.1400444,BOULDER (13),NOT APPLICABLE
80513,2019,1,1,1,1,1,0,1,1,Colorado,December,4,Wednesday,3:00am-3:59am,58,Local Street - Municipality,Urban,Principal Arterial - Other,City or Municipal Highway Agency,This section IS ON the NHS,No Special Jurisdiction,Pedestrian,The First Harmful Event was Not a Collision with a Motor Vehicle in Transport,No,Non-Junction,Not an Intersection,On Roadway,,Dark - Lighted,Not Reported,No,Not Applicable,39.86368056,-105.0675556,JEFFERSON (59),WESTMINSTER
80514,2019,2,0,0,2,2,0,2,2,Colorado,December,4,Wednesday,6:00am-6:59am,10,State Highway,Rural,Principal Arterial - Other,State Highway Agency,This section IS ON the NHS,No Special Jurisdiction,Motor Vehicle In-Transport,Front-to-Front,No,Non-Junction,Not an Intersection,On Roadway,,Dark - Not Lighted,Not Reported,No,Not Applicable,40.20418333,-104.9069306,WELD (123),NOT APPLICABLE
80515,2019,1,1,1,3,3,0,3,3,Colorado,December,4,Wednesday,5:00pm-5:59pm,41,Local Street - Municipality,Urban,Minor Arterial,City or Municipal Highway Agency,This section IS NOT on the NHS,No Special Jurisdiction,Pedestrian,The First Harmful Event was Not a Collision with a Motor Vehicle in Transport,No,Non-Junction,Not an Intersection,On Roadway,,Dark - Not Lighted,Not Reported,No,Not Applicable,39.75331667,-104.7667944,ADAMS (1),AURORA
80516,2019,1,0,0,1,1,0,1,1,Colorado,December,5,Thursday,10:00am-10:59am,23,State Highway,Rural,Minor Arterial,State Highway Agency,This section IS NOT on the NHS,No Special Jurisdiction,Embankment,The First Harmful Event was Not a Collision with a Motor Vehicle in Transport,No,Non-Junction,Not an Intersection,On Roadside,,Daylight,Not Reported,No,Not Applicable,37.03729444,-105.5216667,COSTILLA (23),NOT APPLICABLE
80517,2019,1,0,0,6,6,0,6,6,Colorado,December,4,Wednesday,2:00pm-2:59pm,55,Interstate,Urban,Interstate,State Highway Agency,This section IS ON the NHS,No Special Jurisdiction,Motor Vehicle In-Transport,Front-to-Rear,No,Non-Junction,Not an Intersection,On Roadway,,Daylight,Not Reported,No,Not Applicable,39.90513889,-104.8320278,ADAMS (1),NOT APPLICABLE
80518,2019,1,0,0,1,1,0,1,1,Colorado,December,7,Saturday,5:00am-5:59am,29,Local Street - Municipality,Urban,Principal Arterial - Other,City or Municipal Highway Agency,This section IS ON the NHS,No Special Jurisdiction,Curb,The First Harmful Event was Not a Collision with a Motor Vehicle in Transport,No,Non-Junction,Not an Intersection,On Roadside,,Dark - Not Lighted,Not Reported,No,Not Applicable,39.82691667,-105.1611333,JEFFERSON (59),ARVADA
80519,2019,1,0,0,1,1,0,1,1,Colorado,December,7,Saturday,3:00am-3:59am,26,Local Street - Municipality,Urban,Local,City or Municipal Highway Agency,This section IS NOT on the NHS,No Special Jurisdiction,Curb,The First Harmful Event was Not a Collision with a Motor Vehicle in Transport,No,Non-Junction,Not an Intersection,On Median,,Dark - Lighted,Not Reported,No,Not Applicable,39.76920833,-104.7613056,ADAMS (1),AURORA