ST_CASE,YEAR,FATALS,PEDS,PERNOTMVIT,VE_TOTAL,VE_FORMS,PVH_INVL,PERSONS,PERMVIT,STATENAME,MONTHNAME,DAYNAME,DAY_WEEKNAME,HOURNAME,MINUTENAME,ROUTENAME,RUR_URBNAME,FUNC_SYSNAME,RD_OWNERNAME,NHSNAME,SP_JURNAME,HARM_EVNAME,MAN_COLLNAME,RELJCT1NAME,RELJCT2NAME,TYP_INTNAME,REL_ROADNAME,WRK_ZONENAME,LGT_CONDNAME,WEATHERNAME,SCH_BUSNAME,RAILNAME,LATITUDE,LONGITUD,COUNTYNAME,CITYNAME
80520,2019,1,0,0,2,2,0,2,2,Colorado,December,9,Monday,6:00am-6:59am,47,Local Street - Municipality,Urban,Minor Arterial,City or Municipal Highway Agency,This section IS NOT on the NHS,No Special Jurisdiction,Motor Vehicle In-Transport,Front-to-Front,No,Non-Junction,Not an Intersection,On Roadway,,Dawn,Not Reported,No,Not Applicable,39.98087778,-105.0201667,BROOMFIELD (14),BROOMFIELD
80521,2019,1,1,1,1,1,0,0,0,Colorado,December,11,Wednesday,5:00pm-5:59pm,45,County Road,Rural,Local,County Highway Agency,This section IS NOT on the NHS,No Special Jurisdiction,Pedestrian,The First Harmful Event was Not a Collision with a Motor Vehicle in Transport,No,Non-Junction,Not an Intersection,On Roadway,,Dark - Not Lighted,Not Reported,No,Not Applicable,40.12916667,-106.4955833,GRAND (49),NOT APPLICABLE
80522,2019,1,0,0,1,1,0,3,3,Colorado,December,14,Saturday,3:00pm-3:59pm,13,State Highway,Rural,Principal Arterial - Other,State Highway Agency,This section IS ON the NHS,No Special Jurisdiction,Rollover/Overturn,The First Harmful Event was Not a Collision with a Motor Vehicle in Transport,No,Non-Junction,Not an Intersection,On Roadside,,Daylight,Snow,No,Not Applicable,40.91844444,-103.68865,WELD (123),NOT APPLICABLE
80523,2019,1,0,0,1,1,0,1,1,Colorado,December,14,Saturday,2:00am-2:59am,26,Local Street - Municipality,Urban,Minor Arterial,City or Municipal Highway Agency,This section IS NOT on the NHS,No Special Jurisdiction,Wall,The First Harmful Event was Not a Collision with a Motor Vehicle in Transport,Yes,Intersection-Related,Four-Way Intersection,On Roadside,,Dark - Lighted,Not Reported,No,Not Applicable,39.85738889,-104.9117833,ADAMS (1),COMMERCE CITY
80524,2019,1,0,0,1,1,0,1,1,Colorado,December,12,Thursday,1:00pm-1:59pm,40,Interstate,Rural,Interstate,State Highway Agency,This section IS ON the NHS,No Special Jurisdiction,Guardrail Face,The First Harmful Event was Not a Collision with a Motor Vehicle in Transport,No,Non-Junction,Not an Intersection,On Median,,Daylight,Not Reported,No,Not Applicable,39.66737778,-104.0909944,ARAPAHOE (5),NOT APPLICABLE
80525,2019,1,0,0,1,1,0,1,1,Colorado,December,12,Thursday,4:00pm-4:59pm,44,County Road,Rural,Minor Collector,County Highway Agency,This section IS NOT on the NHS,No Special Jurisdiction,Rollover/Overturn,The First Harmful Event was Not a Collision with a Motor Vehicle in Transport,No,Non-Junction,Not an Intersection,On Roadway,,Dark - Not Lighted,Not Reported,No,Not Applicable,40.52277778,-102.1674833,PHILLIPS (95),NOT APPLICABLE
80526,2019,1,0,0,2,2,0,3,3,Colorado,December,16,Monday,3:00pm-3:59pm,20,Local Street - Municipality,Urban,Local,City or Municipal Highway Agency,This section IS NOT on the NHS,No Special Jurisdiction,Motor Vehicle In-Transport,Angle,No,Intersection,Four-Way Intersection,On Roadway,,Daylight,Not Reported,No,Not Applicable,39.72281389,-104.6973667,ARAPAHOE (5),AURORA
80527,2019,1,0,0,1,1,0,1,1,Colorado,December,17,Tuesday,7:00am-7:59am,16,County Road,Rural,Major Collector,County Highway Agency,This section IS NOT on the NHS,No Special Jurisdiction,Rollover/Overturn,The First Harmful Event was Not a Collision with a Motor Vehicle in Transport,No,Non-Junction,Not an Intersection,On Roadside,,Daylight,Not Reported,No,Not Applicable,40.10991667,-105.3731389,BOULDER (13),NOT APPLICABLE
80528,2019,1,1,1,1,1,0,1,1,Colorado,December,17,Tuesday,4:00pm-4:59pm,55,U.S. Highway,Urban,Principal Arterial - Other,State Highway Agency,This section IS ON the NHS,No Special Jurisdiction,Pedestrian,The First Harmful Event was Not a Collision with a Motor Vehicle in Transport,No,Intersection-Related,Four-Way Intersection,On Roadway,,Dark - Not Lighted,Not Reported,No,Not Applicable,39.740325,-105.0520139,DENVER (31),DENVER
80529,2019,1,0,0,1,1,0,2,2,Colorado,December,18,Wednesday,2:00am-2:59am,5,County Road,Rural,Local,County Highway Agency,This section IS NOT on the NHS,No Special Jurisdiction,Traffic Sign Support,The First Harmful Event was Not a Collision with a Motor Vehicle in Transport,No,Intersection-Related,T-Intersection,On Roadside,,Dark - Not Lighted,Not Reported,No,Not Applicable,40.21893333,-103.6227861,MORGAN (87),NOT APPLICABLE
80530,2019,1,0,0,2,2,0,2,2,Colorado,December,20,Friday,1:00pm-1:59pm,0,U.S. Highway,Rural,Minor Arterial,State Highway Agency,This section IS NOT on the NHS,No Special Jurisdiction,Jackknife (harmful to this vehicle),The First Harmful Event was Not a Collision with a Motor Vehicle in Transport,No,Non-Junction,Not an Intersection,On Roadway,,Daylight,Not Reported,No,Not Applicable,39.74722222,-105.3997722,CLEAR CREEK (19),NOT APPLICABLE
80531,2019,1,0,0,2,2,0,4,4,Colorado,December,20,Friday,6:00pm-6:59pm,30,U.S. Highway,Rural,Principal Arterial - Other,State Highway Agency,This section IS ON the NHS,No Special Jurisdiction,Motor Vehicle In-Transport,Front-to-Front,No,Non-Junction,Not an Intersection,On Roadway,,Dark - Not Lighted,Not Reported,No,Not Applicable,39.26375,-105.9573611,PARK (93),NOT APPLICABLE
80532,2019,1,0,0,4,4,0,9,9,Colorado,December,21,Saturday,5:00am-5:59am,6,U.S. Highway,Urban,Principal Arterial - Other Freeways and Expressways,State Highway Agency,This section IS ON the NHS,No Special Jurisdiction,Motor Vehicle In-Transport,Sideswipe - Opposite Direction,No,Non-Junction,Not an Intersection,On Roadway,,Dark - Lighted,Not Reported,No,Not Applicable,39.91045556,-104.8602361,ADAMS (1),COMMERCE CITY
80533,2019,1,1,1,1,1,0,1,1,Colorado,December,22,Sunday,0:00am-0:59am,49,U.S. Highway,Urban,Principal Arterial - Other,State Highway Agency,This section IS ON the NHS,No Special Jurisdiction,Pedestrian,The First Harmful Event was Not a Collision with a Motor Vehicle in Transport,No,Non-Junction,Not an Intersection,On Roadway,,Dark - Lighted,Not Reported,No,Not Applicable,39.74026667,-104.8009167,ADAMS (1),AURORA
80534,2019,1,0,0,2,2,0,3,3,Colorado,December,22,Sunday,4:00am-4:59am,20,Interstate,Urban,Interstate,State Highway Agency,This section IS ON the NHS,No Special Jurisdiction,Motor Vehicle In-Transport,Front-to-Front,No,Non-Junction,Not an Intersection,On Roadway,,Dark - Not Lighted,Not Reported,No,Not Applicable,40.11711944,-104.9798194,WELD (123),NOT APPLICABLE
80535,2019,1,1,1,1,1,0,1,1,Colorado,December,21,Saturday,6:00pm-6:59pm,54,U.S. Highway,Urban,Principal Arterial - Other,State Highway Agency,This section IS ON the NHS,No Special Jurisdiction,Pedestrian,The First Harmful Event was Not a Collision with a Motor Vehicle in Transport,No,Non-Junction,Not an Intersection,On Roadway,,Dark - Lighted,Not Reported,No,Not Applicable,39.74026667,-105.0557778,JEFFERSON (59),LAKEWOOD
80536,2019,2,0,0,2,2,0,3,3,Colorado,December,24,Tuesday,6:00pm-6:59pm,38,State Highway,Urban,Principal Arterial - Other,State Highway Agency,This section IS ON the NHS,No Special Jurisdiction,Motor Vehicle In-Transport,Angle,No,Intersection,Four-Way Intersection,On Roadway,,Dark - Lighted,Not Reported,No,Not Applicable,39.68216111,-105.0813528,JEFFERSON (59),LAKEWOOD
80537,2019,1,0,0,1,1,0,1,1,Colorado,December,26,Thursday,3:00pm-3:59pm,33,County Road,Rural,Local,County Highway Agency,This section IS NOT on the NHS,No Special Jurisdiction,Fence,The First Harmful Event was Not a Collision with a Motor Vehicle in Transport,No,Non-Junction,Not an Intersection,Outside Trafficway,,Daylight,Not Reported,No,Not Applicable,39.42381944,-104.7287083,DOUGLAS (35),NOT APPLICABLE
80538,2019,1,0,0,2,2,0,2,2,Colorado,December,31,Tuesday,12:00pm-12:59pm,48,U.S. Highway,Rural,Principal Arterial - Other,State Highway Agency,This section IS ON the NHS,No Special Jurisdiction,Motor Vehicle In-Transport,Angle,No,Non-Junction,Not an Intersection,On Shoulder,,Daylight,Not Reported,No,Not Applicable,37.281125,-108.6283472,MONTEZUMA (83),NOT APPLICABLE
80539,2019,1,0,0,1,1,0,1,1,Colorado,December,31,Tuesday,3:00pm-3:59pm,30,Interstate,Rural,Interstate,State Highway Agency,This section IS ON the NHS,No Special Jurisdiction,Rollover/Overturn,The First Harmful Event was Not a Collision with a Motor Vehicle in Transport,No,Non-Junction,Not an Intersection,On Roadside,,Daylight,Not Reported,No,Not Applicable,40.24208333,-103.93775,MORGAN (87),NOT APPLICABLE
80540,2019,1,0,0,1,1,0,1,1,Colorado,December,21,Saturday,2:00am-2:59am,44,Local Street - Municipality,Urban,Local,City or Municipal Highway Agency,This section IS NOT on the NHS,No Special Jurisdiction,Utility Pole/Light Support,The First Harmful Event was Not a Collision with a Motor Vehicle in Transport,Yes,Entrance/Exit Ramp Related,Not an Intersection,Gore,,Dark - Lighted,Not Reported,No,Not Applicable,38.80090556,-104.7809611,EL PASO (41),COLORADO SPRINGS
80541,2019,1,0,0,1,1,0,1,1,Colorado,December,30,Monday,4:00am-4:59am,37,U.S. Highway,Urban,Principal Arterial - Other,State Highway Agency,This section IS ON the NHS,No Special Jurisdiction,Concrete Traffic Barrier,The First Harmful Event was Not a Collision with a Motor Vehicle in Transport,No,Non-Junction,Not an Intersection,On Roadside,Construction,Dark - Lighted,Not Reported,No,Not Applicable,39.83185278,-105.0248194,ADAMS (1),WESTMINSTER
80542,2019,1,1,1,1,1,0,3,3,Colorado,December,11,Wednesday,12:00pm-12:59pm,20,Local Street - Municipality,Urban,Major Collector,City or Municipal Highway Agency,This section IS NOT on the NHS,No Special Jurisdiction,Curb,The First Harmful Event was Not a Collision with a Motor Vehicle in Transport,No,Non-Junction,Not an Intersection,On Roadside,,Daylight,Cloudy,No,Not Applicable,39.68234444,-105.0106389,DENVER (31),DENVER
80543,2019,1,0,0,1,1,0,1,1,Colorado,December,21,Saturday,0:00am-0:59am,51,County Road,Urban,Minor Arterial,County Highway Agency,This section IS NOT on the NHS,No Special Jurisdiction,Rollover/Overturn,The First Harmful Event was Not a Collision with a Motor Vehicle in Transport,No,Non-Junction,Not an Intersection,On Roadway,,Dark - Lighted,Not Reported,No,Not Applicable,39.59465556,-105.1286611,JEFFERSON (59),NOT APPLICABLE
80544,2019,1,1,1,1,1,0,2,2,Colorado,December,25,Wednesday,10:00pm-10:59pm,46,State Highway,Urban,Principal Arterial - Other,State Highway Agency,This section IS ON the NHS,No Special Jurisdiction,Pedestrian,The First Harmful Event was Not a Collision with a Motor Vehicle in Transport,No,Non-Junction,Not an Intersection,On Roadway,,Dark - Lighted,Not Reported,No,Not Applicable,39.72863889,-105.0532222,DENVER (31),DENVER
80545,2019,1,0,0,2,2,0,2,2,Colorado,December,2,Monday,9:00am-9:59am,31,Local Street - Municipality,Rural,Local,City or Municipal Highway Agency,This section IS NOT on the NHS,No Special Jurisdiction,Motor Vehicle In-Transport,Angle,No,Non-Junction,Not an Intersection,On Shoulder,,Daylight,Not Reported,No,Not Applicable,40.37277778,-104.8034444,WELD (123),EVANS
80546,2019,1,0,0,3,3,0,6,6,Colorado,December,20,Friday,4:00pm-4:59pm,45,U.S. Highway,Rural,Principal Arterial - Other,State Highway Agency,This section IS ON the NHS,No Special Jurisdiction,Motor Vehicle In-Transport,Front-to-Rear,No,Intersection-Related,T-Intersection,On Roadway,,Daylight,Not Reported,No,Not Applicable,37.26535556,-107.9950556,LA PLATA (67),NOT APPLICABLE
80547,2019,1,0,0,1,1,0,1,1,Colorado,December,18,Wednesday,5:00pm-5:59pm,40,Local Street - Municipality,Urban,Local,City or Municipal Highway Agency,This section IS NOT on the NHS,No Special Jurisdiction,Curb,The First Harmful Event was Not a Collision with a Motor Vehicle in Transport,No,Non-Junction,Not an Intersection,On Median,,Daylight,Not Reported,No,Not Applicable,39.83818889,-104.7161389,DENVER (31),DENVER
80548,2019,1,0,0,2,2,0,2,2,Colorado,December,26,Thursday,8:00am-8:59am,14,State Highway,Rural,Principal Arterial - Other,State Highway Agency,This section IS ON the NHS,No Special Jurisdiction,Motor Vehicle In-Transport,Front-to-Front,No,Non-Junction,Not an Intersection,On Roadway,,Daylight,"Fog, Smog, Smoke",No,Not Applicable,40.08001111,-104.841125,WELD (123),FORT LUPTON
80549,2019,1,0,0,2,2,0,2,2,Colorado,January,30,Wednesday,12:00pm-12:59pm,56,U.S. Highway,Urban,Principal Arterial - Other,State Highway Agency,This section IS ON the NHS,No Special Jurisdiction,Motor Vehicle In-Transport,Front-to-Front,No,Intersection,Four-Way Intersection,On Roadway,,Daylight,Not Reported,No,Not Applicable,40.49478889,-105.0773444,LARIMER (69),FORT COLLINS
80001,2020,1,0,0,1,1,0,1,1,Colorado,January,1,Wednesday,5:00pm-5:59pm,30,County Road,Trafficway Not in State Inventory,Trafficway Not in State Inventory,Trafficway Not in State Inventory,This section IS NOT on the NHS,Military,Rollover/Overturn,The First Harmful Event was Not a Collision with a Motor Vehicle in Transport,No,Non-Junction,Not an Intersection,On Roadway,,Dark - Not Lighted,Not Reported,No,Not Applicable,38.74839444,-104.81987222,EL PASO (41),NOT APPLICABLE
80002,2020,1,0,0,2,2,0,2,2,Colorado,January,5,Sunday,7:00am-7:59am,25,U.S. Highway,Rural,Principal Arterial - Other,State Highway Agency,This section IS ON the NHS,No Special Jurisdiction,Motor Vehicle In-Transport,Angle,No,Non-Junction,Not an Intersection,On Roadway,,Dawn,Not Reported,No,Not Applicable,38.41002778,-106.06928889,SAGUACHE (109),NOT APPLICABLE
80003,2020,1,0,0,1,1,0,1,1,Colorado,January,4,Saturday,0:00am-0:59am,40,County Road,Rural,Major Collector,County Highway Agency,This section IS NOT on the NHS,No Special Jurisdiction,Culvert,The First Harmful Event was Not a Collision with a Motor Vehicle in Transport,No,Non-Junction,Not an Intersection,On Roadside,,Dark - Not Lighted,Not Reported,No,Not Applicable,37.09685556,-107.72940556,LA PLATA (67),NOT APPLICABLE
80004,2020,1,0,0,1,1,0,1,1,Colorado,January,6,Monday,0:00am-0:59am,12,County Road,Rural,Local,County Highway Agency,This section IS NOT on the NHS,No Special Jurisdiction,Fence,The First Harmful Event was Not a Collision with a Motor Vehicle in Transport,No,Non-Junction,Not an Intersection,Outside Trafficway,,Dark - Not Lighted,Not Reported,No,Not Applicable,39.10771667,-104.08857222,EL PASO (41),NOT APPLICABLE
80005,2020,1,0,0,1,1,0,1,1,Colorado,January,7,Tuesday,3:00am-3:59am,5,Local Street - Municipality,Urban,Local,City or Municipal Highway Agency,This section IS NOT on the NHS,No Special Jurisdiction,Curb,The First Harmful Event was Not a Collision with a Motor Vehicle in Transport,No,Intersection-Related,T-Intersection,On Roadside,,Dark - Not Lighted,Not Reported,No,Not Applicable,39.59572222,-104.69642778,ARAPAHOE (5),AURORA
80006,2020,1,0,0,1,1,0,1,1,Colorado,January,3,Friday,4:00am-4:59am,28,Local Street - Municipality,Urban,Major Collector,City or Municipal Highway Agency,This section IS NOT on the NHS,No Special Jurisdiction,Curb,The First Harmful Event was Not a Collision with a Motor Vehicle in Transport,No,Non-Junction,Not an Intersection,On Roadside,,Dark - Lighted,Not Reported,No,Not Applicable,38.91646389,-104.72867778,EL PASO (41),COLORADO SPRINGS
80007,2020,1,0,0,1,1,0,1,1,Colorado,January,9,Thursday,10:00pm-10:59pm,15,Interstate,Urban,Interstate,State Highway Agency,This section IS ON the NHS,No Special Jurisdiction,Curb,The First Harmful Event was Not a Collision with a Motor Vehicle in Transport,Yes,Other location within Interchange Area,Not an Intersection,On Median,,Dark - Not Lighted,Not Reported,No,Not Applicable,40.26389722,-103.80111111,MORGAN (87),FORT MORGAN
80008,2020,1,0,0,1,1,0,1,1,Colorado,January,10,Friday,5:00pm-5:59pm,5,County Road,Rural,Minor Collector,County Highway Agency,This section IS NOT on the NHS,No Special Jurisdiction,Railway Vehicle,The First Harmful Event was Not a Collision with a Motor Vehicle in Transport,No,Railway Grade Crossing,Not an Intersection,On Roadway,,Dusk,Not Reported,No,057523P,40.96418333,-103.10984167,LOGAN (75),PEETZ
80009,2020,1,0,0,1,1,0,1,1,Colorado,January,11,Saturday,0:00am-0:59am,30,County Road,Rural,Minor Collector,County Highway Agency,This section IS NOT on the NHS,No Special Jurisdiction,Tree (Standing Only),The First Harmful Event was Not a Collision with a Motor Vehicle in Transport,No,Non-Junction,Not an Intersection,On Roadside,,Dark - Not Lighted,Not Reported,No,Not Applicable,40.0709,-105.30962222,BOULDER (13),NOT APPLICABLE
80010,2020,1,1,1,1,1,0,1,1,Colorado,January,9,Thursday,10:00am-10:59am,15,Local Street - Municipality,Urban,Principal Arterial - Other,City or Municipal Highway Agency,This section IS ON the NHS,No Special Jurisdiction,Pedestrian,The First Harmful Event was Not a Collision with a Motor Vehicle in Transport,No,Intersection-Related,Four-Way Intersection,On Roadway,,Daylight,Not Reported,No,Not Applicable,40.00006667,-105.23627778,BOULDER (13),BOULDER
80011,2020,1,0,0,2,2,0,4,4,Colorado,January,10,Friday,10:00pm-10:59pm,28,Local Street - Municipality,Urban,Principal Arterial - Other,City or Municipal Highway Agency,This section IS ON the NHS,No Special Jurisdiction,Motor Vehicle In-Transport,Angle,No,Intersection,Four-Way Intersection,On Roadway,,Dark - Lighted,Not Reported,No,Not Applicable,38.84039444,-104.75756667,EL PASO (41),COLORADO SPRINGS
80012,2020,1,0,0,2,2,0,2,2,Colorado,January,12,Sunday,7:00pm-7:59pm,30,Interstate,Rural,Interstate,State Highway Agency,This section IS ON the NHS,No Special Jurisdiction,Rollover/Overturn,The First Harmful Event was Not a Collision with a Motor Vehicle in Transport,No,Non-Junction,Not an Intersection,On Roadway,,Dark - Not Lighted,Not Reported,No,Not Applicable,38.58455556,-104.66789722,EL PASO (41),FOUNTAIN
80013,2020,1,0,0,1,1,0,1,1,Colorado,January,18,Saturday,11:00am-11:59am,15,U.S. Highway,Rural,Major Collector,State Highway Agency,This section IS NOT on the NHS,No Special Jurisdiction,Rollover/Overturn,The First Harmful Event was Not a Collision with a Motor Vehicle in Transport,No,Non-Junction,Not an Intersection,On Roadside,,Daylight,Not Reported,No,Not Applicable,40.82825,-102.88913889,LOGAN (75),NOT APPLICABLE
80014,2020,1,0,0,1,1,0,1,1,Colorado,January,18,Saturday,11:00pm-11:59pm,22,State Highway,Rural,Minor Arterial,State Highway Agency,This section IS NOT on the NHS,No Special Jurisdiction,Rollover/Overturn,The First Harmful Event was Not a Collision with a Motor Vehicle in Transport,No,Non-Junction,Not an Intersection,On Roadside,,Dark - Not Lighted,Clear,No,Not Applicable,37.76627778,-105.12630556,HUERFANO (55),NOT APPLICABLE
80015,2020,1,0,0,2,2,0,2,2,Colorado,January,19,Sunday,2:00pm-2:59pm,20,State Highway,Rural,Principal Arterial - Other,State Highway Agency,This section IS ON the NHS,No Special Jurisdiction,Motor Vehicle In-Transport,Front-to-Front,No,Non-Junction,Not an Intersection,On Roadway,,Daylight,Not Reported,No,Not Applicable,40.20758333,-103.59234722,MORGAN (87),NOT APPLICABLE
80016,2020,1,0,0,3,2,1,4,4,Colorado,January,17,Friday,11:00am-11:59am,10,State Highway,Urban,Principal Arterial - Other,State Highway Agency,This section IS ON the NHS,No Special Jurisdiction,Motor Vehicle In-Transport,Front-to-Front,No,Intersection,T-Intersection,On Roadway,,Daylight,Not Reported,No,Not Applicable,39.68595833,-105.08151944,JEFFERSON (59),LAKEWOOD
80017,2020,1,1,1,1,1,0,1,1,Colorado,January,15,Wednesday,6:00pm-6:59pm,52,Local Street - Municipality,Urban,Principal Arterial - Other,City or Municipal Highway Agency,This section IS ON the NHS,No Special Jurisdiction,Pedestrian,The First Harmful Event was Not a Collision with a Motor Vehicle in Transport,No,Non-Junction,Not an Intersection,On Roadway,,Dark - Lighted,Not Reported,No,Not Applicable,39.75329167,-104.98815833,DENVER (31),DENVER
80018,2020,1,1,1,1,1,0,1,1,Colorado,January,18,Saturday,6:00pm-6:59pm,50,U.S. Highway,Urban,Principal Arterial - Other,State Highway Agency,This section IS ON the NHS,No Special Jurisdiction,Pedestrian,The First Harmful Event was Not a Collision with a Motor Vehicle in Transport,No,Non-Junction,Not an Intersection,On Roadway,,Dark - Lighted,Not Reported,No,Not Applicable,39.76608056,-105.02515,DENVER (31),DENVER
80019,2020,1,1,1,2,2,0,3,3,Colorado,January,21,Tuesday,6:00am-6:59am,44,State Highway,Rural,Principal Arterial - Other,State Highway Agency,This section IS ON the NHS,No Special Jurisdiction,Fire/Explosion,The First Harmful Event was Not a Collision with a Motor Vehicle in Transport,No,Intersection-Related,T-Intersection,On Roadway,,Dark - Lighted,Rain,No,Not Applicable,38.76129722,-108.0042,DELTA (29),NOT APPLICABLE
80020,2020,1,0,0,2,2,0,2,2,Colorado,January,21,Tuesday,10:00am-10:59am,9,U.S. Highway,Rural,Principal Arterial - Other,State Highway Agency,This section IS ON the NHS,No Special Jurisdiction,Motor Vehicle In-Transport,Front-to-Rear,No,Non-Junction,Not an Intersection,On Roadway,,Daylight,Snow,No,Not Applicable,37.64924167,-108.80844444,DOLORES (33),NOT APPLICABLE
80021,2020,1,0,0,1,1,0,1,1,Colorado,January,22,Wednesday,11:00pm-11:59pm,14,U.S. Highway,Rural,Principal Arterial - Other,State Highway Agency,This section IS NOT on the NHS,No Special Jurisdiction,Other Object (not fixed),The First Harmful Event was Not a Collision with a Motor Vehicle in Transport,No,Non-Junction,Not an Intersection,On Roadside,,Dark - Not Lighted,Not Reported,No,Not Applicable,40.41085278,-105.40388333,LARIMER (69),NOT APPLICABLE
80022,2020,1,1,1,1,1,0,1,1,Colorado,January,23,Thursday,7:00pm-7:59pm,45,U.S. Highway,Urban,Principal Arterial - Other,State Highway Agency,This section IS ON the NHS,No Special Jurisdiction,Pedestrian,The First Harmful Event was Not a Collision with a Motor Vehicle in Transport,No,Non-Junction,Not an Intersection,On Roadway,,Dark - Lighted,Not Reported,No,Not Applicable,39.79753333,-105.02535833,ADAMS (1),NOT APPLICABLE
80023,2020,1,0,0,1,1,0,1,1,Colorado,January,24,Friday,12:00pm-12:59pm,45,State Highway,Rural,Major Collector,State Highway Agency,This section IS NOT on the NHS,No Special Jurisdiction,Ditch,The First Harmful Event was Not a Collision with a Motor Vehicle in Transport,No,Non-Junction,Not an Intersection,On Roadside,,Daylight,Clear,No,Not Applicable,40.34144444,-103.95767778,MORGAN (87),NOT APPLICABLE
80024,2020,1,0,0,1,1,0,1,1,Colorado,January,25,Saturday,10:00pm-10:59pm,34,State Highway,Urban,Minor Arterial,State Highway Agency,This section IS NOT on the NHS,No Special Jurisdiction,Embankment,The First Harmful Event was Not a Collision with a Motor Vehicle in Transport,No,Non-Junction,Not an Intersection,On Roadside,,Dark - Not Lighted,Not Reported,No,Not Applicable,40.48102778,-104.75204444,WELD (123),NOT APPLICABLE
80025,2020,1,0,0,1,1,0,2,2,Colorado,January,26,Sunday,5:00pm-5:59pm,30,U.S. Highway,Rural,Principal Arterial - Other,State Highway Agency,This section IS ON the NHS,No Special Jurisdiction,Fence,The First Harmful Event was Not a Collision with a Motor Vehicle in Transport,No,Non-Junction,Not an Intersection,Outside Trafficway,,Dusk,Not Reported,No,Not Applicable,40.36472222,-104.49254444,WELD (123),NOT APPLICABLE
80026,2020,1,0,0,1,1,0,1,1,Colorado,January,25,Saturday,7:00pm-7:59pm,4,Interstate,Urban,Interstate,State Highway Agency,This section IS ON the NHS,No Special Jurisdiction,Concrete Traffic Barrier,The First Harmful Event was Not a Collision with a Motor Vehicle in Transport,No,Non-Junction,Not an Intersection,On Median,,Dark - Lighted,Not Reported,No,Not Applicable,39.45595556,-104.87523611,DOUGLAS (35),NOT APPLICABLE
80027,2020,1,1,1,1,1,0,1,1,Colorado,January,27,Monday,6:00am-6:59am,5,Local Street - Municipality,Urban,Principal Arterial - Other,City or Municipal Highway Agency,This section IS ON the NHS,No Special Jurisdiction,Pedestrian,The First Harmful Event was Not a Collision with a Motor Vehicle in Transport,No,Intersection-Related,Four-Way Intersection,On Roadway,,Dark - Lighted,Not Reported,No,Not Applicable,39.74395833,-104.84692778,ADAMS (1),AURORA
80028,2020,1,0,0,2,2,0,2,2,Colorado,January,31,Friday,8:00pm-8:59pm,57,Local Street - Municipality,Urban,Principal Arterial - Other,City or Municipal Highway Agency,This section IS ON the NHS,No Special Jurisdiction,Motor Vehicle In-Transport,Angle,No,Driveway Access Related,Not an Intersection,On Roadway,,Dark - Lighted,Not Reported,No,Not Applicable,39.88501667,-104.96847778,ADAMS (1),THORNTON
80029,2020,1,0,0,1,1,0,1,1,Colorado,January,30,Thursday,9:00pm-9:59pm,45,County Road,Rural,Local,County Highway Agency,This section IS NOT on the NHS,No Special Jurisdiction,Tree (Standing Only),The First Harmful Event was Not a Collision with a Motor Vehicle in Transport,No,Non-Junction,Not an Intersection,On Roadside,,Dark - Not Lighted,Snow,No,Not Applicable,40.00044444,-104.60902778,ADAMS (1),NOT APPLICABLE
80030,2020,1,0,0,1,1,0,1,1,Colorado,January,20,Monday,0:00am-0:59am,39,U.S. Highway,Urban,Principal Arterial - Other,State Highway Agency,This section IS ON the NHS,No Special Jurisdiction,Curb,The First Harmful Event was Not a Collision with a Motor Vehicle in Transport,No,Non-Junction,Not an Intersection,On Roadside,,Dark - Lighted,Not Reported,No,Not Applicable,40.43418333,-105.07727778,LARIMER (69),LOVELAND
80031,2020,1,0,0,1,1,0,1,1,Colorado,January,4,Saturday,6:00am-6:59am,41,County Road,Rural,Local,County Highway Agency,This section IS NOT on the NHS,No Special Jurisdiction,Rollover/Overturn,The First Harmful Event was Not a Collision with a Motor Vehicle in Transport,No,Non-Junction,Not an Intersection,On Roadside,,Dark - Not Lighted,Not Reported,No,Not Applicable,39.31116667,-104.45943333,ELBERT (39),NOT APPLICABLE
80032,2020,1,1,1,1,1,0,1,1,Colorado,January,22,Wednesday,7:00am-7:59am,20,U.S. Highway,Urban,Major Collector,State Highway Agency,This section IS NOT on the NHS,No Special Jurisdiction,Pedestrian,The First Harmful Event was Not a Collision with a Motor Vehicle in Transport,No,Non-Junction,Not an Intersection,On Shoulder,,Dawn,Not Reported,No,Not Applicable,39.53092778,-107.76251944,GARFIELD (45),RIFLE
80033,2020,1,0,0,1,1,0,1,1,Colorado,February,1,Saturday,7:00pm-7:59pm,7,Interstate,Urban,Interstate,State Highway Agency,This section IS ON the NHS,No Special Jurisdiction,Rollover/Overturn,The First Harmful Event was Not a Collision with a Motor Vehicle in Transport,Yes,Other location within Interchange Area,Not an Intersection,On Roadside,,Dark - Not Lighted,Not Reported,No,Not Applicable,38.72916667,-104.73688889,EL PASO (41),FOUNTAIN
80034,2020,1,0,0,2,2,0,2,2,Colorado,February,2,Sunday,2:00pm-2:59pm,15,State Highway,Rural,Minor Arterial,State Highway Agency,This section IS NOT on the NHS,No Special Jurisdiction,Motor Vehicle In-Transport,Front-to-Front,No,Non-Junction,Not an Intersection,On Roadway,,Daylight,Not Reported,No,Not Applicable,40.66504167,-105.21777778,LARIMER (69),NOT APPLICABLE