ST_CASE,YEAR,FATALS,PEDS,PERNOTMVIT,VE_TOTAL,VE_FORMS,PVH_INVL,PERSONS,PERMVIT,STATENAME,MONTHNAME,DAYNAME,DAY_WEEKNAME,HOURNAME,MINUTENAME,ROUTENAME,RUR_URBNAME,FUNC_SYSNAME,RD_OWNERNAME,NHSNAME,SP_JURNAME,HARM_EVNAME,MAN_COLLNAME,RELJCT1NAME,RELJCT2NAME,TYP_INTNAME,REL_ROADNAME,WRK_ZONENAME,LGT_CONDNAME,WEATHERNAME,SCH_BUSNAME,RAILNAME,LATITUDE,LONGITUD,COUNTYNAME,CITYNAME
80035,2020,1,0,0,1,1,0,1,1,Colorado,February,3,Monday,4:00am-4:59am,3,Interstate,Urban,Interstate,State Highway Agency,This section IS ON the NHS,No Special Jurisdiction,"Post, Pole or Other Supports",The First Harmful Event was Not a Collision with a Motor Vehicle in Transport,Yes,Entrance/Exit Ramp Related,Not an Intersection,On Roadside,,Dark - Lighted,Not Reported,No,Not Applicable,39.94473333,-104.98725,ADAMS (1),THORNTON
80036,2020,1,0,0,2,2,0,2,2,Colorado,February,3,Monday,12:00pm-12:59pm,30,U.S. Highway,Rural,Principal Arterial - Other,State Highway Agency,This section IS ON the NHS,No Special Jurisdiction,Motor Vehicle In-Transport,Angle,No,Non-Junction,Not an Intersection,On Roadway,,Daylight,Snow,No,Not Applicable,39.04213611,-104.27311111,EL PASO (41),NOT APPLICABLE
80037,2020,1,0,0,2,2,0,2,2,Colorado,February,2,Sunday,1:00am-1:59am,16,U.S. Highway,Urban,Principal Arterial - Other,State Highway Agency,This section IS ON the NHS,No Special Jurisdiction,Motor Vehicle In-Transport,Front-to-Front,No,Non-Junction,Not an Intersection,On Roadway,,Dark - Lighted,Not Reported,No,Not Applicable,39.74015,-104.79723889,ARAPAHOE (5),AURORA
80038,2020,1,0,0,2,2,0,3,3,Colorado,February,2,Sunday,12:00pm-12:59pm,0,State Highway,Urban,Principal Arterial - Other,State Highway Agency,This section IS ON the NHS,No Special Jurisdiction,Motor Vehicle In-Transport,Angle,No,Intersection,Four-Way Intersection,On Roadway,,Daylight,Not Reported,No,Not Applicable,39.66094167,-105.11258333,JEFFERSON (59),LAKEWOOD
80039,2020,1,0,0,1,1,0,1,1,Colorado,February,8,Saturday,4:00pm-4:59pm,20,County Road,Urban,Major Collector,County Highway Agency,This section IS NOT on the NHS,No Special Jurisdiction,Rollover/Overturn,The First Harmful Event was Not a Collision with a Motor Vehicle in Transport,No,Intersection-Related,Four-Way Intersection,On Roadway,,Daylight,Not Reported,No,Not Applicable,39.04128333,-108.46009444,MESA (77),NOT APPLICABLE
80040,2020,1,0,0,1,1,0,1,1,Colorado,February,10,Monday,2:00pm-2:59pm,0,State Highway,Rural,Major Collector,State Highway Agency,This section IS NOT on the NHS,No Special Jurisdiction,Rollover/Overturn,The First Harmful Event was Not a Collision with a Motor Vehicle in Transport,No,Non-Junction,Not an Intersection,On Roadway,,Daylight,Not Reported,No,Not Applicable,38.02314444,-108.90477778,SAN MIGUEL (113),NOT APPLICABLE
80041,2020,1,0,0,1,1,0,1,1,Colorado,February,10,Monday,4:00pm-4:59pm,15,U.S. Highway,Rural,Principal Arterial - Other,State Highway Agency,This section IS ON the NHS,No Special Jurisdiction,Rollover/Overturn,The First Harmful Event was Not a Collision with a Motor Vehicle in Transport,No,Non-Junction,Not an Intersection,On Roadside,,Daylight,Snow,No,Not Applicable,40.81257222,-105.24102778,LARIMER (69),NOT APPLICABLE
80042,2020,1,0,0,3,3,0,3,3,Colorado,February,12,Wednesday,6:00pm-6:59pm,53,Local Street - Municipality,Urban,Minor Arterial,City or Municipal Highway Agency,This section IS NOT on the NHS,No Special Jurisdiction,Motor Vehicle In-Transport,Sideswipe - Opposite Direction,No,Intersection-Related,Four-Way Intersection,On Roadway,,Dark - Lighted,Not Reported,No,Not Applicable,40.39282778,-105.10148056,LARIMER (69),LOVELAND
80043,2020,1,0,0,2,2,0,2,2,Colorado,February,13,Thursday,12:00pm-12:59pm,40,State Highway,Urban,Principal Arterial - Other,State Highway Agency,This section IS ON the NHS,No Special Jurisdiction,Motor Vehicle In-Transport,Angle,No,Intersection,Four-Way Intersection,On Roadway,,Daylight,Not Reported,No,Not Applicable,39.88546111,-105.09629444,JEFFERSON (59),WESTMINSTER
80044,2020,1,0,0,1,1,0,5,5,Colorado,February,14,Friday,9:00pm-9:59pm,5,County Road,Rural,Local,County Highway Agency,This section IS NOT on the NHS,No Special Jurisdiction,Embankment,The First Harmful Event was Not a Collision with a Motor Vehicle in Transport,No,Non-Junction,Not an Intersection,On Roadside,,Dark - Not Lighted,Not Reported,No,Not Applicable,38.03080556,-103.67411667,OTERO (89),NOT APPLICABLE
80045,2020,1,0,0,2,2,0,3,3,Colorado,February,17,Monday,1:00am-1:59am,45,Interstate,Urban,Interstate,State Highway Agency,This section IS ON the NHS,No Special Jurisdiction,Motor Vehicle In-Transport,Front-to-Rear,No,Non-Junction,Not an Intersection,On Roadway,,Dark - Lighted,Not Reported,No,Not Applicable,39.64401667,-104.87624444,ARAPAHOE (5),NOT APPLICABLE
80046,2020,1,0,0,7,7,0,13,13,Colorado,February,2,Sunday,1:00pm-1:59pm,28,Interstate,Urban,Interstate,State Highway Agency,This section IS ON the NHS,No Special Jurisdiction,Motor Vehicle In-Transport,Front-to-Rear,Yes,Intersection-Related,T-Intersection,On Roadway,,Daylight,Not Reported,No,Not Applicable,39.41234722,-104.87013333,DOUGLAS (35),CASTLE ROCK
80047,2020,1,0,0,1,1,0,1,1,Colorado,February,18,Tuesday,7:00am-7:59am,19,County Road,Urban,Minor Arterial,County Highway Agency,This section IS NOT on the NHS,No Special Jurisdiction,"Post, Pole or Other Supports",The First Harmful Event was Not a Collision with a Motor Vehicle in Transport,No,Non-Junction,Not an Intersection,On Roadside,,Daylight,Snow,No,Not Applicable,39.038125,-104.81858889,EL PASO (41),NOT APPLICABLE
80048,2020,1,1,1,1,1,0,1,1,Colorado,February,1,Saturday,6:00am-6:59am,3,U.S. Highway,Urban,Minor Arterial,State Highway Agency,This section IS NOT on the NHS,No Special Jurisdiction,Pedestrian,The First Harmful Event was Not a Collision with a Motor Vehicle in Transport,No,Intersection-Related,Four-Way Intersection,On Roadway,,Dark - Lighted,Not Reported,No,Not Applicable,40.25388889,-103.80022222,MORGAN (87),FORT MORGAN
80049,2020,1,0,0,3,3,0,6,6,Colorado,February,7,Friday,5:00pm-5:59pm,25,Local Street - Municipality,Urban,Minor Arterial,City or Municipal Highway Agency,This section IS NOT on the NHS,No Special Jurisdiction,Motor Vehicle In-Transport,Angle,No,Intersection,Four-Way Intersection,On Roadway,,Dusk,Not Reported,No,Not Applicable,40.52363889,-105.09611111,LARIMER (69),FORT COLLINS
80050,2020,1,0,0,2,2,0,2,2,Colorado,February,16,Sunday,10:00pm-10:59pm,16,State Highway,Urban,Minor Arterial,State Highway Agency,This section IS NOT on the NHS,No Special Jurisdiction,Motor Vehicle In-Transport,Front-to-Front,No,Non-Junction,Not an Intersection,On Roadway,,Dark - Not Lighted,Not Reported,No,Not Applicable,39.60441111,-105.04002778,ARAPAHOE (5),COLUMBINE VALLEY
80051,2020,1,0,0,2,2,0,3,3,Colorado,February,19,Wednesday,4:00pm-4:59pm,16,Interstate,Rural,Interstate,State Highway Agency,This section IS ON the NHS,No Special Jurisdiction,Motor Vehicle In-Transport,Front-to-Rear,No,Non-Junction,Not an Intersection,On Roadway,Construction,Daylight,Not Reported,No,Not Applicable,39.20490833,-104.85893056,DOUGLAS (35),NOT APPLICABLE
80052,2020,1,0,0,2,2,0,4,4,Colorado,February,20,Thursday,2:00pm-2:59pm,32,U.S. Highway,Rural,Principal Arterial - Other,State Highway Agency,This section IS NOT on the NHS,No Special Jurisdiction,Motor Vehicle In-Transport,Angle,No,Non-Junction,Not an Intersection,On Roadway,,Daylight,Not Reported,No,Not Applicable,40.39258333,-105.42611111,LARIMER (69),NOT APPLICABLE
80053,2020,1,1,1,1,1,0,2,2,Colorado,February,20,Thursday,7:00pm-7:59pm,44,State Highway,Urban,Principal Arterial - Other,State Highway Agency,This section IS ON the NHS,No Special Jurisdiction,Pedestrian,The First Harmful Event was Not a Collision with a Motor Vehicle in Transport,No,Non-Junction,Not an Intersection,On Roadway,,Dark - Lighted,Not Reported,No,Not Applicable,39.75087778,-105.08149444,JEFFERSON (59),LAKEWOOD
80054,2020,1,0,0,1,1,0,1,1,Colorado,February,18,Tuesday,6:00am-6:59am,10,State Highway,Urban,Principal Arterial - Other,State Highway Agency,This section IS ON the NHS,No Special Jurisdiction,Curb,The First Harmful Event was Not a Collision with a Motor Vehicle in Transport,No,Non-Junction,Not an Intersection,On Roadside,,Dawn,Snow,No,Not Applicable,39.62416667,-104.97426389,ARAPAHOE (5),CHERRY HILLS VILLAGE
80055,2020,1,0,0,1,1,0,1,1,Colorado,February,22,Saturday,2:00am-2:59am,54,County Road,Rural,Minor Arterial,County Highway Agency,This section IS NOT on the NHS,No Special Jurisdiction,Rollover/Overturn,The First Harmful Event was Not a Collision with a Motor Vehicle in Transport,No,Non-Junction,Not an Intersection,On Roadside,,Dark - Not Lighted,Not Reported,No,Not Applicable,38.76627778,-104.59805556,EL PASO (41),NOT APPLICABLE
80056,2020,1,1,1,2,2,0,2,2,Colorado,February,22,Saturday,12:00pm-12:59pm,14,Local Street - Municipality,Urban,Principal Arterial - Other,City or Municipal Highway Agency,This section IS ON the NHS,No Special Jurisdiction,Pedestrian,The First Harmful Event was Not a Collision with a Motor Vehicle in Transport,No,Non-Junction,Not an Intersection,On Median,,Daylight,Not Reported,No,Not Applicable,39.67478333,-104.86262778,ARAPAHOE (5),AURORA
80057,2020,1,0,0,1,1,0,1,1,Colorado,February,21,Friday,2:00am-2:59am,45,Local Street - Municipality,Urban,Minor Arterial,City or Municipal Highway Agency,This section IS NOT on the NHS,No Special Jurisdiction,Guardrail End,The First Harmful Event was Not a Collision with a Motor Vehicle in Transport,No,Non-Junction,Not an Intersection,On Median,,Dark - Lighted,Not Reported,No,Not Applicable,39.57909167,-104.79866111,ARAPAHOE (5),CENTENNIAL
80058,2020,1,0,0,1,1,0,2,2,Colorado,February,16,Sunday,4:00am-4:59am,1,State Highway,Urban,Principal Arterial - Other,State Highway Agency,This section IS ON the NHS,No Special Jurisdiction,Curb,The First Harmful Event was Not a Collision with a Motor Vehicle in Transport,Yes,Intersection-Related,Four-Way Intersection,On Roadside,Construction,Dark - Lighted,Not Reported,No,Not Applicable,39.78121944,-104.94041944,DENVER (31),DENVER
80059,2020,1,0,0,1,1,0,1,1,Colorado,February,24,Monday,6:00am-6:59am,5,County Road,Rural,Major Collector,County Highway Agency,This section IS NOT on the NHS,No Special Jurisdiction,Rollover/Overturn,The First Harmful Event was Not a Collision with a Motor Vehicle in Transport,No,Intersection-Related,T-Intersection,On Roadside,,Dawn,Not Reported,No,Not Applicable,40.42820833,-104.54899167,WELD (123),NOT APPLICABLE
80060,2020,1,1,1,1,1,0,1,1,Colorado,February,22,Saturday,2:00am-2:59am,6,Local Street - Municipality,Urban,Principal Arterial - Other,City or Municipal Highway Agency,This section IS ON the NHS,No Special Jurisdiction,Pedestrian,The First Harmful Event was Not a Collision with a Motor Vehicle in Transport,No,Intersection-Related,Four-Way Intersection,On Roadway,,Dark - Lighted,Not Reported,No,Not Applicable,39.90418333,-104.94015833,ADAMS (1),THORNTON
80061,2020,1,1,1,1,1,0,1,1,Colorado,February,5,Wednesday,4:00am-4:59am,40,State Highway,Urban,Principal Arterial - Other,State Highway Agency,This section IS ON the NHS,No Special Jurisdiction,Pedestrian,The First Harmful Event was Not a Collision with a Motor Vehicle in Transport,No,Intersection-Related,Four-Way Intersection,On Roadway,,Dark - Lighted,Not Reported,No,Not Applicable,39.78286667,-105.10949167,JEFFERSON (59),WHEAT RIDGE
80062,2020,1,1,1,1,1,0,1,1,Colorado,February,23,Sunday,9:00pm-9:59pm,9,Local Street - Municipality,Urban,Minor Arterial,City or Municipal Highway Agency,This section IS NOT on the NHS,No Special Jurisdiction,Pedestrian,The First Harmful Event was Not a Collision with a Motor Vehicle in Transport,No,Non-Junction,Not an Intersection,On Roadway,,Dark - Not Lighted,Clear,No,Not Applicable,39.61619444,-104.75411667,ARAPAHOE (5),CENTENNIAL
80063,2020,1,0,0,2,2,0,3,3,Colorado,February,26,Wednesday,3:00pm-3:59pm,52,U.S. Highway,Urban,Principal Arterial - Other,State Highway Agency,This section IS ON the NHS,No Special Jurisdiction,Motor Vehicle In-Transport,Angle,No,Intersection,Four-Way Intersection,On Roadway,,Daylight,Not Reported,No,Not Applicable,38.32402778,-104.70141944,PUEBLO (101),NOT APPLICABLE
80064,2020,1,0,0,1,1,0,1,1,Colorado,February,28,Friday,0:00am-0:59am,19,Local Street - Municipality,Urban,Principal Arterial - Other Freeways and Expressways,City or Municipal Highway Agency,This section IS ON the NHS,No Special Jurisdiction,Curb,The First Harmful Event was Not a Collision with a Motor Vehicle in Transport,No,Non-Junction,Not an Intersection,On Median,,Dark - Lighted,Not Reported,No,Not Applicable,38.77916667,-104.75715556,EL PASO (41),COLORADO SPRINGS
80065,2020,1,0,0,2,2,0,5,5,Colorado,February,16,Sunday,3:00am-3:59am,28,Interstate,Urban,Interstate,State Highway Agency,This section IS ON the NHS,No Special Jurisdiction,Motor Vehicle In-Transport,Front-to-Rear,Yes,Through Roadway,Not an Intersection,On Roadway,,Dark - Lighted,Not Reported,No,Not Applicable,39.63921667,-104.91068333,DENVER (31),DENVER
80066,2020,1,0,0,1,1,0,1,1,Colorado,February,5,Wednesday,6:00pm-6:59pm,0,Local Street - Municipality,Urban,Local,City or Municipal Highway Agency,This section IS NOT on the NHS,No Special Jurisdiction,Building,The First Harmful Event was Not a Collision with a Motor Vehicle in Transport,No,Non-Junction,Not an Intersection,Outside Trafficway,,Dark - Lighted,Not Reported,No,Not Applicable,39.71888611,-104.90953889,DENVER (31),DENVER
80067,2020,1,0,0,1,1,0,1,1,Colorado,February,27,Thursday,11:00pm-11:59pm,27,Local Street - Municipality,Urban,Major Collector,City or Municipal Highway Agency,This section IS NOT on the NHS,No Special Jurisdiction,Curb,The First Harmful Event was Not a Collision with a Motor Vehicle in Transport,No,Intersection-Related,Roundabout,On Roadside,,Dark - Lighted,Not Reported,No,Not Applicable,40.51552778,-105.02365556,LARIMER (69),FORT COLLINS
80068,2020,1,1,1,1,1,0,1,1,Colorado,March,4,Wednesday,12:00pm-12:59pm,9,County Road,Rural,Minor Collector,County Highway Agency,This section IS NOT on the NHS,No Special Jurisdiction,Pedalcyclist,The First Harmful Event was Not a Collision with a Motor Vehicle in Transport,No,Non-Junction,Not an Intersection,On Shoulder,,Daylight,Not Reported,No,Not Applicable,37.12651389,-108.198125,LA PLATA (67),NOT APPLICABLE
80069,2020,1,0,0,3,2,1,2,2,Colorado,March,7,Saturday,1:00am-1:59am,20,County Road,Rural,Major Collector,County Highway Agency,This section IS NOT on the NHS,No Special Jurisdiction,Motor Vehicle In-Transport,Front-to-Rear,No,Non-Junction,Not an Intersection,On Roadway,,Dark - Not Lighted,Not Reported,No,Not Applicable,40.19896667,-104.60261667,WELD (123),NOT APPLICABLE
80070,2020,1,0,0,1,1,0,1,1,Colorado,March,7,Saturday,1:00pm-1:59pm,15,State Highway,Rural,Major Collector,State Highway Agency,This section IS NOT on the NHS,No Special Jurisdiction,Rollover/Overturn,The First Harmful Event was Not a Collision with a Motor Vehicle in Transport,No,Non-Junction,Not an Intersection,On Roadside,,Daylight,Not Reported,No,Not Applicable,38.11115556,-105.17312222,CUSTER (27),NOT APPLICABLE
80071,2020,1,0,0,2,2,0,5,5,Colorado,March,8,Sunday,7:00pm-7:59pm,0,U.S. Highway,Rural,Principal Arterial - Other,State Highway Agency,This section IS ON the NHS,No Special Jurisdiction,Motor Vehicle In-Transport,Angle,No,Non-Junction,Not an Intersection,On Roadway,,Dusk,Snow,No,Not Applicable,38.37910833,-106.04789444,SAGUACHE (109),NOT APPLICABLE
80072,2020,1,1,1,1,1,0,1,1,Colorado,March,3,Tuesday,6:00pm-6:59pm,29,Local Street - Municipality,Urban,Minor Arterial,City or Municipal Highway Agency,This section IS NOT on the NHS,No Special Jurisdiction,Pedestrian,The First Harmful Event was Not a Collision with a Motor Vehicle in Transport,No,Non-Junction,Not an Intersection,On Roadway,,Dark - Lighted,Not Reported,No,Not Applicable,39.78584444,-104.80956111,DENVER (31),DENVER
80073,2020,1,0,0,2,2,0,3,3,Colorado,March,7,Saturday,3:00pm-3:59pm,5,U.S. Highway,Urban,Principal Arterial - Other,State Highway Agency,This section IS ON the NHS,No Special Jurisdiction,Rollover/Overturn,The First Harmful Event was Not a Collision with a Motor Vehicle in Transport,No,Intersection,Four-Way Intersection,On Roadway,,Daylight,Not Reported,No,Not Applicable,40.41984444,-104.69097222,WELD (123),GREELEY
80074,2020,1,0,0,2,2,0,2,2,Colorado,March,10,Tuesday,5:00pm-5:59pm,33,County Road,Urban,Minor Arterial,County Highway Agency,This section IS NOT on the NHS,No Special Jurisdiction,Motor Vehicle In-Transport,Angle,No,Intersection,Four-Way Intersection,On Roadway,,Daylight,Not Reported,No,Not Applicable,38.73738889,-104.69215556,EL PASO (41),NOT APPLICABLE
80075,2020,1,0,0,3,1,2,2,2,Colorado,March,10,Tuesday,11:00pm-11:59pm,54,Local Street - Municipality,Urban,Local,City or Municipal Highway Agency,This section IS NOT on the NHS,No Special Jurisdiction,Parked Motor Vehicle,The First Harmful Event was Not a Collision with a Motor Vehicle in Transport,No,Non-Junction,Not an Intersection,In Parking Lane/Zone,,Dark - Lighted,Not Reported,No,Not Applicable,39.69341667,-104.81486944,ARAPAHOE (5),AURORA
80076,2020,1,0,0,1,1,0,3,3,Colorado,March,10,Tuesday,5:00pm-5:59pm,2,U.S. Highway,Rural,Principal Arterial - Other,State Highway Agency,This section IS ON the NHS,No Special Jurisdiction,"Post, Pole or Other Supports",The First Harmful Event was Not a Collision with a Motor Vehicle in Transport,Yes,Intersection-Related,Y-Intersection,On Roadside,,Daylight,Not Reported,No,Not Applicable,40.24576389,-104.05041667,MORGAN (87),NOT APPLICABLE
80077,2020,1,0,0,2,2,0,2,2,Colorado,March,10,Tuesday,1:00pm-1:59pm,15,Local Street - Municipality,Urban,Principal Arterial - Other,City or Municipal Highway Agency,This section IS ON the NHS,No Special Jurisdiction,Motor Vehicle In-Transport,Angle,No,Intersection,Four-Way Intersection,On Roadway,,Daylight,Not Reported,No,Not Applicable,39.63840278,-104.78825,ARAPAHOE (5),AURORA
80078,2020,1,1,1,1,1,0,1,1,Colorado,March,8,Sunday,8:00pm-8:59pm,46,Local Street - Municipality,Urban,Minor Arterial,City or Municipal Highway Agency,This section IS NOT on the NHS,No Special Jurisdiction,Pedestrian,The First Harmful Event was Not a Collision with a Motor Vehicle in Transport,No,Intersection-Related,Four-Way Intersection,On Roadway,,Dark - Lighted,Rain,No,Not Applicable,39.81279167,-105.12855278,JEFFERSON (59),ARVADA
80079,2020,1,0,0,1,1,0,2,2,Colorado,March,13,Friday,4:00pm-4:59pm,45,Interstate,Rural,Interstate,State Highway Agency,This section IS ON the NHS,No Special Jurisdiction,"Post, Pole or Other Supports",The First Harmful Event was Not a Collision with a Motor Vehicle in Transport,No,Non-Junction,Not an Intersection,On Median,,Daylight,Not Reported,No,Not Applicable,40.24355556,-103.95058333,MORGAN (87),NOT APPLICABLE
80080,2020,1,0,0,1,1,0,2,2,Colorado,March,15,Sunday,7:00am-7:59am,58,Interstate,Urban,Interstate,State Highway Agency,This section IS ON the NHS,No Special Jurisdiction,Guardrail Face,The First Harmful Event was Not a Collision with a Motor Vehicle in Transport,No,Non-Junction,Not an Intersection,On Median,,Daylight,"Fog, Smog, Smoke",No,Not Applicable,38.38211667,-104.61891944,PUEBLO (101),NOT APPLICABLE
80081,2020,2,0,0,1,1,0,2,2,Colorado,March,15,Sunday,4:00pm-4:59pm,5,County Road,Rural,Minor Collector,County Highway Agency,This section IS NOT on the NHS,No Special Jurisdiction,Rollover/Overturn,The First Harmful Event was Not a Collision with a Motor Vehicle in Transport,No,Non-Junction,Not an Intersection,On Roadside,,Daylight,Not Reported,No,Not Applicable,39.13444167,-104.909625,DOUGLAS (35),NOT APPLICABLE
80082,2020,1,0,0,3,3,0,5,5,Colorado,March,11,Wednesday,5:00pm-5:59pm,58,U.S. Highway,Urban,Principal Arterial - Other,State Highway Agency,This section IS ON the NHS,No Special Jurisdiction,Motor Vehicle In-Transport,Angle,No,Intersection,Four-Way Intersection,On Roadway,,Daylight,Not Reported,No,Not Applicable,40.46558611,-105.07736389,LARIMER (69),LOVELAND
80083,2020,1,0,0,2,2,0,2,2,Colorado,March,14,Saturday,2:00pm-2:59pm,10,U.S. Highway,Urban,Principal Arterial - Other,State Highway Agency,This section IS ON the NHS,No Special Jurisdiction,Motor Vehicle In-Transport,Sideswipe - Same Direction,No,Intersection-Related,Four-Way Intersection,On Roadway,,Daylight,Not Reported,No,Not Applicable,38.44711944,-105.18930556,FREMONT (43),CAÑON CITY
80084,2020,1,0,0,2,1,1,1,1,Colorado,March,14,Saturday,7:00pm-7:59pm,5,Local Street - Municipality,Urban,Major Collector,City or Municipal Highway Agency,This section IS NOT on the NHS,No Special Jurisdiction,Parked Motor Vehicle,The First Harmful Event was Not a Collision with a Motor Vehicle in Transport,No,Non-Junction,Not an Intersection,In Parking Lane/Zone,,Dusk,Not Reported,No,Not Applicable,39.66315,-104.93170556,DENVER (31),DENVER
80085,2020,1,0,0,1,1,0,4,4,Colorado,March,16,Monday,7:00pm-7:59pm,24,Interstate,Urban,Interstate,State Highway Agency,This section IS ON the NHS,No Special Jurisdiction,Concrete Traffic Barrier,The First Harmful Event was Not a Collision with a Motor Vehicle in Transport,No,Non-Junction,Not an Intersection,On Roadside,,Dark - Lighted,Cloudy,No,Not Applicable,39.64257778,-104.87807222,ARAPAHOE (5),NOT APPLICABLE
80086,2020,2,0,0,2,2,0,6,6,Colorado,March,16,Monday,7:00pm-7:59pm,56,Local Street - Municipality,Urban,Principal Arterial - Other,City or Municipal Highway Agency,This section IS ON the NHS,No Special Jurisdiction,Motor Vehicle In-Transport,Angle,No,Intersection,Four-Way Intersection,On Roadway,,Dark - Lighted,Not Reported,No,Not Applicable,39.79830556,-104.88442778,DENVER (31),DENVER
80087,2020,1,1,1,1,1,0,1,1,Colorado,March,17,Tuesday,6:00pm-6:59pm,28,U.S. Highway,Urban,Principal Arterial - Other,State Highway Agency,This section IS ON the NHS,No Special Jurisdiction,Pedestrian,The First Harmful Event was Not a Collision with a Motor Vehicle in Transport,No,Non-Junction,Not an Intersection,On Roadway,,Daylight,Not Reported,No,Not Applicable,39.74027778,-105.03875556,DENVER (31),DENVER
80088,2020,1,0,0,1,1,0,1,1,Colorado,March,18,Wednesday,6:00am-6:59am,15,County Road,Rural,Local,County Highway Agency,This section IS NOT on the NHS,No Special Jurisdiction,Embankment,The First Harmful Event was Not a Collision with a Motor Vehicle in Transport,No,Intersection-Related,L-Intersection,On Roadside,,Dark - Not Lighted,Clear,No,Not Applicable,37.41514167,-105.87459167,ALAMOSA (3),NOT APPLICABLE
80089,2020,1,0,0,2,2,0,2,2,Colorado,March,7,Saturday,1:00am-1:59am,20,County Road,Rural,Major Collector,County Highway Agency,This section IS NOT on the NHS,No Special Jurisdiction,Motor Vehicle In-Transport,Front-to-Front,No,Non-Junction,Not an Intersection,On Roadway,,Dark - Not Lighted,Not Reported,No,Not Applicable,40.18781111,-104.60273333,WELD (123),NOT APPLICABLE
80090,2020,1,0,0,2,2,0,5,5,Colorado,March,15,Sunday,12:00pm-12:59pm,53,State Highway,Rural,Minor Arterial,State Highway Agency,This section IS NOT on the NHS,No Special Jurisdiction,Motor Vehicle In-Transport,Front-to-Front,No,Intersection-Related,Four-Way Intersection,On Roadway,,Daylight,Not Reported,No,Not Applicable,38.80040278,-107.74422778,DELTA (29),NOT APPLICABLE
80091,2020,1,2,2,1,1,0,1,1,Colorado,March,20,Friday,10:00pm-10:59pm,31,Local Street - Municipality,Urban,Major Collector,City or Municipal Highway Agency,This section IS NOT on the NHS,No Special Jurisdiction,Pedestrian,The First Harmful Event was Not a Collision with a Motor Vehicle in Transport,No,Non-Junction,Not an Intersection,On Roadway,,Dark - Not Lighted,Not Reported,No,Not Applicable,38.88609167,-104.817625,EL PASO (41),COLORADO SPRINGS
80092,2020,1,0,0,2,2,0,2,2,Colorado,March,16,Monday,4:00am-4:59am,28,County Road,Rural,Major Collector,County Highway Agency,This section IS NOT on the NHS,No Special Jurisdiction,Motor Vehicle In-Transport,Front-to-Front,No,Non-Junction,Not an Intersection,On Roadway,,Dark - Not Lighted,Not Reported,No,Not Applicable,40.47124722,-105.11560556,LARIMER (69),NOT APPLICABLE
80093,2020,1,1,1,1,1,0,1,1,Colorado,March,24,Tuesday,7:00pm-7:59pm,53,Local Street - Municipality,Urban,Minor Arterial,City or Municipal Highway Agency,This section IS NOT on the NHS,No Special Jurisdiction,Pedalcyclist,The First Harmful Event was Not a Collision with a Motor Vehicle in Transport,No,Non-Junction,Not an Intersection,On Roadway,,Dark - Lighted,Not Reported,No,Not Applicable,38.85253333,-104.81693889,EL PASO (41),COLORADO SPRINGS
80094,2020,1,0,0,1,1,0,1,1,Colorado,March,25,Wednesday,5:00am-5:59am,0,County Road,Urban,Major Collector,County Highway Agency,This section IS NOT on the NHS,No Special Jurisdiction,Utility Pole/Light Support,The First Harmful Event was Not a Collision with a Motor Vehicle in Transport,No,Non-Junction,Not an Intersection,On Roadside,,Dark - Not Lighted,Not Reported,No,Not Applicable,40.36383889,-105.01855278,LARIMER (69),NOT APPLICABLE
80095,2020,1,0,0,2,2,0,2,2,Colorado,March,27,Friday,6:00pm-6:59pm,32,Interstate,Rural,Interstate,State Highway Agency,This section IS ON the NHS,No Special Jurisdiction,"Post, Pole or Other Supports",The First Harmful Event was Not a Collision with a Motor Vehicle in Transport,No,Non-Junction,Not an Intersection,Separator,,Daylight,Not Reported,No,Not Applicable,40.76590556,-104.99035833,LARIMER (69),NOT APPLICABLE
80096,2020,1,0,0,2,2,0,2,2,Colorado,March,30,Monday,9:00am-9:59am,38,U.S. Highway,Rural,Principal Arterial - Other,State Highway Agency,This section IS ON the NHS,No Special Jurisdiction,Motor Vehicle In-Transport,Front-to-Rear,No,Non-Junction,Not an Intersection,On Roadway,,Daylight,Snow,No,Not Applicable,37.53136111,-108.71713333,MONTEZUMA (83),NOT APPLICABLE
80097,2020,1,1,1,1,1,0,1,1,Colorado,March,15,Sunday,12:00pm-12:59pm,33,Local Street - Municipality,Urban,Major Collector,City or Municipal Highway Agency,This section IS NOT on the NHS,No Special Jurisdiction,Pedestrian,The First Harmful Event was Not a Collision with a Motor Vehicle in Transport,No,Intersection,T-Intersection,On Roadway,,Daylight,Not Reported,No,Not Applicable,39.18881944,-106.81855556,PITKIN (97),ASPEN
80098,2020,1,1,1,1,1,0,1,1,Colorado,March,7,Saturday,7:00pm-7:59pm,35,State Highway,Urban,Principal Arterial - Other,State Highway Agency,This section IS ON the NHS,No Special Jurisdiction,Pedestrian,The First Harmful Event was Not a Collision with a Motor Vehicle in Transport,No,Intersection-Related,T-Intersection,On Roadway,,Dark - Lighted,Not Reported,No,Not Applicable,39.73108056,-104.94077778,DENVER (31),DENVER