ST_CASE,YEAR,FATALS,PEDS,PERNOTMVIT,VE_TOTAL,VE_FORMS,PVH_INVL,PERSONS,PERMVIT,STATENAME,MONTHNAME,DAYNAME,DAY_WEEKNAME,HOURNAME,MINUTENAME,ROUTENAME,RUR_URBNAME,FUNC_SYSNAME,RD_OWNERNAME,NHSNAME,SP_JURNAME,HARM_EVNAME,MAN_COLLNAME,RELJCT1NAME,RELJCT2NAME,TYP_INTNAME,REL_ROADNAME,WRK_ZONENAME,LGT_CONDNAME,WEATHERNAME,SCH_BUSNAME,RAILNAME,LATITUDE,LONGITUD,COUNTYNAME,CITYNAME
80099,2020,1,0,0,2,2,0,3,3,Colorado,March,24,Tuesday,8:00am-8:59am,48,Interstate,Urban,Interstate,State Highway Agency,This section IS ON the NHS,No Special Jurisdiction,Concrete Traffic Barrier,The First Harmful Event was Not a Collision with a Motor Vehicle in Transport,No,Non-Junction,Not an Intersection,On Median,Construction,Daylight,Not Reported,No,Not Applicable,39.77340833,-104.83875556,DENVER (31),DENVER
80100,2020,1,0,0,4,2,2,2,2,Colorado,March,27,Friday,3:00pm-3:59pm,28,Local Street - Municipality,Urban,Minor Arterial,City or Municipal Highway Agency,This section IS NOT on the NHS,No Special Jurisdiction,Motor Vehicle In-Transport,Angle,No,Intersection,Four-Way Intersection,On Roadway,,Daylight,Not Reported,No,Not Applicable,39.68936667,-104.91833333,DENVER (31),DENVER
80101,2020,1,1,1,1,1,0,5,5,Colorado,March,8,Sunday,6:00pm-6:59pm,40,State Highway,Urban,Principal Arterial - Other,State Highway Agency,This section IS ON the NHS,No Special Jurisdiction,Pedestrian,The First Harmful Event was Not a Collision with a Motor Vehicle in Transport,No,Non-Junction,Not an Intersection,On Roadway,,Dusk,Not Reported,No,Not Applicable,38.25863056,-104.6388,PUEBLO (101),PUEBLO
80102,2020,1,1,1,2,2,0,2,2,Colorado,March,16,Monday,5:00am-5:59am,56,U.S. Highway,Urban,Principal Arterial - Other,State Highway Agency,This section IS ON the NHS,No Special Jurisdiction,Pedalcyclist,The First Harmful Event was Not a Collision with a Motor Vehicle in Transport,No,Non-Junction,Not an Intersection,On Shoulder,,Dark - Lighted,Not Reported,No,Not Applicable,38.48428611,-107.88393889,MONTROSE (85),MONTROSE
80103,2020,1,0,0,1,1,0,1,1,Colorado,March,25,Wednesday,4:00pm-4:59pm,55,U.S. Highway,Urban,Principal Arterial - Other,State Highway Agency,This section IS ON the NHS,No Special Jurisdiction,Rollover/Overturn,The First Harmful Event was Not a Collision with a Motor Vehicle in Transport,No,Non-Junction,Not an Intersection,On Roadside,,Daylight,Not Reported,No,Not Applicable,38.4562,-107.86644167,MONTROSE (85),MONTROSE
80104,2020,1,0,0,3,3,0,3,3,Colorado,April,1,Wednesday,11:00am-11:59am,39,Interstate,Urban,Interstate,State Highway Agency,This section IS ON the NHS,No Special Jurisdiction,Motor Vehicle In-Transport,Angle,Yes,Through Roadway,Not an Intersection,On Roadway,,Daylight,Not Reported,No,Not Applicable,39.82491111,-104.95478889,ADAMS (1),NOT APPLICABLE
80105,2020,1,0,0,2,2,0,3,3,Colorado,April,4,Saturday,9:00pm-9:59pm,11,State Highway,Rural,Principal Arterial - Other,State Highway Agency,This section IS ON the NHS,No Special Jurisdiction,Motor Vehicle In-Transport,Front-to-Front,No,Non-Junction,Not an Intersection,On Roadway,,Dark - Not Lighted,Not Reported,No,Not Applicable,38.83865833,-104.54152778,EL PASO (41),NOT APPLICABLE
80106,2020,1,0,0,1,1,0,1,1,Colorado,April,5,Sunday,5:00pm-5:59pm,30,State Highway,Rural,Minor Arterial,State Highway Agency,This section IS NOT on the NHS,No Special Jurisdiction,Boulder,The First Harmful Event was Not a Collision with a Motor Vehicle in Transport,No,Non-Junction,Not an Intersection,On Roadside,,Daylight,Not Reported,No,Not Applicable,38.409975,-108.81629722,MONTROSE (85),NOT APPLICABLE
80107,2020,1,0,0,1,1,0,1,1,Colorado,April,5,Sunday,2:00pm-2:59pm,30,State Highway,Rural,Minor Arterial,State Highway Agency,This section IS NOT on the NHS,No Special Jurisdiction,Guardrail Face,The First Harmful Event was Not a Collision with a Motor Vehicle in Transport,No,Non-Junction,Not an Intersection,On Roadside,,Daylight,Clear,No,Not Applicable,39.415125,-108.80741944,GARFIELD (45),NOT APPLICABLE
80108,2020,1,0,0,1,1,0,1,1,Colorado,April,5,Sunday,6:00am-6:59am,1,Local Street - Frontage Road,Urban,Principal Arterial - Other,State Highway Agency,This section IS ON the NHS,No Special Jurisdiction,Rollover/Overturn,The First Harmful Event was Not a Collision with a Motor Vehicle in Transport,No,Non-Junction,Not an Intersection,On Roadway,,Dark - Lighted,Not Reported,No,Not Applicable,39.07681389,-108.500675,MESA (77),GRAND JUNCTION
80109,2020,1,0,0,1,1,0,3,3,Colorado,April,6,Monday,4:00pm-4:59pm,25,Interstate,Rural,Interstate,State Highway Agency,This section IS ON the NHS,No Special Jurisdiction,Rollover/Overturn,The First Harmful Event was Not a Collision with a Motor Vehicle in Transport,No,Non-Junction,Not an Intersection,On Roadway,,Daylight,Clear,No,Not Applicable,40.81138889,-102.84145556,LOGAN (75),NOT APPLICABLE
80110,2020,2,0,0,1,1,0,2,2,Colorado,April,7,Tuesday,4:00pm-4:59pm,4,U.S. Highway,Rural,Minor Arterial,State Highway Agency,This section IS NOT on the NHS,No Special Jurisdiction,Guardrail Face,The First Harmful Event was Not a Collision with a Motor Vehicle in Transport,No,Non-Junction,Not an Intersection,On Roadside,,Daylight,Not Reported,No,Not Applicable,39.73415556,-105.369275,JEFFERSON (59),NOT APPLICABLE
80111,2020,1,0,0,1,1,0,1,1,Colorado,April,8,Wednesday,4:00pm-4:59pm,35,State Highway,Rural,Minor Arterial,State Highway Agency,This section IS NOT on the NHS,No Special Jurisdiction,Rollover/Overturn,The First Harmful Event was Not a Collision with a Motor Vehicle in Transport,No,Non-Junction,Not an Intersection,On Roadside,,Daylight,Not Reported,No,Not Applicable,38.18547222,-105.10457222,CUSTER (27),NOT APPLICABLE
80112,2020,1,0,0,1,1,0,1,1,Colorado,April,11,Saturday,12:00pm-12:59pm,0,U.S. Highway,Rural,Principal Arterial - Other,State Highway Agency,This section IS ON the NHS,No Special Jurisdiction,Cable Barrier,The First Harmful Event was Not a Collision with a Motor Vehicle in Transport,No,Non-Junction,Not an Intersection,On Median,,Daylight,Not Reported,No,Not Applicable,39.55377778,-105.2412,JEFFERSON (59),NOT APPLICABLE
80113,2020,1,1,1,1,1,0,1,1,Colorado,April,9,Thursday,7:00am-7:59am,46,Local Street - Municipality,Urban,Minor Arterial,City or Municipal Highway Agency,This section IS NOT on the NHS,No Special Jurisdiction,Pedestrian,The First Harmful Event was Not a Collision with a Motor Vehicle in Transport,No,Intersection-Related,T-Intersection,On Roadway,,Daylight,Not Reported,No,Not Applicable,40.42802222,-105.11568056,LARIMER (69),LOVELAND
80115,2020,1,0,3,2,1,1,4,1,Colorado,April,14,Tuesday,2:00pm-2:59pm,14,U.S. Highway,Urban,Principal Arterial - Other Freeways and Expressways,State Highway Agency,This section IS ON the NHS,No Special Jurisdiction,Working Motor Vehicle,The First Harmful Event was Not a Collision with a Motor Vehicle in Transport,Yes,Through Roadway,Not an Intersection,On Roadway,Construction,Daylight,Not Reported,No,Not Applicable,39.86630556,-105.05780556,JEFFERSON (59),WESTMINSTER
80116,2020,1,0,0,1,1,0,1,1,Colorado,April,15,Wednesday,5:00am-5:59am,58,State Highway,Rural,Major Collector,State Highway Agency,This section IS NOT on the NHS,No Special Jurisdiction,Guardrail Face,The First Harmful Event was Not a Collision with a Motor Vehicle in Transport,No,Non-Junction,Not an Intersection,On Roadside,,Dark - Not Lighted,Not Reported,No,Not Applicable,38.00583333,-108.93366667,SAN MIGUEL (113),NOT APPLICABLE
80117,2020,1,0,0,1,1,0,2,2,Colorado,April,16,Thursday,7:00am-7:59am,16,State Highway,Rural,Minor Arterial,State Highway Agency,This section IS NOT on the NHS,No Special Jurisdiction,"Post, Pole or Other Supports",The First Harmful Event was Not a Collision with a Motor Vehicle in Transport,No,Non-Junction,Not an Intersection,On Roadside,,Daylight,Not Reported,No,Not Applicable,39.06923611,-108.09843333,MESA (77),NOT APPLICABLE
80118,2020,1,0,0,1,1,0,1,1,Colorado,April,15,Wednesday,4:00pm-4:59pm,40,Interstate,Urban,Interstate,State Highway Agency,This section IS ON the NHS,No Special Jurisdiction,Other Object (not fixed),The First Harmful Event was Not a Collision with a Motor Vehicle in Transport,Yes,Other location within Interchange Area,Not an Intersection,On Roadside,,Daylight,Not Reported,No,Not Applicable,39.08916667,-104.86225,EL PASO (41),NOT APPLICABLE
80119,2020,1,0,0,1,1,0,1,1,Colorado,April,18,Saturday,4:00pm-4:59pm,57,Local Street - Municipality,Urban,Minor Arterial,City or Municipal Highway Agency,This section IS NOT on the NHS,No Special Jurisdiction,Traffic Sign Support,The First Harmful Event was Not a Collision with a Motor Vehicle in Transport,No,Intersection-Related,T-Intersection,On Roadside,,Daylight,Not Reported,No,Not Applicable,40.45203333,-104.71633889,WELD (123),GREELEY
80120,2020,1,0,0,1,1,0,1,1,Colorado,April,19,Sunday,8:00am-8:59am,20,State Highway,Rural,Minor Arterial,State Highway Agency,This section IS NOT on the NHS,No Special Jurisdiction,Guardrail Face,The First Harmful Event was Not a Collision with a Motor Vehicle in Transport,No,Non-Junction,Not an Intersection,On Roadside,,Daylight,Not Reported,No,Not Applicable,38.7837,-106.87118333,GUNNISON (51),NOT APPLICABLE
80121,2020,1,0,0,2,2,0,3,3,Colorado,April,15,Wednesday,2:00pm-2:59pm,15,Local Street - Municipality,Urban,Principal Arterial - Other,City or Municipal Highway Agency,This section IS ON the NHS,No Special Jurisdiction,Motor Vehicle In-Transport,Front-to-Rear,No,Intersection-Related,Four-Way Intersection,On Roadway,,Daylight,Not Reported,No,Not Applicable,39.68553333,-104.80980833,ARAPAHOE (5),AURORA
80122,2020,1,0,0,2,2,0,3,3,Colorado,April,21,Tuesday,12:00pm-12:59pm,37,State Highway,Rural,Minor Arterial,State Highway Agency,This section IS NOT on the NHS,No Special Jurisdiction,Motor Vehicle In-Transport,Front-to-Front,No,Non-Junction,Not an Intersection,On Roadway,,Daylight,Not Reported,No,Not Applicable,38.54298333,-104.96063611,FREMONT (43),NOT APPLICABLE
80123,2020,1,0,0,1,1,0,1,1,Colorado,April,20,Monday,5:00pm-5:59pm,2,Local Street - Municipality,Urban,Minor Arterial,City or Municipal Highway Agency,This section IS NOT on the NHS,No Special Jurisdiction,Utility Pole/Light Support,The First Harmful Event was Not a Collision with a Motor Vehicle in Transport,No,Non-Junction,Not an Intersection,On Roadside,,Daylight,Not Reported,No,Not Applicable,39.77821111,-105.10676667,JEFFERSON (59),WHEAT RIDGE
80124,2020,1,0,0,2,2,0,5,5,Colorado,April,25,Saturday,6:00pm-6:59pm,10,County Road,Rural,Major Collector,County Highway Agency,This section IS NOT on the NHS,No Special Jurisdiction,Motor Vehicle In-Transport,Angle,No,Intersection,Four-Way Intersection,On Roadway,,Daylight,Not Reported,No,Not Applicable,40.10215278,-104.37625833,WELD (123),NOT APPLICABLE
80125,2020,2,0,0,1,1,0,2,2,Colorado,April,25,Saturday,11:00pm-11:59pm,27,County Road,Urban,Local,County Highway Agency,This section IS NOT on the NHS,No Special Jurisdiction,Rollover/Overturn,The First Harmful Event was Not a Collision with a Motor Vehicle in Transport,No,Non-Junction,Not an Intersection,On Roadside,,Dark - Not Lighted,Not Reported,No,Not Applicable,40.47027778,-104.69671389,WELD (123),NOT APPLICABLE
80126,2020,1,0,0,1,1,0,1,1,Colorado,April,26,Sunday,1:00am-1:59am,43,Local Street - Municipality,Urban,Minor Arterial,City or Municipal Highway Agency,This section IS NOT on the NHS,No Special Jurisdiction,Tree (Standing Only),The First Harmful Event was Not a Collision with a Motor Vehicle in Transport,No,Non-Junction,Not an Intersection,On Median,,Dark - Lighted,Not Reported,No,Not Applicable,39.53716667,-104.76366667,DOUGLAS (35),PARKER
80127,2020,1,0,0,1,1,0,1,1,Colorado,April,26,Sunday,1:00pm-1:59pm,41,County Road,Rural,Major Collector,County Highway Agency,This section IS NOT on the NHS,No Special Jurisdiction,Ground,The First Harmful Event was Not a Collision with a Motor Vehicle in Transport,No,Non-Junction,Not an Intersection,On Roadside,,Daylight,Not Reported,No,Not Applicable,40.78790556,-105.25222222,LARIMER (69),NOT APPLICABLE
80128,2020,1,0,0,2,2,0,2,2,Colorado,April,26,Sunday,2:00pm-2:59pm,37,State Highway,Rural,Principal Arterial - Other,State Highway Agency,This section IS ON the NHS,No Special Jurisdiction,Rollover/Overturn,The First Harmful Event was Not a Collision with a Motor Vehicle in Transport,No,Intersection-Related,T-Intersection,On Roadway,,Daylight,Not Reported,No,Not Applicable,39.40327778,-104.75799167,DOUGLAS (35),NOT APPLICABLE
80129,2020,1,0,0,2,2,0,2,2,Colorado,April,26,Sunday,5:00pm-5:59pm,3,Local Street - Municipality,Urban,Local,City or Municipal Highway Agency,This section IS NOT on the NHS,No Special Jurisdiction,Motor Vehicle In-Transport,Angle,No,Intersection,Four-Way Intersection,On Roadway,,Daylight,Not Reported,No,Not Applicable,39.49306944,-104.76482778,DOUGLAS (35),PARKER
80130,2020,1,0,0,2,2,0,3,3,Colorado,April,27,Monday,4:00pm-4:59pm,5,Interstate,Urban,Interstate,State Highway Agency,This section IS ON the NHS,No Special Jurisdiction,Concrete Traffic Barrier,The First Harmful Event was Not a Collision with a Motor Vehicle in Transport,No,Non-Junction,Not an Intersection,On Roadside,,Daylight,Not Reported,No,Not Applicable,39.50562222,-104.87363333,DOUGLAS (35),NOT APPLICABLE
80131,2020,1,0,0,1,1,0,1,1,Colorado,April,25,Saturday,4:00pm-4:59pm,53,Local Street - Municipality,Urban,Major Collector,City or Municipal Highway Agency,This section IS NOT on the NHS,No Special Jurisdiction,Curb,The First Harmful Event was Not a Collision with a Motor Vehicle in Transport,No,Intersection-Related,Roundabout,On Roadside,,Daylight,Not Reported,No,Not Applicable,40.4658,-105.02040556,LARIMER (69),LOVELAND
80132,2020,1,0,0,1,1,0,4,4,Colorado,April,26,Sunday,10:00pm-10:59pm,30,State Highway,Urban,Principal Arterial - Other,State Highway Agency,This section IS ON the NHS,No Special Jurisdiction,Fence,The First Harmful Event was Not a Collision with a Motor Vehicle in Transport,No,Intersection-Related,T-Intersection,Outside Trafficway,,Dark - Lighted,Clear,No,Not Applicable,39.61408333,-104.81539167,ARAPAHOE (5),NOT APPLICABLE
80133,2020,1,0,0,3,3,0,5,5,Colorado,April,30,Thursday,2:00pm-2:59pm,30,State Highway,Rural,Minor Arterial,State Highway Agency,This section IS NOT on the NHS,No Special Jurisdiction,Motor Vehicle In-Transport,Front-to-Front,No,Non-Junction,Not an Intersection,On Roadway,,Daylight,Not Reported,No,Not Applicable,38.1821,-103.89062778,CROWLEY (25),NOT APPLICABLE
80134,2020,1,0,0,2,2,0,2,2,Colorado,April,18,Saturday,7:00pm-7:59pm,33,Local Street - Municipality,Urban,Principal Arterial - Other,City or Municipal Highway Agency,This section IS ON the NHS,No Special Jurisdiction,Motor Vehicle In-Transport,Angle,No,Intersection,Four-Way Intersection,On Roadway,,Dark - Lighted,Not Reported,No,Not Applicable,38.78436667,-104.73893056,EL PASO (41),COLORADO SPRINGS
80135,2020,1,0,0,1,1,0,1,1,Colorado,April,27,Monday,1:00pm-1:59pm,55,County Road,Rural,Major Collector,County Highway Agency,This section IS NOT on the NHS,No Special Jurisdiction,Rollover/Overturn,The First Harmful Event was Not a Collision with a Motor Vehicle in Transport,No,Non-Junction,Not an Intersection,On Roadway,,Daylight,Not Reported,No,Not Applicable,40.3997,-105.19262778,LARIMER (69),NOT APPLICABLE
80136,2020,1,1,1,1,1,0,1,1,Colorado,May,3,Sunday,1:00am-1:59am,58,U.S. Highway,Urban,Principal Arterial - Other,State Highway Agency,This section IS ON the NHS,No Special Jurisdiction,Pedestrian,The First Harmful Event was Not a Collision with a Motor Vehicle in Transport,No,Intersection-Related,T-Intersection,On Roadway,,Dark - Lighted,Not Reported,No,Not Applicable,39.80459444,-105.02537222,ADAMS (1),NOT APPLICABLE
80137,2020,1,0,0,2,2,0,6,6,Colorado,May,3,Sunday,6:00pm-6:59pm,12,Local Street - Municipality,Urban,Minor Arterial,City or Municipal Highway Agency,This section IS NOT on the NHS,No Special Jurisdiction,Motor Vehicle In-Transport,Angle,No,Intersection,T-Intersection,On Roadway,,Daylight,Not Reported,No,Not Applicable,39.66763333,-104.83669444,ARAPAHOE (5),AURORA
80138,2020,1,0,0,1,1,0,1,1,Colorado,May,3,Sunday,6:00pm-6:59pm,35,State Highway,Rural,Minor Arterial,State Highway Agency,This section IS NOT on the NHS,No Special Jurisdiction,Rollover/Overturn,The First Harmful Event was Not a Collision with a Motor Vehicle in Transport,No,Non-Junction,Not an Intersection,On Roadside,,Daylight,Not Reported,No,Not Applicable,38.85318611,-107.65530278,DELTA (29),NOT APPLICABLE
80139,2020,1,0,0,1,1,0,1,1,Colorado,May,5,Tuesday,12:00pm-12:59pm,46,County Road,Rural,Local,County Highway Agency,This section IS NOT on the NHS,No Special Jurisdiction,Rollover/Overturn,The First Harmful Event was Not a Collision with a Motor Vehicle in Transport,No,Non-Junction,Not an Intersection,On Roadway,,Daylight,Clear,No,Not Applicable,38.00380556,-103.63769167,OTERO (89),NOT APPLICABLE
80140,2020,1,0,0,1,1,0,1,1,Colorado,May,4,Monday,3:00pm-3:59pm,0,Local Street - Municipality,Urban,Local,City or Municipal Highway Agency,This section IS NOT on the NHS,No Special Jurisdiction,Rollover/Overturn,The First Harmful Event was Not a Collision with a Motor Vehicle in Transport,No,Non-Junction,Not an Intersection,On Roadside,,Daylight,Not Reported,No,Not Applicable,38.38024167,-104.70455556,PUEBLO (101),PUEBLO WEST
80141,2020,2,0,0,1,1,0,2,2,Colorado,May,7,Thursday,2:00am-2:59am,20,Local Street - Municipality,Urban,Minor Arterial,City or Municipal Highway Agency,This section IS NOT on the NHS,No Special Jurisdiction,Curb,The First Harmful Event was Not a Collision with a Motor Vehicle in Transport,No,Non-Junction,Not an Intersection,On Roadside,,Dark - Not Lighted,Not Reported,No,Not Applicable,39.86266667,-105.03435,ADAMS (1),WESTMINSTER
80142,2020,1,0,0,1,1,0,1,1,Colorado,May,6,Wednesday,12:00pm-12:59pm,45,U.S. Highway,Rural,Minor Arterial,State Highway Agency,This section IS NOT on the NHS,No Special Jurisdiction,Embankment,The First Harmful Event was Not a Collision with a Motor Vehicle in Transport,No,Non-Junction,Not an Intersection,On Roadside,,Daylight,Not Reported,No,Not Applicable,39.74094444,-105.33963889,JEFFERSON (59),NOT APPLICABLE
80143,2020,1,0,0,1,1,0,1,1,Colorado,May,2,Saturday,7:00pm-7:59pm,41,Local Street - Municipality,Urban,Principal Arterial - Other,City or Municipal Highway Agency,This section IS ON the NHS,No Special Jurisdiction,Rollover/Overturn,The First Harmful Event was Not a Collision with a Motor Vehicle in Transport,No,Intersection-Related,T-Intersection,On Roadway,,Daylight,Not Reported,No,Not Applicable,38.79331111,-104.75774444,EL PASO (41),COLORADO SPRINGS
80144,2020,1,0,0,1,1,0,1,1,Colorado,May,6,Wednesday,6:00pm-6:59pm,36,Local Street - Municipality,Urban,Minor Arterial,City or Municipal Highway Agency,This section IS NOT on the NHS,No Special Jurisdiction,Rollover/Overturn,The First Harmful Event was Not a Collision with a Motor Vehicle in Transport,Yes,Intersection-Related,Four-Way Intersection,On Roadway,,Daylight,Not Reported,No,Not Applicable,39.97358333,-104.93750833,ADAMS (1),THORNTON
80145,2020,1,1,1,1,1,0,1,1,Colorado,May,1,Friday,6:00pm-6:59pm,42,Local Street - Municipality,Urban,Minor Arterial,City or Municipal Highway Agency,This section IS NOT on the NHS,No Special Jurisdiction,Pedalcyclist,The First Harmful Event was Not a Collision with a Motor Vehicle in Transport,No,Intersection,Four-Way Intersection,On Roadway,,Daylight,Not Reported,No,Not Applicable,39.56614444,-104.92312778,DOUGLAS (35),Other
80146,2020,1,0,0,2,2,0,2,2,Colorado,May,11,Monday,5:00pm-5:59pm,30,Interstate,Rural,Interstate,State Highway Agency,This section IS ON the NHS,No Special Jurisdiction,"Post, Pole or Other Supports",The First Harmful Event was Not a Collision with a Motor Vehicle in Transport,No,Non-Junction,Not an Intersection,On Median,,Daylight,Rain,No,Not Applicable,39.57243056,-107.46415278,GARFIELD (45),NOT APPLICABLE
80147,2020,1,0,0,3,3,0,3,3,Colorado,May,12,Tuesday,6:00am-6:59am,1,State Highway,Urban,Minor Arterial,State Highway Agency,This section IS NOT on the NHS,No Special Jurisdiction,Motor Vehicle In-Transport,Sideswipe - Opposite Direction,No,Non-Junction,Not an Intersection,On Roadway,,Dawn,Not Reported,No,Not Applicable,40.4804,-105.02247222,LARIMER (69),FORT COLLINS
80148,2020,1,0,0,2,2,0,3,3,Colorado,May,13,Wednesday,5:00pm-5:59pm,0,U.S. Highway,Urban,Principal Arterial - Other,State Highway Agency,This section IS ON the NHS,No Special Jurisdiction,Motor Vehicle In-Transport,Front-to-Front,No,Intersection,Four-Way Intersection,On Roadway,,Daylight,Not Reported,No,Not Applicable,40.64601667,-105.13744444,LARIMER (69),NOT APPLICABLE
80149,2020,1,0,0,2,2,0,3,3,Colorado,May,13,Wednesday,7:00pm-7:59pm,5,County Road,Urban,Major Collector,County Highway Agency,This section IS NOT on the NHS,No Special Jurisdiction,Rollover/Overturn,The First Harmful Event was Not a Collision with a Motor Vehicle in Transport,No,Non-Junction,Not an Intersection,On Roadway,,Daylight,Clear,No,Not Applicable,40.55220278,-105.14851111,LARIMER (69),NOT APPLICABLE
80150,2020,1,0,0,1,1,0,1,1,Colorado,May,14,Thursday,1:00pm-1:59pm,50,State Highway,Urban,Principal Arterial - Other Freeways and Expressways,State Highway Agency,This section IS ON the NHS,No Special Jurisdiction,Rollover/Overturn,The First Harmful Event was Not a Collision with a Motor Vehicle in Transport,Yes,Intersection-Related,T-Intersection,On Roadway,,Daylight,Not Reported,No,Not Applicable,38.85316667,-104.71995556,EL PASO (41),NOT APPLICABLE
80151,2020,1,0,0,2,2,0,3,3,Colorado,May,14,Thursday,8:00pm-8:59pm,44,Interstate,Rural,Interstate,State Highway Agency,This section IS ON the NHS,No Special Jurisdiction,Motor Vehicle In-Transport,Front-to-Rear,No,Non-Junction,Not an Intersection,On Roadway,,Dark - Not Lighted,Not Reported,No,Not Applicable,39.72743611,-104.26802778,ARAPAHOE (5),NOT APPLICABLE
80152,2020,1,0,0,1,1,0,1,1,Colorado,May,15,Friday,4:00am-4:59am,37,U.S. Highway,Urban,Principal Arterial - Other Freeways and Expressways,State Highway Agency,This section IS ON the NHS,No Special Jurisdiction,Rollover/Overturn,The First Harmful Event was Not a Collision with a Motor Vehicle in Transport,Yes,Other location within Interchange Area,Not an Intersection,On Roadside,,Dark - Not Lighted,Not Reported,No,Not Applicable,39.93111111,-104.84782222,ADAMS (1),BRIGHTON
80153,2020,1,0,0,1,1,0,1,1,Colorado,May,16,Saturday,12:00pm-12:59pm,32,County Road,Rural,Minor Collector,County Highway Agency,This section IS NOT on the NHS,No Special Jurisdiction,Rollover/Overturn,The First Harmful Event was Not a Collision with a Motor Vehicle in Transport,No,Non-Junction,Not an Intersection,On Roadside,,Daylight,Not Reported,No,Not Applicable,38.64194444,-105.21433333,FREMONT (43),NOT APPLICABLE
80154,2020,1,0,0,4,4,0,8,8,Colorado,May,16,Saturday,7:00pm-7:59pm,45,Local Street - Municipality,Urban,Principal Arterial - Other,City or Municipal Highway Agency,This section IS ON the NHS,No Special Jurisdiction,Curb,The First Harmful Event was Not a Collision with a Motor Vehicle in Transport,No,Intersection-Related,T-Intersection,On Roadside,,Dusk,Not Reported,No,Not Applicable,39.71124444,-104.85663333,ARAPAHOE (5),AURORA
80155,2020,1,0,0,1,1,0,1,1,Colorado,May,17,Sunday,1:00pm-1:59pm,32,State Highway,Rural,Minor Arterial,State Highway Agency,This section IS NOT on the NHS,No Special Jurisdiction,Rollover/Overturn,The First Harmful Event was Not a Collision with a Motor Vehicle in Transport,No,Non-Junction,Not an Intersection,On Roadway,,Daylight,Not Reported,No,Not Applicable,39.07027778,-108.09658611,MESA (77),NOT APPLICABLE
80156,2020,1,0,0,2,2,0,2,2,Colorado,May,8,Friday,9:00am-9:59am,4,U.S. Highway,Urban,Principal Arterial - Other,State Highway Agency,This section IS ON the NHS,No Special Jurisdiction,Motor Vehicle In-Transport,Angle,Yes,Intersection-Related,T-Intersection,On Roadway,,Daylight,Not Reported,No,Not Applicable,39.74050278,-105.01551667,DENVER (31),DENVER
80157,2020,1,0,0,2,2,0,3,3,Colorado,May,16,Saturday,3:00pm-3:59pm,26,Local Street - Municipality,Urban,Minor Arterial,City or Municipal Highway Agency,This section IS NOT on the NHS,No Special Jurisdiction,Motor Vehicle In-Transport,Front-to-Rear,No,Intersection-Related,T-Intersection,On Roadway,,Daylight,Not Reported,No,Not Applicable,40.50884444,-105.096275,LARIMER (69),FORT COLLINS
80158,2020,1,0,0,1,1,0,1,1,Colorado,May,13,Wednesday,5:00am-5:59am,30,State Highway,Rural,Principal Arterial - Other,State Highway Agency,This section IS ON the NHS,No Special Jurisdiction,Traffic Sign Support,The First Harmful Event was Not a Collision with a Motor Vehicle in Transport,No,Intersection-Related,T-Intersection,On Roadside,,Dawn,"Fog, Smog, Smoke",No,Not Applicable,39.41661389,-103.67748333,LINCOLN (73),NOT APPLICABLE
80159,2020,1,0,0,2,2,0,6,6,Colorado,May,16,Saturday,11:00pm-11:59pm,37,U.S. Highway,Urban,Principal Arterial - Other Freeways and Expressways,State Highway Agency,This section IS ON the NHS,No Special Jurisdiction,Motor Vehicle In-Transport,Front-to-Rear,Yes,Through Roadway,Not an Intersection,On Roadway,,Dark - Lighted,Not Reported,No,Not Applicable,39.72534167,-105.1139,JEFFERSON (59),LAKEWOOD
80160,2020,1,0,0,2,2,0,3,3,Colorado,May,18,Monday,9:00pm-9:59pm,25,State Highway,Rural,Minor Arterial,State Highway Agency,This section IS NOT on the NHS,No Special Jurisdiction,Motor Vehicle In-Transport,Front-to-Front,No,Non-Junction,Not an Intersection,On Roadway,,Dark - Not Lighted,Not Reported,No,Not Applicable,38.917,-107.53963056,DELTA (29),NOT APPLICABLE
80161,2020,1,0,0,2,2,0,2,2,Colorado,May,19,Tuesday,11:00am-11:59am,51,Interstate,Urban,Interstate,State Highway Agency,This section IS ON the NHS,No Special Jurisdiction,Rollover/Overturn,The First Harmful Event was Not a Collision with a Motor Vehicle in Transport,No,Non-Junction,Not an Intersection,On Roadway,Construction,Daylight,Not Reported,No,Not Applicable,39.77595833,-104.86777778,DENVER (31),DENVER
80162,2020,1,1,1,1,1,0,1,1,Colorado,May,20,Wednesday,8:00pm-8:59pm,47,State Highway,Urban,Principal Arterial - Other,State Highway Agency,This section IS ON the NHS,No Special Jurisdiction,Pedestrian,The First Harmful Event was Not a Collision with a Motor Vehicle in Transport,No,Intersection-Related,Four-Way Intersection,On Roadway,,Dark - Lighted,Not Reported,No,Not Applicable,39.85627778,-105.08181944,JEFFERSON (59),ARVADA
80163,2020,1,0,0,3,3,0,8,8,Colorado,May,20,Wednesday,4:00pm-4:59pm,34,U.S. Highway,Rural,Principal Arterial - Other,State Highway Agency,This section IS ON the NHS,No Special Jurisdiction,Motor Vehicle In-Transport,Front-to-Front,No,Non-Junction,Not an Intersection,On Roadway,,Daylight,Not Reported,No,Not Applicable,39.02621389,-104.42536389,EL PASO (41),NOT APPLICABLE