ST_CASE,YEAR,FATALS,PEDS,PERNOTMVIT,VE_TOTAL,VE_FORMS,PVH_INVL,PERSONS,PERMVIT,STATENAME,MONTHNAME,DAYNAME,DAY_WEEKNAME,HOURNAME,MINUTENAME,ROUTENAME,RUR_URBNAME,FUNC_SYSNAME,RD_OWNERNAME,NHSNAME,SP_JURNAME,HARM_EVNAME,MAN_COLLNAME,RELJCT1NAME,RELJCT2NAME,TYP_INTNAME,REL_ROADNAME,WRK_ZONENAME,LGT_CONDNAME,WEATHERNAME,SCH_BUSNAME,RAILNAME,LATITUDE,LONGITUD,COUNTYNAME,CITYNAME
80164,2020,1,0,0,2,2,0,3,3,Colorado,May,23,Saturday,10:00am-10:59am,34,U.S. Highway,Rural,Principal Arterial - Other,State Highway Agency,This section IS ON the NHS,No Special Jurisdiction,Motor Vehicle In-Transport,Angle,No,Intersection,Four-Way Intersection,On Roadway,,Daylight,Not Reported,No,Not Applicable,40.65042778,-105.17118333,LARIMER (69),NOT APPLICABLE
80165,2020,1,0,0,2,2,0,3,3,Colorado,May,23,Saturday,9:00pm-9:59pm,13,State Highway,Urban,Principal Arterial - Other,State Highway Agency,This section IS ON the NHS,No Special Jurisdiction,Motor Vehicle In-Transport,Front-to-Front,No,Intersection-Related,Four-Way Intersection,On Roadway,,Dusk,Not Reported,No,Not Applicable,39.91373056,-105.09685278,BROOMFIELD (14),BROOMFIELD
80166,2020,1,1,1,1,1,0,0,0,Colorado,May,24,Sunday,6:00pm-6:59pm,57,County Road,Urban,Local,County Highway Agency,This section IS NOT on the NHS,No Special Jurisdiction,Pedestrian,The First Harmful Event was Not a Collision with a Motor Vehicle in Transport,No,Non-Junction,Not an Intersection,On Roadway,,Dusk,Not Reported,No,Not Applicable,39.57825,-105.08838056,JEFFERSON (59),NOT APPLICABLE
80167,2020,1,0,0,2,2,0,3,3,Colorado,May,25,Monday,12:00pm-12:59pm,40,U.S. Highway,Rural,Principal Arterial - Other,State Highway Agency,This section IS ON the NHS,No Special Jurisdiction,Motor Vehicle In-Transport,Front-to-Front,No,Non-Junction,Not an Intersection,On Roadway,,Daylight,Clear,No,Not Applicable,37.57406667,-105.16909722,HUERFANO (55),NOT APPLICABLE
80168,2020,1,0,0,1,1,0,1,1,Colorado,May,21,Thursday,8:00pm-8:59pm,55,State Highway,Rural,Minor Arterial,State Highway Agency,This section IS NOT on the NHS,No Special Jurisdiction,Rollover/Overturn,The First Harmful Event was Not a Collision with a Motor Vehicle in Transport,No,Non-Junction,Not an Intersection,On Roadside,,Dark - Not Lighted,Not Reported,No,Not Applicable,38.83916667,-104.29302778,EL PASO (41),NOT APPLICABLE
80169,2020,1,0,0,2,2,0,3,3,Colorado,May,25,Monday,12:00pm-12:59pm,45,State Highway,Rural,Minor Arterial,State Highway Agency,This section IS NOT on the NHS,No Special Jurisdiction,Motor Vehicle In-Transport,Angle,No,Driveway Access Related,Not an Intersection,On Roadway,,Daylight,Not Reported,No,Not Applicable,39.45698611,-106.14472222,SUMMIT (117),NOT APPLICABLE
80170,2020,1,0,0,3,3,0,4,4,Colorado,May,19,Tuesday,5:00pm-5:59pm,32,State Highway,Urban,Principal Arterial - Other,State Highway Agency,This section IS ON the NHS,No Special Jurisdiction,Motor Vehicle In-Transport,Angle,Yes,Intersection,Four-Way Intersection,On Roadway,,Daylight,Not Reported,No,Not Applicable,39.86037222,-105.05413056,JEFFERSON (59),WESTMINSTER
80171,2020,1,0,0,2,2,0,3,3,Colorado,May,24,Sunday,1:00pm-1:59pm,57,Local Street - Municipality,Rural,Major Collector,City or Municipal Highway Agency,This section IS NOT on the NHS,No Special Jurisdiction,Motor Vehicle In-Transport,Front-to-Front,No,Non-Junction,Not an Intersection,On Roadway,,Daylight,Rain,No,Not Applicable,39.63845833,-104.71163889,ARAPAHOE (5),AURORA
80172,2020,1,0,0,2,2,0,2,2,Colorado,May,22,Friday,5:00pm-5:59pm,25,U.S. Highway,Urban,Principal Arterial - Other,State Highway Agency,This section IS ON the NHS,No Special Jurisdiction,Motor Vehicle In-Transport,Front-to-Front,No,Intersection,T-Intersection,On Roadway,,Daylight,Not Reported,No,Not Applicable,39.74029167,-105.03226667,DENVER (31),DENVER
80173,2020,1,0,0,1,1,0,5,5,Colorado,May,30,Saturday,5:00am-5:59am,35,County Road,Rural,Major Collector,County Highway Agency,This section IS NOT on the NHS,No Special Jurisdiction,Rollover/Overturn,The First Harmful Event was Not a Collision with a Motor Vehicle in Transport,No,Non-Junction,Not an Intersection,On Roadside,,Dark - Not Lighted,Not Reported,No,Not Applicable,38.4016,-102.08670556,KIOWA (61),NOT APPLICABLE
80174,2020,1,1,1,1,1,0,1,1,Colorado,May,22,Friday,8:00pm-8:59pm,35,State Highway,Urban,Principal Arterial - Other,State Highway Agency,This section IS ON the NHS,No Special Jurisdiction,Pedestrian,The First Harmful Event was Not a Collision with a Motor Vehicle in Transport,No,Non-Junction,Not an Intersection,On Roadway,,Dark - Lighted,Not Reported,No,Not Applicable,39.71113333,-105.01252778,DENVER (31),DENVER
80175,2020,1,0,0,1,1,0,1,1,Colorado,May,19,Tuesday,2:00pm-2:59pm,38,U.S. Highway,Rural,Principal Arterial - Other Freeways and Expressways,State Highway Agency,This section IS ON the NHS,No Special Jurisdiction,Traffic Sign Support,The First Harmful Event was Not a Collision with a Motor Vehicle in Transport,No,Non-Junction,Not an Intersection,On Roadside,,Daylight,Not Reported,No,Not Applicable,40.24415556,-104.81819444,WELD (123),PLATTEVILLE
80176,2020,1,0,0,1,1,0,1,1,Colorado,May,17,Sunday,9:00pm-9:59pm,26,U.S. Highway,Rural,Principal Arterial - Other Freeways and Expressways,State Highway Agency,This section IS ON the NHS,No Special Jurisdiction,Fence,The First Harmful Event was Not a Collision with a Motor Vehicle in Transport,No,Non-Junction,Not an Intersection,Outside Trafficway,,Dark - Lighted,Not Reported,No,Not Applicable,40.2325,-104.82072778,WELD (123),PLATTEVILLE
80177,2020,1,0,0,1,1,0,1,1,Colorado,May,19,Tuesday,1:00pm-1:59pm,5,Local Street - Municipality,Urban,Principal Arterial - Other,City or Municipal Highway Agency,This section IS ON the NHS,No Special Jurisdiction,Rollover/Overturn,The First Harmful Event was Not a Collision with a Motor Vehicle in Transport,No,Intersection,Four-Way Intersection,On Roadway,,Daylight,Not Reported,No,Not Applicable,38.78894444,-104.74725,EL PASO (41),COLORADO SPRINGS
80178,2020,1,0,0,2,2,0,2,2,Colorado,May,26,Tuesday,5:00pm-5:59pm,20,Local Street - Municipality,Urban,Principal Arterial - Other,City or Municipal Highway Agency,This section IS ON the NHS,No Special Jurisdiction,Motor Vehicle In-Transport,Angle,No,Intersection,T-Intersection,On Roadway,,Daylight,Not Reported,No,Not Applicable,38.88150556,-104.81883333,EL PASO (41),COLORADO SPRINGS
80179,2020,2,0,0,1,1,0,3,3,Colorado,May,19,Tuesday,2:00pm-2:59pm,53,County Road,Rural,Major Collector,County Highway Agency,This section IS NOT on the NHS,No Special Jurisdiction,Utility Pole/Light Support,The First Harmful Event was Not a Collision with a Motor Vehicle in Transport,No,Non-Junction,Not an Intersection,On Roadside,,Daylight,Not Reported,No,Not Applicable,40.59947778,-104.75417222,WELD (123),AULT
80180,2020,1,0,0,3,3,0,3,3,Colorado,May,27,Wednesday,10:00am-10:59am,15,U.S. Highway,Urban,Principal Arterial - Other,State Highway Agency,This section IS ON the NHS,No Special Jurisdiction,Motor Vehicle In-Transport,Sideswipe - Same Direction,Yes,Intersection-Related,Four-Way Intersection,On Roadway,,Daylight,Not Reported,No,Not Applicable,39.65318333,-104.91865,DENVER (31),DENVER
80181,2020,1,0,0,1,1,0,1,1,Colorado,May,11,Monday,8:00pm-8:59pm,3,State Highway,Urban,Principal Arterial - Other,State Highway Agency,This section IS ON the NHS,No Special Jurisdiction,Curb,The First Harmful Event was Not a Collision with a Motor Vehicle in Transport,Yes,Intersection-Related,Four-Way Intersection,On Roadside,,Dusk,Not Reported,No,Not Applicable,40.26818056,-103.62158889,MORGAN (87),BRUSH
80182,2020,1,0,0,1,1,0,1,1,Colorado,May,30,Saturday,6:00pm-6:59pm,16,State Highway,Rural,Principal Arterial - Other,State Highway Agency,This section IS ON the NHS,No Special Jurisdiction,Rollover/Overturn,The First Harmful Event was Not a Collision with a Motor Vehicle in Transport,No,Non-Junction,Not an Intersection,On Roadway,,Daylight,Not Reported,No,Not Applicable,40.20429722,-105.00277778,WELD (123),MEAD
80183,2020,1,1,1,1,1,0,1,1,Colorado,April,14,Tuesday,0:00am-0:59am,58,U.S. Highway,Urban,Principal Arterial - Other,State Highway Agency,This section IS ON the NHS,No Special Jurisdiction,Pedestrian,The First Harmful Event was Not a Collision with a Motor Vehicle in Transport,No,Non-Junction,Not an Intersection,On Roadway,,Dark - Not Lighted,Not Reported,No,Not Applicable,37.32970833,-108.60674167,MONTEZUMA (83),CORTEZ
80184,2020,1,0,0,2,2,0,2,2,Colorado,June,1,Monday,11:00am-11:59am,9,County Road,Rural,Local,County Highway Agency,This section IS NOT on the NHS,No Special Jurisdiction,Motor Vehicle In-Transport,Angle,No,Intersection,Four-Way Intersection,On Roadway,,Daylight,Clear,No,Not Applicable,39.068725,-103.53415278,LINCOLN (73),NOT APPLICABLE
80185,2020,1,0,0,1,1,0,2,2,Colorado,June,2,Tuesday,3:00am-3:59am,20,U.S. Highway,Rural,Principal Arterial - Other,State Highway Agency,This section IS ON the NHS,No Special Jurisdiction,Traffic Sign Support,The First Harmful Event was Not a Collision with a Motor Vehicle in Transport,No,Non-Junction,Not an Intersection,On Roadside,,Dark - Not Lighted,Clear,No,Not Applicable,38.74363889,-106.08165556,CHAFFEE (15),NOT APPLICABLE
80186,2020,1,0,0,1,1,0,2,2,Colorado,June,1,Monday,4:00am-4:59am,40,U.S. Highway,Urban,Principal Arterial - Other Freeways and Expressways,State Highway Agency,This section IS ON the NHS,No Special Jurisdiction,Rollover/Overturn,The First Harmful Event was Not a Collision with a Motor Vehicle in Transport,No,Non-Junction,Not an Intersection,On Roadside,,Dark - Not Lighted,Not Reported,No,Not Applicable,40.40628889,-104.83656111,WELD (123),GREELEY
80187,2020,1,0,0,1,1,0,2,2,Colorado,June,5,Friday,9:00am-9:59am,55,State Highway,Rural,Major Collector,State Highway Agency,This section IS NOT on the NHS,No Special Jurisdiction,Traffic Sign Support,The First Harmful Event was Not a Collision with a Motor Vehicle in Transport,No,Non-Junction,Not an Intersection,On Roadside,,Daylight,Clear,No,Not Applicable,40.42010278,-103.21754444,WASHINGTON (121),NOT APPLICABLE
80188,2020,1,0,0,2,2,0,2,2,Colorado,June,5,Friday,3:00pm-3:59pm,22,State Highway,Urban,Principal Arterial - Other,State Highway Agency,This section IS ON the NHS,No Special Jurisdiction,Motor Vehicle In-Transport,Front-to-Front,No,Non-Junction,Not an Intersection,On Roadway,,Daylight,Not Reported,No,Not Applicable,39.98651667,-104.89919444,ADAMS (1),THORNTON
80189,2020,1,0,0,1,1,0,2,2,Colorado,June,6,Saturday,5:00pm-5:59pm,10,Interstate,Rural,Interstate,State Highway Agency,This section IS ON the NHS,No Special Jurisdiction,Rollover/Overturn,The First Harmful Event was Not a Collision with a Motor Vehicle in Transport,Yes,Other location within Interchange Area,Not an Intersection,On Median,,Daylight,Severe Crosswinds,No,Not Applicable,39.35380556,-103.86548056,ELBERT (39),NOT APPLICABLE
80191,2020,1,0,0,1,1,0,1,1,Colorado,June,7,Sunday,6:00pm-6:59pm,55,Local Street - Township,Rural,Local,Town or Township Highway Agency,This section IS NOT on the NHS,No Special Jurisdiction,Tree (Standing Only),The First Harmful Event was Not a Collision with a Motor Vehicle in Transport,No,Non-Junction,Not an Intersection,On Roadside,,Dark - Not Lighted,Not Reported,No,Not Applicable,40.27819444,-106.83151111,ROUTT (107),OAK CREEK
80192,2020,2,0,0,2,2,0,4,4,Colorado,June,9,Tuesday,10:00am-10:59am,30,U.S. Highway,Rural,Principal Arterial - Other,State Highway Agency,This section IS ON the NHS,No Special Jurisdiction,Motor Vehicle In-Transport,Front-to-Front,No,Non-Junction,Not an Intersection,On Roadway,,Daylight,Rain,No,Not Applicable,40.15443056,-103.09090278,WASHINGTON (121),NOT APPLICABLE
80193,2020,1,0,0,4,4,0,4,4,Colorado,June,4,Thursday,5:00pm-5:59pm,41,State Highway,Urban,Principal Arterial - Other Freeways and Expressways,State Highway Agency,This section IS ON the NHS,No Special Jurisdiction,Motor Vehicle In-Transport,Sideswipe - Opposite Direction,No,Non-Junction,Not an Intersection,On Roadway,,Daylight,Not Reported,No,Not Applicable,39.64147222,-104.82895833,ARAPAHOE (5),AURORA
80194,2020,1,1,1,1,1,0,1,1,Colorado,June,10,Wednesday,9:00pm-9:59pm,35,County Road,Urban,Minor Arterial,County Highway Agency,This section IS NOT on the NHS,No Special Jurisdiction,Pedestrian,The First Harmful Event was Not a Collision with a Motor Vehicle in Transport,No,Driveway Access Related,Not an Intersection,On Roadway,,Dark - Not Lighted,Clear,No,Not Applicable,39.849,-105.01298889,ADAMS (1),NOT APPLICABLE
80195,2020,1,0,0,1,1,0,2,2,Colorado,June,11,Thursday,3:00pm-3:59pm,30,County Road,Rural,Minor Collector,County Highway Agency,This section IS NOT on the NHS,No Special Jurisdiction,"Post, Pole or Other Supports",The First Harmful Event was Not a Collision with a Motor Vehicle in Transport,No,Non-Junction,Not an Intersection,On Roadside,,Daylight,Not Reported,No,Not Applicable,38.50346944,-106.94027778,GUNNISON (51),NOT APPLICABLE
80196,2020,1,0,0,1,1,0,1,1,Colorado,June,13,Saturday,4:00pm-4:59pm,8,State Highway,Urban,Principal Arterial - Other,State Highway Agency,This section IS ON the NHS,No Special Jurisdiction,Rollover/Overturn,The First Harmful Event was Not a Collision with a Motor Vehicle in Transport,No,Non-Junction,Not an Intersection,On Roadside,,Daylight,Not Reported,No,Not Applicable,39.01069444,-104.77983333,EL PASO (41),NOT APPLICABLE
80197,2020,1,1,1,1,1,0,1,1,Colorado,June,10,Wednesday,0:00am-0:59am,21,State Highway,Urban,Principal Arterial - Other,State Highway Agency,This section IS ON the NHS,No Special Jurisdiction,Pedestrian,The First Harmful Event was Not a Collision with a Motor Vehicle in Transport,No,Non-Junction,Not an Intersection,On Roadway,,Dark - Lighted,Not Reported,No,Not Applicable,39.72564167,-104.84826667,ARAPAHOE (5),AURORA
80198,2020,1,1,1,2,2,0,1,1,Colorado,June,15,Monday,10:00am-10:59am,26,Interstate,Rural,Interstate,State Highway Agency,This section IS ON the NHS,No Special Jurisdiction,Motor Vehicle In-Transport,Sideswipe - Same Direction,No,Non-Junction,Not an Intersection,On Roadway,,Daylight,Not Reported,No,Not Applicable,37.08429444,-104.52086667,LAS ANIMAS (71),NOT APPLICABLE
80199,2020,1,0,0,1,1,0,1,1,Colorado,June,15,Monday,5:00pm-5:59pm,29,State Highway,Rural,Minor Arterial,State Highway Agency,This section IS NOT on the NHS,No Special Jurisdiction,Rollover/Overturn,The First Harmful Event was Not a Collision with a Motor Vehicle in Transport,No,Non-Junction,Not an Intersection,On Roadside,,Daylight,Not Reported,No,Not Applicable,38.25052778,-105.03138889,PUEBLO (101),NOT APPLICABLE
80200,2020,1,0,0,2,2,0,2,2,Colorado,June,10,Wednesday,5:00pm-5:59pm,30,State Highway,Urban,Principal Arterial - Other,State Highway Agency,This section IS ON the NHS,No Special Jurisdiction,Motor Vehicle In-Transport,Angle,No,Intersection,Four-Way Intersection,On Roadway,,Daylight,Not Reported,No,Not Applicable,39.06536944,-108.56614444,MESA (77),GRAND JUNCTION
80201,2020,1,1,1,2,2,0,2,2,Colorado,June,16,Tuesday,9:00pm-9:59pm,37,Local Street - Municipality,Urban,Principal Arterial - Other,City or Municipal Highway Agency,This section IS ON the NHS,No Special Jurisdiction,Pedestrian,The First Harmful Event was Not a Collision with a Motor Vehicle in Transport,No,Intersection-Related,T-Intersection,On Roadway,,Dark - Lighted,Not Reported,No,Not Applicable,39.69653333,-104.84336111,ARAPAHOE (5),AURORA
80202,2020,1,0,0,2,2,0,2,2,Colorado,June,3,Wednesday,6:00am-6:59am,54,Local Street - Municipality,Urban,Principal Arterial - Other,City or Municipal Highway Agency,This section IS ON the NHS,No Special Jurisdiction,Motor Vehicle In-Transport,Angle,No,Intersection,Four-Way Intersection,On Roadway,,Daylight,Not Reported,No,Not Applicable,38.96479722,-104.79168056,EL PASO (41),COLORADO SPRINGS
80203,2020,2,0,0,8,8,0,9,9,Colorado,June,3,Wednesday,6:00pm-6:59pm,7,Interstate,Urban,Interstate,State Highway Agency,This section IS ON the NHS,No Special Jurisdiction,Motor Vehicle In-Transport,Front-to-Rear,Yes,Through Roadway,Not an Intersection,On Roadway,,Daylight,Not Reported,No,Not Applicable,39.59662778,-104.88601111,ARAPAHOE (5),GREENWOOD VILLAGE
80204,2020,2,0,0,2,2,0,4,4,Colorado,June,4,Thursday,4:00am-4:59am,59,U.S. Highway,Urban,Principal Arterial - Other,State Highway Agency,This section IS ON the NHS,No Special Jurisdiction,Motor Vehicle In-Transport,Angle,No,Intersection,Four-Way Intersection,On Roadway,,Dawn,Not Reported,No,Not Applicable,38.81365,-104.75761111,EL PASO (41),COLORADO SPRINGS
80205,2020,1,1,1,1,1,0,2,2,Colorado,June,2,Tuesday,9:00pm-9:59pm,11,Local Street - Municipality,Urban,Principal Arterial - Other,City or Municipal Highway Agency,This section IS ON the NHS,No Special Jurisdiction,Pedestrian,The First Harmful Event was Not a Collision with a Motor Vehicle in Transport,No,Intersection-Related,Four-Way Intersection,On Roadway,,Dark - Lighted,Not Reported,No,Not Applicable,38.87967778,-104.75691111,EL PASO (41),COLORADO SPRINGS
80206,2020,1,0,0,2,2,0,2,2,Colorado,June,7,Sunday,8:00pm-8:59pm,53,Local Street - Municipality,Urban,Minor Arterial,City or Municipal Highway Agency,This section IS NOT on the NHS,No Special Jurisdiction,Curb,The First Harmful Event was Not a Collision with a Motor Vehicle in Transport,No,Intersection-Related,Roundabout,On Median,,Dark - Lighted,Not Reported,No,Not Applicable,38.80916667,-104.82676667,EL PASO (41),COLORADO SPRINGS
80207,2020,1,1,1,1,1,0,1,1,Colorado,June,8,Monday,5:00pm-5:59pm,18,Local Street - Municipality,Urban,Principal Arterial - Other,City or Municipal Highway Agency,This section IS ON the NHS,No Special Jurisdiction,Pedestrian,The First Harmful Event was Not a Collision with a Motor Vehicle in Transport,No,Non-Junction,Not an Intersection,On Roadway,,Daylight,Not Reported,No,Not Applicable,38.88894722,-104.77514167,EL PASO (41),COLORADO SPRINGS
80208,2020,1,0,0,2,2,0,3,3,Colorado,June,11,Thursday,6:00pm-6:59pm,11,Interstate,Urban,Interstate,State Highway Agency,This section IS ON the NHS,No Special Jurisdiction,Motor Vehicle In-Transport,Front-to-Front,No,Non-Junction,Not an Intersection,On Roadway,,Daylight,Not Reported,No,Not Applicable,39.11396389,-108.59519444,MESA (77),GRAND JUNCTION
80209,2020,1,0,0,2,2,0,3,3,Colorado,June,14,Sunday,10:00pm-10:59pm,32,U.S. Highway,Urban,Principal Arterial - Other,State Highway Agency,This section IS ON the NHS,No Special Jurisdiction,Motor Vehicle In-Transport,Angle,No,Intersection,Four-Way Intersection,On Roadway,,Dark - Lighted,Not Reported,No,Not Applicable,40.40991389,-104.68923333,WELD (123),GREELEY
80210,2020,1,0,0,1,1,0,4,4,Colorado,June,18,Thursday,6:00am-6:59am,0,State Highway,Rural,Minor Arterial,State Highway Agency,This section IS NOT on the NHS,No Special Jurisdiction,Rollover/Overturn,The First Harmful Event was Not a Collision with a Motor Vehicle in Transport,No,Non-Junction,Not an Intersection,On Roadside,,Daylight,Not Reported,No,Not Applicable,37.95688889,-103.86015556,OTERO (89),NOT APPLICABLE
80211,2020,2,0,0,2,2,0,3,3,Colorado,June,19,Friday,12:00pm-12:59pm,48,State Highway,Urban,Principal Arterial - Other,State Highway Agency,This section IS ON the NHS,No Special Jurisdiction,Motor Vehicle In-Transport,Angle,No,Intersection,T-Intersection,On Roadway,,Daylight,Not Reported,No,Not Applicable,39.35083333,-107.01670833,PITKIN (97),NOT APPLICABLE
80212,2020,1,0,0,2,2,0,2,2,Colorado,June,20,Saturday,5:00am-5:59am,24,U.S. Highway,Rural,Principal Arterial - Other,State Highway Agency,This section IS ON the NHS,No Special Jurisdiction,Motor Vehicle In-Transport,Front-to-Front,No,Non-Junction,Not an Intersection,On Roadway,,Daylight,Not Reported,No,Not Applicable,38.41247222,-106.07086667,SAGUACHE (109),NOT APPLICABLE
80213,2020,1,0,0,2,2,0,3,3,Colorado,June,21,Sunday,2:00pm-2:59pm,52,State Highway,Urban,Minor Arterial,State Highway Agency,This section IS NOT on the NHS,No Special Jurisdiction,Rollover/Overturn,The First Harmful Event was Not a Collision with a Motor Vehicle in Transport,No,Intersection-Related,T-Intersection,On Roadway,,Daylight,Not Reported,No,Not Applicable,40.48058056,-104.81168889,WELD (123),NOT APPLICABLE
80214,2020,1,0,0,1,1,0,1,1,Colorado,June,3,Wednesday,6:00pm-6:59pm,23,Interstate,Urban,Interstate,State Highway Agency,This section IS ON the NHS,No Special Jurisdiction,Rollover/Overturn,The First Harmful Event was Not a Collision with a Motor Vehicle in Transport,No,Non-Junction,Not an Intersection,On Roadside,,Daylight,Not Reported,No,Not Applicable,38.33130556,-104.61736111,PUEBLO (101),PUEBLO
80215,2020,1,0,0,2,2,0,5,5,Colorado,June,19,Friday,8:00pm-8:59pm,59,U.S. Highway,Urban,Principal Arterial - Other,State Highway Agency,This section IS ON the NHS,No Special Jurisdiction,Motor Vehicle In-Transport,Front-to-Front,No,Intersection,Four-Way Intersection,On Roadway,,Dark - Lighted,Not Reported,No,Not Applicable,38.81195833,-104.74861111,EL PASO (41),COLORADO SPRINGS
80216,2020,1,0,0,1,1,0,1,1,Colorado,June,22,Monday,5:00pm-5:59pm,13,State Highway,Rural,Minor Arterial,State Highway Agency,This section IS NOT on the NHS,No Special Jurisdiction,Live Animal,The First Harmful Event was Not a Collision with a Motor Vehicle in Transport,No,Non-Junction,Not an Intersection,On Roadway,,Daylight,Not Reported,No,Not Applicable,37.96288333,-107.17663889,HINSDALE (53),NOT APPLICABLE
80217,2020,1,0,0,1,1,0,1,1,Colorado,June,23,Tuesday,1:00am-1:59am,20,County Road,Urban,Local,County Highway Agency,This section IS NOT on the NHS,No Special Jurisdiction,Boulder,The First Harmful Event was Not a Collision with a Motor Vehicle in Transport,No,Non-Junction,Not an Intersection,On Roadside,,Dark - Not Lighted,Clear,No,Not Applicable,39.07333333,-108.62725,MESA (77),NOT APPLICABLE
80218,2020,1,0,0,1,1,0,1,1,Colorado,June,23,Tuesday,10:00am-10:59am,58,County Road,Urban,Local,County Highway Agency,This section IS NOT on the NHS,No Special Jurisdiction,Traffic Sign Support,The First Harmful Event was Not a Collision with a Motor Vehicle in Transport,No,Intersection-Related,L-Intersection,On Roadside,,Daylight,Clear,No,Not Applicable,39.87081111,-104.73301667,ADAMS (1),NOT APPLICABLE
80219,2020,1,0,0,4,4,0,4,4,Colorado,June,23,Tuesday,12:00pm-12:59pm,54,Local Street - Municipality,Urban,Principal Arterial - Other,City or Municipal Highway Agency,This section IS ON the NHS,No Special Jurisdiction,Motor Vehicle In-Transport,Sideswipe - Same Direction,No,Non-Junction,Not an Intersection,On Roadway,,Daylight,Not Reported,No,Not Applicable,39.76741667,-104.84694444,ADAMS (1),AURORA
80220,2020,1,0,0,1,1,0,1,1,Colorado,June,14,Sunday,12:00pm-12:59pm,10,State Highway,Rural,Minor Arterial,State Highway Agency,This section IS NOT on the NHS,No Special Jurisdiction,Rollover/Overturn,The First Harmful Event was Not a Collision with a Motor Vehicle in Transport,No,Intersection-Related,T-Intersection,On Roadway,,Daylight,Clear,No,Not Applicable,39.12570556,-105.90745556,PARK (93),NOT APPLICABLE
80221,2020,1,0,0,1,1,0,1,1,Colorado,June,7,Sunday,1:00pm-1:59pm,55,State Highway,Urban,Principal Arterial - Other Freeways and Expressways,State Highway Agency,This section IS ON the NHS,No Special Jurisdiction,Rollover/Overturn,The First Harmful Event was Not a Collision with a Motor Vehicle in Transport,Yes,Entrance/Exit Ramp Related,Not an Intersection,On Roadside,,Daylight,Not Reported,No,Not Applicable,39.77366667,-105.17072222,JEFFERSON (59),NOT APPLICABLE
80222,2020,1,0,0,2,2,0,3,3,Colorado,June,24,Wednesday,10:00am-10:59am,47,State Highway,Rural,Minor Arterial,State Highway Agency,This section IS NOT on the NHS,No Special Jurisdiction,Motor Vehicle In-Transport,Angle,No,Non-Junction,Not an Intersection,On Shoulder,,Daylight,Not Reported,No,Not Applicable,39.3519,-106.2187,LAKE (65),NOT APPLICABLE
80223,2020,1,0,0,2,2,0,2,2,Colorado,June,24,Wednesday,3:00pm-3:59pm,34,Local Street - Municipality,Urban,Local,City or Municipal Highway Agency,This section IS NOT on the NHS,No Special Jurisdiction,Rollover/Overturn,The First Harmful Event was Not a Collision with a Motor Vehicle in Transport,No,Intersection,T-Intersection,On Roadway,,Daylight,Not Reported,No,Not Applicable,38.27923889,-104.51991667,PUEBLO (101),NOT APPLICABLE
80224,2020,8,0,0,2,2,0,8,8,Colorado,June,26,Friday,4:00pm-4:59pm,34,U.S. Highway,Rural,Principal Arterial - Other,State Highway Agency,This section IS ON the NHS,No Special Jurisdiction,Motor Vehicle In-Transport,Front-to-Front,No,Non-Junction,Not an Intersection,On Roadway,,Daylight,Not Reported,No,Not Applicable,38.79380556,-102.94158889,CHEYENNE (17),NOT APPLICABLE
80225,2020,1,0,0,2,2,0,3,3,Colorado,June,28,Sunday,4:00pm-4:59pm,10,U.S. Highway,Rural,Principal Arterial - Other,State Highway Agency,This section IS ON the NHS,No Special Jurisdiction,Rollover/Overturn,The First Harmful Event was Not a Collision with a Motor Vehicle in Transport,No,Non-Junction,Not an Intersection,On Shoulder,,Daylight,Clear,No,Not Applicable,40.04812222,-105.93394444,GRAND (49),NOT APPLICABLE
80226,2020,1,1,1,1,1,0,1,1,Colorado,June,28,Sunday,10:00pm-10:59pm,55,County Road,Urban,Minor Arterial,County Highway Agency,This section IS NOT on the NHS,No Special Jurisdiction,Pedestrian,The First Harmful Event was Not a Collision with a Motor Vehicle in Transport,No,Non-Junction,Not an Intersection,On Roadway,,Dark - Lighted,Not Reported,No,Not Applicable,39.85361944,-104.95583056,ADAMS (1),NOT APPLICABLE
80227,2020,1,4,4,2,1,1,1,1,Colorado,June,26,Friday,9:00am-9:59am,58,Local Street - Municipality,Urban,Minor Arterial,City or Municipal Highway Agency,This section IS NOT on the NHS,No Special Jurisdiction,Pedestrian,The First Harmful Event was Not a Collision with a Motor Vehicle in Transport,No,Intersection-Related,T-Intersection,On Roadside,Construction,Daylight,Not Reported,No,Not Applicable,40.56760556,-105.13058056,LARIMER (69),FORT COLLINS
80228,2020,1,0,0,2,2,0,3,3,Colorado,June,14,Sunday,10:00pm-10:59pm,45,Local Street - Municipality,Urban,Principal Arterial - Other,City or Municipal Highway Agency,This section IS ON the NHS,No Special Jurisdiction,Motor Vehicle In-Transport,Angle,No,Intersection,Four-Way Intersection,On Roadway,,Dark - Lighted,Not Reported,No,Not Applicable,38.83804167,-104.82162778,EL PASO (41),COLORADO SPRINGS
80229,2020,1,0,0,2,2,0,2,2,Colorado,June,30,Tuesday,4:00pm-4:59pm,40,County Road,Rural,Minor Collector,County Highway Agency,This section IS NOT on the NHS,No Special Jurisdiction,Rollover/Overturn,The First Harmful Event was Not a Collision with a Motor Vehicle in Transport,No,Non-Junction,Not an Intersection,On Roadway,,Daylight,Clear,No,Not Applicable,38.86861111,-105.77833333,PARK (93),NOT APPLICABLE