ST_CASE,YEAR,FATALS,PEDS,PERNOTMVIT,VE_TOTAL,VE_FORMS,PVH_INVL,PERSONS,PERMVIT,STATENAME,MONTHNAME,DAYNAME,DAY_WEEKNAME,HOURNAME,MINUTENAME,ROUTENAME,RUR_URBNAME,FUNC_SYSNAME,RD_OWNERNAME,NHSNAME,SP_JURNAME,HARM_EVNAME,MAN_COLLNAME,RELJCT1NAME,RELJCT2NAME,TYP_INTNAME,REL_ROADNAME,WRK_ZONENAME,LGT_CONDNAME,WEATHERNAME,SCH_BUSNAME,RAILNAME,LATITUDE,LONGITUD,COUNTYNAME,CITYNAME
80294,2020,1,0,0,1,1,0,1,1,Colorado,July,31,Friday,10:00am-10:59am,0,State Highway,Rural,Minor Arterial,State Highway Agency,This section IS NOT on the NHS,No Special Jurisdiction,Rollover/Overturn,The First Harmful Event was Not a Collision with a Motor Vehicle in Transport,No,Non-Junction,Not an Intersection,On Roadside,,Daylight,Not Reported,No,Not Applicable,38.97375,-107.94152778,DELTA (29),NOT APPLICABLE
80295,2020,1,0,0,7,7,0,7,7,Colorado,July,20,Monday,6:00am-6:59am,56,State Highway,Urban,Principal Arterial - Other,State Highway Agency,This section IS ON the NHS,No Special Jurisdiction,Motor Vehicle In-Transport,Angle,No,Intersection,Four-Way Intersection,On Roadway,,Daylight,Not Reported,No,Not Applicable,39.53720556,-104.76801667,DOUGLAS (35),PARKER
80296,2020,2,0,0,1,1,0,2,2,Colorado,July,23,Thursday,10:00pm-10:59pm,55,State Highway,Urban,Minor Arterial,State Highway Agency,This section IS NOT on the NHS,No Special Jurisdiction,Guardrail Face,The First Harmful Event was Not a Collision with a Motor Vehicle in Transport,No,Non-Junction,Not an Intersection,On Roadside,,Dark - Not Lighted,Not Reported,No,Not Applicable,39.71034444,-104.73402778,ARAPAHOE (5),AURORA
80297,2020,1,0,0,3,3,0,5,5,Colorado,July,26,Sunday,3:00pm-3:59pm,35,County Road,Urban,Minor Arterial,County Highway Agency,This section IS NOT on the NHS,No Special Jurisdiction,Motor Vehicle In-Transport,Front-to-Front,No,Non-Junction,Not an Intersection,On Roadway,,Daylight,Clear,No,Not Applicable,40.05110556,-105.23551944,BOULDER (13),NOT APPLICABLE
80298,2020,1,0,0,1,1,0,2,2,Colorado,July,13,Monday,1:00am-1:59am,16,Local Street - Municipality,Urban,Principal Arterial - Other,City or Municipal Highway Agency,This section IS ON the NHS,No Special Jurisdiction,Curb,The First Harmful Event was Not a Collision with a Motor Vehicle in Transport,No,Non-Junction,Not an Intersection,On Median,,Dark - Lighted,Not Reported,No,Not Applicable,38.85836667,-104.75731111,EL PASO (41),COLORADO SPRINGS
80299,2020,1,1,1,1,1,0,1,1,Colorado,July,17,Friday,0:00am-0:59am,55,U.S. Highway,Urban,Principal Arterial - Other Freeways and Expressways,State Highway Agency,This section IS ON the NHS,No Special Jurisdiction,Non-Motorist on Personal Conveyance,The First Harmful Event was Not a Collision with a Motor Vehicle in Transport,No,Non-Junction,Not an Intersection,On Roadway,,Dark - Not Lighted,Not Reported,No,Not Applicable,38.81292222,-104.75072222,EL PASO (41),COLORADO SPRINGS
80300,2020,1,1,1,1,1,0,1,1,Colorado,July,20,Monday,11:00pm-11:59pm,22,Local Street - Municipality,Urban,Principal Arterial - Other,City or Municipal Highway Agency,This section IS ON the NHS,No Special Jurisdiction,Pedestrian,The First Harmful Event was Not a Collision with a Motor Vehicle in Transport,No,Non-Junction,Not an Intersection,On Roadway,,Dark - Lighted,Not Reported,No,Not Applicable,38.896725,-104.82827778,EL PASO (41),COLORADO SPRINGS
80301,2020,1,1,1,1,1,0,1,1,Colorado,July,26,Sunday,10:00pm-10:59pm,16,Local Street - Municipality,Urban,Principal Arterial - Other,City or Municipal Highway Agency,This section IS ON the NHS,No Special Jurisdiction,Non-Motorist on Personal Conveyance,The First Harmful Event was Not a Collision with a Motor Vehicle in Transport,No,Intersection-Related,Four-Way Intersection,On Roadway,,Dark - Lighted,Rain,No,Not Applicable,38.84721667,-104.75746667,EL PASO (41),COLORADO SPRINGS
80302,2020,1,1,1,1,1,0,1,1,Colorado,July,14,Tuesday,10:00pm-10:59pm,28,Local Street - Municipality,Urban,Principal Arterial - Other,City or Municipal Highway Agency,This section IS ON the NHS,No Special Jurisdiction,Pedestrian,The First Harmful Event was Not a Collision with a Motor Vehicle in Transport,No,Non-Junction,Not an Intersection,On Roadway,,Dark - Lighted,Not Reported,No,Not Applicable,39.72445556,-104.9875,DENVER (31),DENVER
80303,2020,1,0,0,4,4,0,5,5,Colorado,July,23,Thursday,4:00am-4:59am,10,Interstate,Urban,Interstate,State Highway Agency,This section IS ON the NHS,No Special Jurisdiction,Motor Vehicle In-Transport,Front-to-Rear,Yes,Through Roadway,Not an Intersection,On Roadway,Construction,Dark - Lighted,Not Reported,No,Not Applicable,39.77289167,-104.83383333,DENVER (31),DENVER
80304,2020,1,0,0,2,2,0,2,2,Colorado,July,6,Monday,9:00am-9:59am,57,Local Street - Municipality,Urban,Principal Arterial - Other,City or Municipal Highway Agency,This section IS ON the NHS,No Special Jurisdiction,Motor Vehicle In-Transport,Angle,No,Intersection,Four-Way Intersection,On Roadway,,Daylight,Not Reported,No,Not Applicable,38.94088889,-104.79913056,EL PASO (41),COLORADO SPRINGS
80305,2020,1,0,0,1,1,0,1,1,Colorado,July,27,Monday,9:00am-9:59am,15,County Road,Rural,Local,County Highway Agency,This section IS NOT on the NHS,No Special Jurisdiction,Live Animal,The First Harmful Event was Not a Collision with a Motor Vehicle in Transport,No,Non-Junction,Not an Intersection,On Roadway,,Daylight,Clear,No,Not Applicable,39.46785,-104.58380556,ELBERT (39),NOT APPLICABLE
80306,2020,1,0,0,2,2,0,3,3,Colorado,July,2,Thursday,4:00pm-4:59pm,53,U.S. Highway,Urban,Principal Arterial - Other,State Highway Agency,This section IS ON the NHS,No Special Jurisdiction,Motor Vehicle In-Transport,Angle,No,Intersection,T-Intersection,On Roadway,,Daylight,Not Reported,No,Not Applicable,38.24708889,-104.59377778,PUEBLO (101),PUEBLO
80307,2020,3,0,0,2,2,0,3,3,Colorado,July,12,Sunday,2:00am-2:59am,3,U.S. Highway,Rural,Principal Arterial - Other Freeways and Expressways,State Highway Agency,This section IS ON the NHS,No Special Jurisdiction,"Post, Pole or Other Supports",The First Harmful Event was Not a Collision with a Motor Vehicle in Transport,No,Non-Junction,Not an Intersection,On Median,,Dark - Not Lighted,Not Reported,No,Not Applicable,40.22029444,-104.82118056,WELD (123),PLATTEVILLE
80308,2020,1,0,0,2,2,0,2,2,Colorado,July,3,Friday,6:00pm-6:59pm,38,U.S. Highway,Urban,Principal Arterial - Other,State Highway Agency,This section IS ON the NHS,No Special Jurisdiction,Motor Vehicle In-Transport,Angle,No,Intersection,T-Intersection,On Roadway,,Daylight,Rain,No,Not Applicable,38.26368611,-104.60697778,PUEBLO (101),PUEBLO
80309,2020,1,0,0,1,1,0,1,1,Colorado,July,4,Saturday,7:00pm-7:59pm,47,Interstate,Urban,Interstate,State Highway Agency,This section IS ON the NHS,No Special Jurisdiction,Rollover/Overturn,The First Harmful Event was Not a Collision with a Motor Vehicle in Transport,Yes,Entrance/Exit Ramp,Not an Intersection,On Roadway,,Daylight,Not Reported,No,Not Applicable,38.23346111,-104.61357222,PUEBLO (101),PUEBLO
80310,2020,1,0,0,4,3,1,3,3,Colorado,July,9,Thursday,3:00pm-3:59pm,29,Interstate,Urban,Interstate,State Highway Agency,This section IS ON the NHS,No Special Jurisdiction,Parked Motor Vehicle,The First Harmful Event was Not a Collision with a Motor Vehicle in Transport,Yes,Intersection-Related,Four-Way Intersection,On Shoulder,,Daylight,Not Reported,No,Not Applicable,39.78468333,-105.10822222,JEFFERSON (59),WHEAT RIDGE
80311,2020,1,0,0,1,1,0,3,3,Colorado,July,17,Friday,6:00pm-6:59pm,31,U.S. Highway,Urban,Principal Arterial - Other,State Highway Agency,This section IS ON the NHS,No Special Jurisdiction,Curb,The First Harmful Event was Not a Collision with a Motor Vehicle in Transport,Yes,Other location within Interchange Area,Not an Intersection,On Median,,Daylight,Not Reported,No,Not Applicable,39.65188889,-104.98861111,ARAPAHOE (5),ENGLEWOOD
80312,2020,1,0,0,2,2,0,6,6,Colorado,July,18,Saturday,2:00pm-2:59pm,0,Local Street - Municipality,Urban,Minor Arterial,City or Municipal Highway Agency,This section IS NOT on the NHS,No Special Jurisdiction,Motor Vehicle In-Transport,Angle,No,Intersection,Four-Way Intersection,On Roadway,,Daylight,Not Reported,No,Not Applicable,39.74165278,-104.97479167,DENVER (31),DENVER
80313,2020,1,0,0,2,2,0,5,5,Colorado,July,21,Tuesday,6:00pm-6:59pm,48,Local Street - Municipality,Urban,Major Collector,City or Municipal Highway Agency,This section IS NOT on the NHS,No Special Jurisdiction,Motor Vehicle In-Transport,Angle,No,Non-Junction,Not an Intersection,On Roadway,,Daylight,Not Reported,No,Not Applicable,39.50027778,-104.77732778,DOUGLAS (35),PARKER
80314,2020,1,0,0,2,2,0,2,2,Colorado,June,15,Monday,1:00pm-1:59pm,31,U.S. Highway,Rural,Principal Arterial - Other,State Highway Agency,This section IS ON the NHS,No Special Jurisdiction,Motor Vehicle In-Transport,Angle,No,Intersection,Four-Way Intersection,On Roadway,,Daylight,Clear,No,Not Applicable,40.04386667,-104.81983611,WELD (123),FORT LUPTON
80315,2020,1,0,0,2,2,0,2,2,Colorado,June,10,Wednesday,11:00am-11:59am,40,Local Street - Municipality,Urban,Minor Arterial,City or Municipal Highway Agency,This section IS NOT on the NHS,No Special Jurisdiction,Motor Vehicle In-Transport,Angle,No,Intersection,T-Intersection,On Roadway,,Daylight,Not Reported,No,Not Applicable,38.22852778,-104.64365556,PUEBLO (101),PUEBLO
80316,2020,3,0,0,1,1,0,6,6,Colorado,August,1,Saturday,4:00pm-4:59pm,15,Interstate,Urban,Interstate,State Highway Agency,This section IS ON the NHS,No Special Jurisdiction,Rollover/Overturn,The First Harmful Event was Not a Collision with a Motor Vehicle in Transport,No,Non-Junction,Not an Intersection,On Roadside,,Daylight,Not Reported,No,Not Applicable,39.64526111,-104.87133333,ARAPAHOE (5),NOT APPLICABLE
80317,2020,1,0,0,1,1,0,1,1,Colorado,August,1,Saturday,6:00pm-6:59pm,13,Interstate,Rural,Interstate,State Highway Agency,This section IS ON the NHS,No Special Jurisdiction,Rollover/Overturn,The First Harmful Event was Not a Collision with a Motor Vehicle in Transport,No,Non-Junction,Not an Intersection,On Median,,Daylight,Not Reported,No,Not Applicable,40.03652778,-104.98065833,WELD (123),NOT APPLICABLE
80318,2020,1,0,0,1,1,0,1,1,Colorado,August,2,Sunday,0:00am-0:59am,3,State Highway,Urban,Principal Arterial - Other Freeways and Expressways,State Highway Agency,This section IS ON the NHS,No Special Jurisdiction,"Post, Pole or Other Supports",The First Harmful Event was Not a Collision with a Motor Vehicle in Transport,No,Non-Junction,Not an Intersection,On Median,,Dark - Not Lighted,Not Reported,No,Not Applicable,38.76601111,-104.71296111,EL PASO (41),NOT APPLICABLE
80319,2020,2,0,0,2,2,0,3,3,Colorado,August,3,Monday,8:00am-8:59am,30,State Highway,Rural,Minor Arterial,State Highway Agency,This section IS NOT on the NHS,No Special Jurisdiction,Motor Vehicle In-Transport,Front-to-Front,No,Non-Junction,Not an Intersection,On Roadway,,Daylight,Not Reported,No,Not Applicable,38.63895556,-106.86888889,GUNNISON (51),NOT APPLICABLE
80320,2020,1,0,0,2,2,0,3,3,Colorado,August,3,Monday,9:00pm-9:59pm,25,State Highway,Rural,Minor Arterial,State Highway Agency,This section IS NOT on the NHS,No Special Jurisdiction,Live Animal,The First Harmful Event was Not a Collision with a Motor Vehicle in Transport,No,Non-Junction,Not an Intersection,On Roadway,,Dark - Not Lighted,Rain,No,Not Applicable,40.07323889,-104.60442778,WELD (123),NOT APPLICABLE
80321,2020,2,0,0,2,2,0,2,2,Colorado,August,4,Tuesday,8:00am-8:59am,40,County Road,Rural,Local,County Highway Agency,This section IS NOT on the NHS,No Special Jurisdiction,Motor Vehicle In-Transport,Angle,No,Intersection,Four-Way Intersection,On Roadway,,Daylight,Not Reported,No,Not Applicable,40.14758889,-102.64270556,YUMA (125),NOT APPLICABLE
80322,2020,1,0,0,2,2,0,2,2,Colorado,August,4,Tuesday,2:00pm-2:59pm,55,Local Street - Municipality,Urban,Principal Arterial - Other,City or Municipal Highway Agency,This section IS ON the NHS,No Special Jurisdiction,Motor Vehicle In-Transport,Angle,No,Intersection,Four-Way Intersection,On Roadway,,Daylight,Not Reported,No,Not Applicable,39.88506667,-104.97291111,ADAMS (1),THORNTON
80323,2020,1,1,1,1,1,0,1,1,Colorado,August,7,Friday,10:00pm-10:59pm,33,State Highway,Urban,Principal Arterial - Other,State Highway Agency,This section IS ON the NHS,No Special Jurisdiction,Pedestrian,The First Harmful Event was Not a Collision with a Motor Vehicle in Transport,No,Non-Junction,Not an Intersection,On Roadway,,Dark - Lighted,Not Reported,No,Not Applicable,39.75006111,-105.0533,JEFFERSON (59),EDGEWATER
80324,2020,1,0,0,1,1,0,1,1,Colorado,August,8,Saturday,1:00pm-1:59pm,4,County Road,Rural,Local,County Highway Agency,This section IS NOT on the NHS,No Special Jurisdiction,Embankment,The First Harmful Event was Not a Collision with a Motor Vehicle in Transport,No,Non-Junction,Not an Intersection,On Roadside,,Daylight,Not Reported,No,Not Applicable,39.13675,-104.68151667,DOUGLAS (35),NOT APPLICABLE
80325,2020,1,0,0,2,2,0,2,2,Colorado,August,9,Sunday,8:00am-8:59am,59,State Highway,Urban,Principal Arterial - Other,State Highway Agency,This section IS ON the NHS,No Special Jurisdiction,Motor Vehicle In-Transport,Sideswipe - Same Direction,No,Driveway Access Related,Not an Intersection,On Roadway,,Daylight,Not Reported,No,Not Applicable,39.8355,-105.08175556,JEFFERSON (59),ARVADA
80326,2020,1,0,0,1,1,0,3,3,Colorado,August,9,Sunday,10:00am-10:59am,50,Interstate,Rural,Interstate,State Highway Agency,This section IS ON the NHS,No Special Jurisdiction,Rollover/Overturn,The First Harmful Event was Not a Collision with a Motor Vehicle in Transport,No,Non-Junction,Not an Intersection,On Roadside,,Daylight,Not Reported,No,Not Applicable,39.26515556,-103.63685556,LINCOLN (73),NOT APPLICABLE
80327,2020,1,0,0,1,1,0,1,1,Colorado,August,8,Saturday,7:00pm-7:59pm,50,County Road,Rural,Major Collector,County Highway Agency,This section IS NOT on the NHS,No Special Jurisdiction,Shrubbery,The First Harmful Event was Not a Collision with a Motor Vehicle in Transport,No,Non-Junction,Not an Intersection,On Roadside,,Dark - Not Lighted,Clear,No,Not Applicable,40.1616,-107.9937,RIO BLANCO (103),NOT APPLICABLE
80328,2020,1,0,0,1,1,0,1,1,Colorado,August,9,Sunday,7:00pm-7:59pm,54,U.S. Highway,Rural,Principal Arterial - Other,State Highway Agency,This section IS ON the NHS,No Special Jurisdiction,Embankment,The First Harmful Event was Not a Collision with a Motor Vehicle in Transport,No,Non-Junction,Not an Intersection,On Roadside,,Dusk,Not Reported,No,Not Applicable,37.12398889,-107.86352778,LA PLATA (67),NOT APPLICABLE
80329,2020,1,0,0,1,1,0,1,1,Colorado,August,11,Tuesday,2:00pm-2:59pm,7,Local Street - Municipality,Urban,Minor Arterial,City or Municipal Highway Agency,This section IS NOT on the NHS,No Special Jurisdiction,Curb,The First Harmful Event was Not a Collision with a Motor Vehicle in Transport,No,Non-Junction,Not an Intersection,On Roadside,,Daylight,Not Reported,No,Not Applicable,40.18118889,-105.09743611,BOULDER (13),LONGMONT
80330,2020,1,1,1,1,1,0,1,1,Colorado,August,13,Thursday,9:00am-9:59am,4,Local Street - Municipality,Urban,Minor Arterial,City or Municipal Highway Agency,This section IS NOT on the NHS,No Special Jurisdiction,Pedestrian,The First Harmful Event was Not a Collision with a Motor Vehicle in Transport,No,Intersection-Related,Four-Way Intersection,On Roadway,,Daylight,Not Reported,No,Not Applicable,39.66765556,-104.82861111,ARAPAHOE (5),AURORA
80331,2020,2,0,0,2,2,0,4,4,Colorado,August,16,Sunday,0:00am-0:59am,26,Interstate,Urban,Interstate,State Highway Agency,This section IS ON the NHS,No Special Jurisdiction,Motor Vehicle In-Transport,Front-to-Front,Yes,Entrance/Exit Ramp Related,Not an Intersection,On Roadway,,Dark - Lighted,Not Reported,No,Not Applicable,38.76106667,-104.77115,EL PASO (41),NOT APPLICABLE
80332,2020,1,0,0,2,2,0,2,2,Colorado,August,16,Sunday,7:00am-7:59am,59,Local Street - Municipality,Urban,Principal Arterial - Other,City or Municipal Highway Agency,This section IS ON the NHS,No Special Jurisdiction,Motor Vehicle In-Transport,Front-to-Rear,No,Intersection-Related,T-Intersection,On Roadway,,Daylight,Clear,No,Not Applicable,39.79852222,-104.89124167,ADAMS (1),COMMERCE CITY
80333,2020,1,0,0,1,1,0,2,2,Colorado,August,16,Sunday,8:00am-8:59am,11,U.S. Highway,Rural,Principal Arterial - Other,State Highway Agency,This section IS ON the NHS,No Special Jurisdiction,"Post, Pole or Other Supports",The First Harmful Event was Not a Collision with a Motor Vehicle in Transport,No,Non-Junction,Not an Intersection,On Roadside,,Daylight,Not Reported,No,Not Applicable,40.38907222,-106.60003333,JACKSON (57),NOT APPLICABLE
80334,2020,2,0,0,5,5,0,11,11,Colorado,August,16,Sunday,2:00pm-2:59pm,2,U.S. Highway,Rural,Minor Arterial,State Highway Agency,This section IS NOT on the NHS,No Special Jurisdiction,Motor Vehicle In-Transport,Front-to-Rear,No,Non-Junction,Not an Intersection,On Roadway,,Daylight,Not Reported,No,Not Applicable,38.94005556,-105.16480278,TELLER (119),NOT APPLICABLE
80335,2020,1,0,0,1,1,0,1,1,Colorado,August,16,Sunday,6:00pm-6:59pm,30,Interstate,Rural,Interstate,State Highway Agency,This section IS ON the NHS,No Special Jurisdiction,Curb,The First Harmful Event was Not a Collision with a Motor Vehicle in Transport,No,Non-Junction,Not an Intersection,On Median,,Daylight,Not Reported,No,Not Applicable,37.94116667,-104.80591667,PUEBLO (101),NOT APPLICABLE
80336,2020,1,0,0,1,1,0,2,2,Colorado,August,16,Sunday,8:00pm-8:59pm,47,Local Street - Municipality,Urban,Minor Arterial,City or Municipal Highway Agency,This section IS NOT on the NHS,No Special Jurisdiction,Curb,The First Harmful Event was Not a Collision with a Motor Vehicle in Transport,No,Non-Junction,Not an Intersection,On Roadside,,Dark - Lighted,Not Reported,No,Not Applicable,39.9285,-105.04546667,BROOMFIELD (14),BROOMFIELD
80337,2020,1,0,0,2,2,0,3,3,Colorado,August,18,Tuesday,6:00pm-6:59pm,45,County Road,Rural,Major Collector,County Highway Agency,This section IS NOT on the NHS,No Special Jurisdiction,Motor Vehicle In-Transport,Angle,No,Intersection,Four-Way Intersection,On Roadway,,Daylight,Not Reported,No,Not Applicable,39.16433333,-108.70113056,MESA (77),NOT APPLICABLE
80338,2020,1,0,0,2,2,0,3,3,Colorado,August,7,Friday,5:00pm-5:59pm,30,U.S. Highway,Rural,Principal Arterial - Other,State Highway Agency,This section IS ON the NHS,No Special Jurisdiction,Motor Vehicle In-Transport,Angle,No,Intersection,T-Intersection,On Roadway,,Daylight,Not Reported,No,Not Applicable,38.75191944,-108.15678889,DELTA (29),NOT APPLICABLE
80339,2020,1,0,0,2,2,0,3,3,Colorado,August,18,Tuesday,3:00pm-3:59pm,12,Local Street - Municipality,Urban,Minor Arterial,City or Municipal Highway Agency,This section IS NOT on the NHS,No Special Jurisdiction,Motor Vehicle In-Transport,Front-to-Front,No,Non-Junction,Not an Intersection,On Roadway,,Daylight,Not Reported,No,Not Applicable,40.56586667,-105.11511667,LARIMER (69),FORT COLLINS
80340,2020,1,1,1,1,1,0,1,1,Colorado,August,16,Sunday,9:00pm-9:59pm,7,U.S. Highway,Rural,Principal Arterial - Other,State Highway Agency,This section IS ON the NHS,No Special Jurisdiction,Pedestrian,The First Harmful Event was Not a Collision with a Motor Vehicle in Transport,No,Non-Junction,Not an Intersection,On Shoulder,,Dark - Not Lighted,Not Reported,No,Not Applicable,40.26281667,-103.55420556,MORGAN (87),NOT APPLICABLE
80341,2020,1,0,0,2,2,0,2,2,Colorado,August,21,Friday,12:00pm-12:59pm,19,State Highway,Rural,Minor Arterial,State Highway Agency,This section IS NOT on the NHS,No Special Jurisdiction,Motor Vehicle In-Transport,Front-to-Front,No,Non-Junction,Not an Intersection,On Roadway,,Daylight,Not Reported,No,Not Applicable,38.43760556,-102.50447222,KIOWA (61),NOT APPLICABLE
80342,2020,1,0,0,1,1,0,1,1,Colorado,August,21,Friday,10:00pm-10:59pm,29,U.S. Highway,Rural,Principal Arterial - Other,State Highway Agency,This section IS ON the NHS,No Special Jurisdiction,Traffic Sign Support,The First Harmful Event was Not a Collision with a Motor Vehicle in Transport,No,Non-Junction,Not an Intersection,On Roadside,,Dark - Not Lighted,Not Reported,No,Not Applicable,37.47793611,-107.81508056,LA PLATA (67),NOT APPLICABLE
80343,2020,1,0,0,1,1,0,1,1,Colorado,August,22,Saturday,10:00pm-10:59pm,41,Interstate,Urban,Interstate,State Highway Agency,This section IS ON the NHS,No Special Jurisdiction,Rollover/Overturn,The First Harmful Event was Not a Collision with a Motor Vehicle in Transport,Yes,Through Roadway,Not an Intersection,On Roadway,,Dark - Lighted,Clear,No,Not Applicable,39.80254722,-104.98463056,ADAMS (1),NOT APPLICABLE
80344,2020,1,0,0,2,2,0,2,2,Colorado,August,23,Sunday,12:00pm-12:59pm,29,Local Street - Municipality,Urban,Principal Arterial - Other,City or Municipal Highway Agency,This section IS ON the NHS,No Special Jurisdiction,Motor Vehicle In-Transport,Front-to-Front,No,Non-Junction,Not an Intersection,On Roadway,,Daylight,Not Reported,No,Not Applicable,39.75058333,-104.79120556,ADAMS (1),AURORA
80345,2020,1,0,0,1,1,0,1,1,Colorado,August,24,Monday,2:00am-2:59am,35,Interstate,Urban,Interstate,State Highway Agency,This section IS ON the NHS,No Special Jurisdiction,Traffic Sign Support,The First Harmful Event was Not a Collision with a Motor Vehicle in Transport,Yes,Other location within Interchange Area,Not an Intersection,On Roadside,,Dark - Lighted,Not Reported,No,Not Applicable,39.98704722,-104.98786389,BROOMFIELD (14),BROOMFIELD
80346,2020,1,0,0,2,2,0,2,2,Colorado,August,24,Monday,1:00pm-1:59pm,27,County Road,Rural,Minor Arterial,County Highway Agency,This section IS NOT on the NHS,No Special Jurisdiction,Motor Vehicle In-Transport,Sideswipe - Opposite Direction,No,Non-Junction,Not an Intersection,On Roadway,,Daylight,Not Reported,No,Not Applicable,38.92510278,-104.42768889,EL PASO (41),NOT APPLICABLE
80347,2020,1,0,0,3,3,0,3,3,Colorado,August,24,Monday,8:00pm-8:59pm,19,Interstate,Urban,Interstate,State Highway Agency,This section IS ON the NHS,No Special Jurisdiction,Motor Vehicle In-Transport,Sideswipe - Same Direction,No,Non-Junction,Not an Intersection,On Roadway,,Dusk,Not Reported,No,Not Applicable,39.93763889,-104.9878,ADAMS (1),THORNTON
80348,2020,1,0,0,2,2,0,4,4,Colorado,August,21,Friday,5:00pm-5:59pm,5,Local Street - Municipality,Urban,Major Collector,City or Municipal Highway Agency,This section IS NOT on the NHS,No Special Jurisdiction,Motor Vehicle In-Transport,Angle,No,Intersection,Four-Way Intersection,On Roadway,,Daylight,Not Reported,No,Not Applicable,38.83058333,-104.80819444,EL PASO (41),COLORADO SPRINGS
80349,2020,1,0,0,1,1,0,1,1,Colorado,August,21,Friday,6:00pm-6:59pm,40,Local Street - Municipality,Urban,Principal Arterial - Other,City or Municipal Highway Agency,This section IS ON the NHS,No Special Jurisdiction,Curb,The First Harmful Event was Not a Collision with a Motor Vehicle in Transport,No,Non-Junction,Not an Intersection,On Median,,Daylight,Not Reported,No,Not Applicable,38.88234167,-104.79211111,EL PASO (41),COLORADO SPRINGS
80350,2020,1,0,0,2,2,0,3,3,Colorado,August,23,Sunday,0:00am-0:59am,17,Local Street - Municipality,Urban,Minor Arterial,City or Municipal Highway Agency,This section IS NOT on the NHS,No Special Jurisdiction,Motor Vehicle In-Transport,Angle,No,Driveway Access Related,Not an Intersection,On Roadway,,Dark - Lighted,Not Reported,No,Not Applicable,38.83858333,-104.85923333,EL PASO (41),COLORADO SPRINGS
80351,2020,1,0,0,2,2,0,2,2,Colorado,August,18,Tuesday,1:00am-1:59am,9,Interstate,Urban,Interstate,State Highway Agency,This section IS ON the NHS,No Special Jurisdiction,Motor Vehicle In-Transport,Sideswipe - Same Direction,Yes,Through Roadway,Not an Intersection,On Roadway,,Dark - Lighted,Not Reported,No,Not Applicable,39.79981667,-104.93277778,ADAMS (1),COMMERCE CITY
80352,2020,1,0,0,2,2,0,3,3,Colorado,August,23,Sunday,9:00pm-9:59pm,33,Local Street - Municipality,Urban,Major Collector,City or Municipal Highway Agency,This section IS NOT on the NHS,No Special Jurisdiction,Motor Vehicle In-Transport,Sideswipe - Same Direction,No,Intersection-Related,T-Intersection,On Roadway,,Dark - Not Lighted,Not Reported,No,Not Applicable,39.68945833,-105.06383333,JEFFERSON (59),LAKEWOOD
80353,2020,1,0,0,2,2,0,2,2,Colorado,August,26,Wednesday,5:00am-5:59am,58,State Highway,Urban,Principal Arterial - Other,State Highway Agency,This section IS ON the NHS,No Special Jurisdiction,Motor Vehicle In-Transport,Angle,No,Intersection,Four-Way Intersection,On Roadway,,Dark - Lighted,Not Reported,No,Not Applicable,39.08064167,-108.58337222,MESA (77),GRAND JUNCTION
80354,2020,1,1,1,1,1,0,2,2,Colorado,August,28,Friday,1:00am-1:59am,53,State Highway,Urban,Principal Arterial - Other,State Highway Agency,This section IS ON the NHS,No Special Jurisdiction,Pedestrian,The First Harmful Event was Not a Collision with a Motor Vehicle in Transport,No,Intersection-Related,Four-Way Intersection,On Roadway,,Dark - Lighted,Not Reported,No,Not Applicable,39.71075,-105.08164444,JEFFERSON (59),LAKEWOOD
80355,2020,1,0,0,1,1,0,4,4,Colorado,August,29,Saturday,6:00am-6:59am,40,County Road,Rural,Minor Arterial,County Highway Agency,This section IS NOT on the NHS,No Special Jurisdiction,Rollover/Overturn,The First Harmful Event was Not a Collision with a Motor Vehicle in Transport,No,Non-Junction,Not an Intersection,On Roadway,,Dawn,Not Reported,No,Not Applicable,38.92529167,-104.55916667,EL PASO (41),NOT APPLICABLE
80356,2020,1,0,0,1,1,0,2,2,Colorado,August,29,Saturday,10:00am-10:59am,15,Interstate,Rural,Interstate,State Highway Agency,This section IS ON the NHS,No Special Jurisdiction,"Post, Pole or Other Supports",The First Harmful Event was Not a Collision with a Motor Vehicle in Transport,No,Non-Junction,Not an Intersection,On Median,,Daylight,Not Reported,No,Not Applicable,39.39500556,-108.12556667,GARFIELD (45),NOT APPLICABLE
80357,2020,2,0,0,2,2,0,3,3,Colorado,August,29,Saturday,5:00pm-5:59pm,20,U.S. Highway,Rural,Principal Arterial - Other,State Highway Agency,This section IS ON the NHS,No Special Jurisdiction,Motor Vehicle In-Transport,Front-to-Front,No,Non-Junction,Not an Intersection,On Roadway,,Daylight,Not Reported,No,Not Applicable,38.427,-106.52779722,GUNNISON (51),NOT APPLICABLE
80358,2020,2,0,0,1,1,0,2,2,Colorado,August,30,Sunday,0:00am-0:59am,9,Interstate,Urban,Interstate,State Highway Agency,This section IS ON the NHS,No Special Jurisdiction,Tree (Standing Only),The First Harmful Event was Not a Collision with a Motor Vehicle in Transport,No,Non-Junction,Not an Intersection,On Roadside,,Dark - Not Lighted,Not Reported,No,Not Applicable,39.70835556,-105.28255556,JEFFERSON (59),NOT APPLICABLE