ST_CASE,YEAR,FATALS,PEDS,PERNOTMVIT,VE_TOTAL,VE_FORMS,PVH_INVL,PERSONS,PERMVIT,STATENAME,MONTHNAME,DAYNAME,DAY_WEEKNAME,HOURNAME,MINUTENAME,ROUTENAME,RUR_URBNAME,FUNC_SYSNAME,RD_OWNERNAME,NHSNAME,SP_JURNAME,HARM_EVNAME,MAN_COLLNAME,RELJCT1NAME,RELJCT2NAME,TYP_INTNAME,REL_ROADNAME,WRK_ZONENAME,LGT_CONDNAME,WEATHERNAME,SCH_BUSNAME,RAILNAME,LATITUDE,LONGITUD,COUNTYNAME,CITYNAME
80359,2020,1,0,0,1,1,0,3,3,Colorado,August,30,Sunday,1:00am-1:59am,31,Interstate,Urban,Interstate,State Highway Agency,This section IS ON the NHS,No Special Jurisdiction,Rollover/Overturn,The First Harmful Event was Not a Collision with a Motor Vehicle in Transport,Yes,Entrance/Exit Ramp Related,Not an Intersection,On Roadside,,Dark - Lighted,Clear,No,Not Applicable,39.81691667,-104.98527778,ADAMS (1),NOT APPLICABLE
80360,2020,1,1,1,1,1,0,1,1,Colorado,August,8,Saturday,9:00pm-9:59pm,58,State Highway,Urban,Principal Arterial - Other,State Highway Agency,This section IS ON the NHS,No Special Jurisdiction,Pedestrian,The First Harmful Event was Not a Collision with a Motor Vehicle in Transport,No,Non-Junction,Not an Intersection,On Roadway,,Dark - Not Lighted,Not Reported,No,Not Applicable,39.59480556,-104.81730556,ARAPAHOE (5),AURORA
80361,2020,1,0,0,2,1,1,3,3,Colorado,August,28,Friday,11:00pm-11:59pm,32,Local Street - Municipality,Urban,Major Collector,City or Municipal Highway Agency,This section IS NOT on the NHS,No Special Jurisdiction,Parked Motor Vehicle,The First Harmful Event was Not a Collision with a Motor Vehicle in Transport,No,Non-Junction,Not an Intersection,In Parking Lane/Zone,,Dark - Lighted,Not Reported,No,Not Applicable,39.76036944,-105.01591389,DENVER (31),DENVER
80362,2020,1,0,0,2,2,0,2,2,Colorado,August,31,Monday,6:00pm-6:59pm,4,State Highway,Rural,Principal Arterial - Other,State Highway Agency,This section IS ON the NHS,No Special Jurisdiction,Motor Vehicle In-Transport,Angle,No,Non-Junction,Not an Intersection,On Roadway,,Daylight,Not Reported,No,Not Applicable,38.8349,-104.64291667,EL PASO (41),NOT APPLICABLE
80363,2020,1,1,1,1,1,0,1,1,Colorado,August,11,Tuesday,10:00pm-10:59pm,29,State Highway,Urban,Principal Arterial - Other,State Highway Agency,This section IS ON the NHS,No Special Jurisdiction,Pedestrian,The First Harmful Event was Not a Collision with a Motor Vehicle in Transport,No,Non-Junction,Not an Intersection,On Roadway,,Dark - Lighted,Not Reported,No,Not Applicable,39.65908889,-104.84829444,ARAPAHOE (5),AURORA
80364,2020,1,1,1,1,1,0,1,1,Colorado,August,13,Thursday,5:00pm-5:59pm,44,Local Street - Municipality,Urban,Principal Arterial - Other,City or Municipal Highway Agency,This section IS ON the NHS,No Special Jurisdiction,Pedalcyclist,The First Harmful Event was Not a Collision with a Motor Vehicle in Transport,No,Intersection-Related,Four-Way Intersection,On Roadway,,Daylight,Not Reported,No,Not Applicable,38.88944444,-104.81897222,EL PASO (41),COLORADO SPRINGS
80365,2020,1,0,0,1,1,0,1,1,Colorado,August,15,Saturday,4:00am-4:59am,46,Local Street - Municipality,Urban,Local,City or Municipal Highway Agency,This section IS NOT on the NHS,No Special Jurisdiction,Rollover/Overturn,The First Harmful Event was Not a Collision with a Motor Vehicle in Transport,No,Non-Junction,Not an Intersection,On Roadside,,Dark - Not Lighted,Clear,No,Not Applicable,40.07917778,-104.9611,WELD (123),DACONO
80366,2020,1,0,0,1,1,0,1,1,Colorado,August,19,Wednesday,6:00pm-6:59pm,35,Local Street - Municipality,Urban,Major Collector,City or Municipal Highway Agency,This section IS NOT on the NHS,No Special Jurisdiction,Curb,The First Harmful Event was Not a Collision with a Motor Vehicle in Transport,No,Intersection-Related,L-Intersection,On Roadside,,Dark - Lighted,Not Reported,No,Not Applicable,38.81852778,-104.82961667,EL PASO (41),COLORADO SPRINGS
80367,2020,1,0,0,1,1,0,1,1,Colorado,August,27,Thursday,1:00am-1:59am,7,Interstate,Urban,Interstate,State Highway Agency,This section IS ON the NHS,No Special Jurisdiction,Guardrail Face,The First Harmful Event was Not a Collision with a Motor Vehicle in Transport,Yes,Other location within Interchange Area,Not an Intersection,Gore,,Dark - Lighted,Not Reported,No,Not Applicable,38.81555278,-104.82845833,EL PASO (41),COLORADO SPRINGS
80368,2020,1,0,0,2,2,0,2,2,Colorado,August,28,Friday,1:00pm-1:59pm,50,Local Street - Municipality,Urban,Principal Arterial - Other,City or Municipal Highway Agency,This section IS ON the NHS,No Special Jurisdiction,Motor Vehicle In-Transport,Angle,No,Intersection,Four-Way Intersection,On Roadway,,Daylight,Not Reported,No,Not Applicable,38.85432222,-104.74811111,EL PASO (41),COLORADO SPRINGS
80369,2020,1,1,1,1,1,0,1,1,Colorado,August,31,Monday,7:00pm-7:59pm,39,Local Street - Municipality,Urban,Principal Arterial - Other,City or Municipal Highway Agency,This section IS ON the NHS,No Special Jurisdiction,Pedestrian,The First Harmful Event was Not a Collision with a Motor Vehicle in Transport,No,Intersection-Related,Four-Way Intersection,On Roadway,,Dusk,Not Reported,No,Not Applicable,38.89663333,-104.83556667,EL PASO (41),COLORADO SPRINGS
80370,2020,1,1,1,1,1,0,2,2,Colorado,August,18,Tuesday,8:00pm-8:59pm,52,Local Street - Municipality,Urban,Minor Arterial,City or Municipal Highway Agency,This section IS NOT on the NHS,No Special Jurisdiction,Pedalcyclist,The First Harmful Event was Not a Collision with a Motor Vehicle in Transport,No,Intersection-Related,T-Intersection,On Roadway,,Dark - Lighted,Clear,No,Not Applicable,39.82712778,-104.92398611,ADAMS (1),COMMERCE CITY
80371,2020,1,1,1,4,4,0,4,4,Colorado,August,6,Thursday,1:00am-1:59am,36,Interstate,Urban,Interstate,State Highway Agency,This section IS ON the NHS,No Special Jurisdiction,Pedestrian,The First Harmful Event was Not a Collision with a Motor Vehicle in Transport,Yes,Through Roadway,Not an Intersection,On Roadway,,Dark - Lighted,Not Reported,No,Not Applicable,39.88448333,-104.98766667,ADAMS (1),NORTHGLENN
80372,2020,1,0,0,1,1,0,2,2,Colorado,August,28,Friday,10:00pm-10:59pm,30,Local Street - Municipality,Urban,Local,City or Municipal Highway Agency,This section IS NOT on the NHS,No Special Jurisdiction,Fell/Jumped from Vehicle,The First Harmful Event was Not a Collision with a Motor Vehicle in Transport,No,Non-Junction,Not an Intersection,On Roadway,,Dark - Not Lighted,Clear,No,Not Applicable,39.79898333,-104.91169167,ADAMS (1),COMMERCE CITY
80373,2020,1,0,0,3,3,0,4,4,Colorado,August,22,Saturday,3:00pm-3:59pm,16,Local Street - Municipality,Urban,Principal Arterial - Other,City or Municipal Highway Agency,This section IS ON the NHS,No Special Jurisdiction,Motor Vehicle In-Transport,Angle,No,Intersection,Four-Way Intersection,On Roadway,,Daylight,Not Reported,No,Not Applicable,39.674825,-104.85663333,ARAPAHOE (5),AURORA
80374,2020,1,0,0,1,1,0,1,1,Colorado,August,14,Friday,6:00am-6:59am,46,Local Street - Municipality,Urban,Principal Arterial - Other,City or Municipal Highway Agency,This section IS NOT on the NHS,No Special Jurisdiction,Curb,The First Harmful Event was Not a Collision with a Motor Vehicle in Transport,No,Intersection-Related,Four-Way Intersection,On Roadside,,Daylight,Clear,No,Not Applicable,39.74212778,-104.91285556,DENVER (31),DENVER
80375,2020,1,0,0,2,2,0,3,3,Colorado,August,30,Sunday,11:00pm-11:59pm,20,Local Street - Municipality,Urban,Minor Arterial,City or Municipal Highway Agency,This section IS NOT on the NHS,No Special Jurisdiction,Motor Vehicle In-Transport,Angle,No,Intersection,Four-Way Intersection,On Roadway,,Dark - Lighted,Not Reported,No,Not Applicable,39.73842222,-104.95875,DENVER (31),DENVER
80376,2020,1,1,1,1,1,0,1,1,Colorado,August,10,Monday,7:00pm-7:59pm,52,Local Street - Municipality,Urban,Minor Arterial,City or Municipal Highway Agency,This section IS NOT on the NHS,No Special Jurisdiction,Curb,The First Harmful Event was Not a Collision with a Motor Vehicle in Transport,No,Intersection-Related,T-Intersection,On Roadside,,Daylight,Not Reported,No,Not Applicable,39.69680556,-105.00977778,DENVER (31),DENVER
80377,2020,1,0,0,3,3,0,4,4,Colorado,January,30,Thursday,5:00am-5:59am,30,State Highway,Rural,Principal Arterial - Other,State Highway Agency,This section IS ON the NHS,No Special Jurisdiction,Motor Vehicle In-Transport,Angle,No,Intersection,Four-Way Intersection,On Roadway,,Dark - Not Lighted,"Fog, Smog, Smoke",No,Not Applicable,40.20397778,-104.885875,WELD (123),PLATTEVILLE
80378,2020,1,0,0,2,2,0,2,2,Colorado,January,15,Wednesday,4:00pm-4:59pm,24,Local Street - Municipality,Urban,Major Collector,City or Municipal Highway Agency,This section IS NOT on the NHS,No Special Jurisdiction,Motor Vehicle In-Transport,Angle,No,Intersection,Four-Way Intersection,On Roadway,,Daylight,Not Reported,No,Not Applicable,40.58722778,-105.10655,LARIMER (69),FORT COLLINS
80379,2020,1,0,0,2,2,0,2,2,Colorado,March,6,Friday,4:00pm-4:59pm,23,Local Street - Municipality,Urban,Principal Arterial - Other,City or Municipal Highway Agency,This section IS ON the NHS,No Special Jurisdiction,Motor Vehicle In-Transport,Angle,No,Intersection,Four-Way Intersection,On Roadway,,Daylight,Not Reported,No,Not Applicable,39.59505556,-104.96376667,ARAPAHOE (5),CENTENNIAL
80380,2020,1,0,0,2,2,0,2,2,Colorado,June,17,Wednesday,5:00am-5:59am,51,U.S. Highway,Urban,Principal Arterial - Other,State Highway Agency,This section IS ON the NHS,No Special Jurisdiction,Motor Vehicle In-Transport,Front-to-Front,No,Intersection,Four-Way Intersection,On Roadway,,Daylight,Not Reported,No,Not Applicable,39.84185,-105.02498056,ADAMS (1),WESTMINSTER
80381,2020,1,0,0,2,2,0,3,3,Colorado,July,29,Wednesday,12:00pm-12:59pm,37,County Road,Urban,Minor Arterial,County Highway Agency,This section IS NOT on the NHS,No Special Jurisdiction,Motor Vehicle In-Transport,Angle,No,Intersection,Four-Way Intersection,On Roadway,,Daylight,Not Reported,No,Not Applicable,39.08459167,-108.49655556,MESA (77),NOT APPLICABLE
80382,2020,1,0,0,2,2,0,3,3,Colorado,August,12,Wednesday,4:00pm-4:59pm,43,Local Street - Municipality,Urban,Minor Arterial,City or Municipal Highway Agency,This section IS NOT on the NHS,No Special Jurisdiction,Motor Vehicle In-Transport,Angle,Yes,Intersection,Four-Way Intersection,On Roadway,,Daylight,Not Reported,No,Not Applicable,39.78361111,-104.79198889,DENVER (31),DENVER
80383,2020,2,0,0,3,3,0,4,4,Colorado,September,3,Thursday,2:00am-2:59am,21,U.S. Highway,Rural,Principal Arterial - Other,State Highway Agency,This section IS ON the NHS,No Special Jurisdiction,Motor Vehicle In-Transport,Front-to-Front,No,Non-Junction,Not an Intersection,On Roadway,,Dark - Not Lighted,Not Reported,No,Not Applicable,40.33148056,-104.42781111,WELD (123),NOT APPLICABLE
80384,2020,1,0,0,1,1,0,1,1,Colorado,September,3,Thursday,8:00am-8:59am,50,U.S. Highway,Rural,Principal Arterial - Other,State Highway Agency,This section IS ON the NHS,No Special Jurisdiction,Other Fixed Object,The First Harmful Event was Not a Collision with a Motor Vehicle in Transport,No,Non-Junction,Not an Intersection,Outside Trafficway,,Daylight,Not Reported,No,Not Applicable,40.48575833,-107.01960556,ROUTT (107),MILNER
80385,2020,1,0,0,2,2,0,3,3,Colorado,September,3,Thursday,1:00pm-1:59pm,39,U.S. Highway,Rural,Principal Arterial - Other,State Highway Agency,This section IS ON the NHS,No Special Jurisdiction,Motor Vehicle In-Transport,Angle,No,Intersection,Four-Way Intersection,On Roadway,,Daylight,Not Reported,No,Not Applicable,38.37785833,-107.81869444,MONTROSE (85),NOT APPLICABLE
80386,2020,1,0,0,1,1,0,2,2,Colorado,September,4,Friday,4:00pm-4:59pm,13,U.S. Highway,Urban,Principal Arterial - Other Freeways and Expressways,State Highway Agency,This section IS ON the NHS,No Special Jurisdiction,Rollover/Overturn,The First Harmful Event was Not a Collision with a Motor Vehicle in Transport,Yes,Entrance/Exit Ramp Related,Not an Intersection,On Roadside,,Daylight,Not Reported,No,Not Applicable,39.72490278,-105.11176944,JEFFERSON (59),LAKEWOOD
80387,2020,1,0,0,2,2,0,2,2,Colorado,September,4,Friday,8:00pm-8:59pm,20,Local Street - Municipality,Urban,Principal Arterial - Other,City or Municipal Highway Agency,This section IS ON the NHS,No Special Jurisdiction,Motor Vehicle In-Transport,Angle,No,Intersection,Four-Way Intersection,On Roadway,,Dark - Lighted,Not Reported,No,Not Applicable,39.65311111,-104.7725,ARAPAHOE (5),AURORA
80388,2020,1,0,0,1,1,0,1,1,Colorado,September,4,Friday,8:00pm-8:59pm,20,State Highway,Rural,Major Collector,State Highway Agency,This section IS NOT on the NHS,No Special Jurisdiction,Fence,The First Harmful Event was Not a Collision with a Motor Vehicle in Transport,No,Non-Junction,Not an Intersection,Outside Trafficway,,Dark - Not Lighted,Not Reported,No,Not Applicable,39.21027778,-108.03828333,MESA (77),NOT APPLICABLE
80389,2020,1,0,0,1,1,0,1,1,Colorado,September,5,Saturday,2:00am-2:59am,0,County Road,Rural,Major Collector,County Highway Agency,This section IS NOT on the NHS,No Special Jurisdiction,Ditch,The First Harmful Event was Not a Collision with a Motor Vehicle in Transport,No,Non-Junction,Not an Intersection,On Roadside,,Dark - Not Lighted,Not Reported,No,Not Applicable,40.68135,-103.22205556,LOGAN (75),NOT APPLICABLE
80390,2020,3,0,0,1,1,0,4,4,Colorado,September,6,Sunday,11:00pm-11:59pm,55,U.S. Highway,Urban,Principal Arterial - Other,State Highway Agency,This section IS ON the NHS,No Special Jurisdiction,Curb,The First Harmful Event was Not a Collision with a Motor Vehicle in Transport,No,Non-Junction,Not an Intersection,On Median,,Dark - Not Lighted,Not Reported,No,Not Applicable,39.81030556,-105.02528333,ADAMS (1),NOT APPLICABLE
80391,2020,1,0,0,1,1,0,3,3,Colorado,September,7,Monday,1:00am-1:59am,40,Interstate,Urban,Interstate,State Highway Agency,This section IS ON the NHS,No Special Jurisdiction,Rollover/Overturn,The First Harmful Event was Not a Collision with a Motor Vehicle in Transport,Yes,Other location within Interchange Area,Not an Intersection,On Roadside,Construction,Dark - Not Lighted,Not Reported,No,Not Applicable,39.74027778,-104.73106944,ADAMS (1),NOT APPLICABLE
80392,2020,1,0,0,1,1,0,2,2,Colorado,September,3,Thursday,5:00pm-5:59pm,0,County Road,Rural,Major Collector,County Highway Agency,This section IS NOT on the NHS,No Special Jurisdiction,Guardrail End,The First Harmful Event was Not a Collision with a Motor Vehicle in Transport,No,Non-Junction,Not an Intersection,On Roadside,,Daylight,Not Reported,No,Not Applicable,39.37436389,-107.00466667,EAGLE (37),NOT APPLICABLE
80393,2020,1,0,0,1,1,0,3,3,Colorado,September,7,Monday,6:00am-6:59am,44,Interstate,Urban,Interstate,State Highway Agency,This section IS ON the NHS,No Special Jurisdiction,Rollover/Overturn,The First Harmful Event was Not a Collision with a Motor Vehicle in Transport,No,Non-Junction,Not an Intersection,On Roadway,,Daylight,Not Reported,No,Not Applicable,38.74277778,-104.75122222,EL PASO (41),NOT APPLICABLE
80394,2020,1,0,0,2,2,0,2,2,Colorado,September,20,Sunday,11:00am-11:59am,27,Interstate,Rural,Interstate,State Highway Agency,This section IS ON the NHS,No Special Jurisdiction,Motor Vehicle In-Transport,Sideswipe - Same Direction,No,Non-Junction,Not an Intersection,On Roadway,,Daylight,Not Reported,No,Not Applicable,39.76209167,-105.6455,CLEAR CREEK (19),NOT APPLICABLE
80395,2020,1,2,2,1,1,0,1,1,Colorado,September,7,Monday,1:00am-1:59am,38,Local Street - Municipality,Urban,Major Collector,City or Municipal Highway Agency,This section IS NOT on the NHS,No Special Jurisdiction,Non-Motorist on Personal Conveyance,The First Harmful Event was Not a Collision with a Motor Vehicle in Transport,No,Non-Junction,Not an Intersection,On Roadway,,Dark - Lighted,Clear,No,Not Applicable,39.74630556,-104.997625,DENVER (31),DENVER
80396,2020,1,0,0,2,2,0,2,2,Colorado,September,10,Thursday,9:00pm-9:59pm,40,U.S. Highway,Rural,Principal Arterial - Other,State Highway Agency,This section IS ON the NHS,No Special Jurisdiction,Motor Vehicle In-Transport,Front-to-Front,No,Non-Junction,Not an Intersection,On Roadway,,Dark - Not Lighted,Not Reported,No,Not Applicable,38.09155556,-102.44742778,PROWERS (99),NOT APPLICABLE
80397,2020,1,1,1,1,1,0,2,2,Colorado,September,11,Friday,6:00am-6:59am,53,U.S. Highway,Urban,Principal Arterial - Other,State Highway Agency,This section IS ON the NHS,No Special Jurisdiction,Non-Motorist on Personal Conveyance,The First Harmful Event was Not a Collision with a Motor Vehicle in Transport,No,Intersection-Related,Four-Way Intersection,On Roadway,,Daylight,Clear,No,Not Applicable,39.74030556,-105.03005556,DENVER (31),DENVER
80398,2020,2,0,0,2,2,0,3,3,Colorado,September,11,Friday,3:00pm-3:59pm,55,U.S. Highway,Rural,Principal Arterial - Other,State Highway Agency,This section IS ON the NHS,No Special Jurisdiction,Motor Vehicle In-Transport,Angle,No,Driveway Access Related,Not an Intersection,On Roadway,,Daylight,Not Reported,No,Not Applicable,40.48495278,-104.700875,WELD (123),NOT APPLICABLE
80399,2020,1,0,0,2,2,0,3,3,Colorado,September,12,Saturday,11:00am-11:59am,57,State Highway,Urban,Principal Arterial - Other,State Highway Agency,This section IS ON the NHS,No Special Jurisdiction,Motor Vehicle In-Transport,Angle,No,Driveway Access Related,Not an Intersection,On Roadway,,Daylight,Clear,No,Not Applicable,39.66469444,-105.02519444,DENVER (31),DENVER
80400,2020,2,0,0,1,1,0,3,3,Colorado,September,12,Saturday,12:00pm-12:59pm,16,State Highway,Rural,Minor Arterial,State Highway Agency,This section IS NOT on the NHS,No Special Jurisdiction,Rollover/Overturn,The First Harmful Event was Not a Collision with a Motor Vehicle in Transport,No,Non-Junction,Not an Intersection,On Roadside,,Daylight,Not Reported,No,Not Applicable,40.53133333,-106.23777778,JACKSON (57),NOT APPLICABLE
80401,2020,1,0,0,1,1,0,1,1,Colorado,September,12,Saturday,5:00pm-5:59pm,5,Interstate,Rural,Interstate,State Highway Agency,This section IS ON the NHS,No Special Jurisdiction,Guardrail Face,The First Harmful Event was Not a Collision with a Motor Vehicle in Transport,No,Non-Junction,Not an Intersection,On Roadside,,Daylight,Not Reported,No,Not Applicable,40.17113056,-104.35916667,WELD (123),NOT APPLICABLE
80402,2020,1,0,0,2,2,0,2,2,Colorado,September,12,Saturday,5:00pm-5:59pm,15,County Road,Rural,Major Collector,County Highway Agency,This section IS NOT on the NHS,No Special Jurisdiction,Motor Vehicle In-Transport,Angle,No,Intersection,Four-Way Intersection,On Roadway,,Daylight,Not Reported,No,Not Applicable,40.10215278,-104.39523056,WELD (123),NOT APPLICABLE
80403,2020,1,0,0,1,1,0,2,2,Colorado,September,13,Sunday,1:00pm-1:59pm,25,U.S. Highway,Rural,Principal Arterial - Other,State Highway Agency,This section IS ON the NHS,No Special Jurisdiction,"Post, Pole or Other Supports",The First Harmful Event was Not a Collision with a Motor Vehicle in Transport,No,Non-Junction,Not an Intersection,On Roadside,,Daylight,Not Reported,No,Not Applicable,38.75434167,-108.17125,DELTA (29),NOT APPLICABLE
80404,2020,1,0,0,2,2,0,2,2,Colorado,September,14,Monday,4:00pm-4:59pm,25,Local Street - Municipality,Urban,Principal Arterial - Other,City or Municipal Highway Agency,This section IS ON the NHS,No Special Jurisdiction,Motor Vehicle In-Transport,Front-to-Rear,No,Intersection-Related,Four-Way Intersection,On Roadway,,Daylight,Not Reported,No,Not Applicable,39.71107778,-104.84746667,ARAPAHOE (5),AURORA
80405,2020,1,0,0,1,1,0,1,1,Colorado,September,17,Thursday,2:00pm-2:59pm,7,County Road,Rural,Major Collector,County Highway Agency,This section IS NOT on the NHS,No Special Jurisdiction,Rollover/Overturn,The First Harmful Event was Not a Collision with a Motor Vehicle in Transport,No,Non-Junction,Not an Intersection,On Roadside,,Daylight,Not Reported,No,Not Applicable,39.32371944,-105.76677778,PARK (93),NOT APPLICABLE
80406,2020,1,0,0,1,1,0,1,1,Colorado,September,17,Thursday,4:00pm-4:59pm,57,County Road,Rural,Major Collector,County Highway Agency,This section IS NOT on the NHS,No Special Jurisdiction,Fence,The First Harmful Event was Not a Collision with a Motor Vehicle in Transport,No,Non-Junction,Not an Intersection,Outside Trafficway,,Daylight,Not Reported,No,Not Applicable,38.93316667,-105.19527778,TELLER (119),NOT APPLICABLE
80407,2020,1,0,0,3,3,0,4,4,Colorado,September,18,Friday,7:00pm-7:59pm,6,Local Street - Municipality,Urban,Minor Arterial,City or Municipal Highway Agency,This section IS NOT on the NHS,No Special Jurisdiction,Motor Vehicle In-Transport,Angle,No,Intersection,Four-Way Intersection,On Roadway,,Dark - Lighted,Not Reported,No,Not Applicable,39.58870556,-104.70784167,ARAPAHOE (5),AURORA
80408,2020,1,1,1,1,1,0,2,2,Colorado,September,19,Saturday,9:00pm-9:59pm,40,U.S. Highway,Urban,Principal Arterial - Other,State Highway Agency,This section IS ON the NHS,No Special Jurisdiction,Pedestrian,The First Harmful Event was Not a Collision with a Motor Vehicle in Transport,No,Non-Junction,Not an Intersection,On Roadway,,Dark - Not Lighted,Not Reported,No,Not Applicable,39.81741667,-105.02514444,ADAMS (1),NOT APPLICABLE
80409,2020,1,0,0,1,1,0,1,1,Colorado,September,19,Saturday,9:00pm-9:59pm,40,U.S. Highway,Rural,Principal Arterial - Other,State Highway Agency,This section IS ON the NHS,No Special Jurisdiction,Rollover/Overturn,The First Harmful Event was Not a Collision with a Motor Vehicle in Transport,No,Non-Junction,Not an Intersection,On Shoulder,,Dark - Not Lighted,Not Reported,No,Not Applicable,38.544,-106.31043056,CHAFFEE (15),NOT APPLICABLE
80410,2020,1,0,0,1,1,0,1,1,Colorado,September,20,Sunday,3:00am-3:59am,0,U.S. Highway,Rural,Principal Arterial - Other,State Highway Agency,This section IS ON the NHS,No Special Jurisdiction,Boulder,The First Harmful Event was Not a Collision with a Motor Vehicle in Transport,No,Non-Junction,Not an Intersection,On Roadside,,Dark - Not Lighted,Not Reported,No,Not Applicable,38.40250833,-107.41176667,GUNNISON (51),NOT APPLICABLE
80411,2020,1,0,0,1,1,0,1,1,Colorado,September,22,Tuesday,3:00pm-3:59pm,20,U.S. Highway,Rural,Minor Arterial,State Highway Agency,This section IS NOT on the NHS,No Special Jurisdiction,Traffic Sign Support,The First Harmful Event was Not a Collision with a Motor Vehicle in Transport,No,Non-Junction,Not an Intersection,On Roadside,,Daylight,Not Reported,No,Not Applicable,39.74156944,-105.25725556,JEFFERSON (59),NOT APPLICABLE
80412,2020,1,0,0,2,2,0,4,4,Colorado,September,10,Thursday,3:00pm-3:59pm,35,County Road,Urban,Minor Arterial,County Highway Agency,This section IS NOT on the NHS,No Special Jurisdiction,Motor Vehicle In-Transport,Angle,No,Intersection,Four-Way Intersection,On Roadway,,Daylight,Not Reported,No,Not Applicable,39.53587222,-104.98519722,DOUGLAS (35),NOT APPLICABLE
80413,2020,1,0,0,1,1,0,1,1,Colorado,September,12,Saturday,12:00pm-12:59pm,30,County Road,Urban,Minor Arterial,County Highway Agency,This section IS NOT on the NHS,No Special Jurisdiction,Guardrail End,The First Harmful Event was Not a Collision with a Motor Vehicle in Transport,No,Non-Junction,Not an Intersection,On Roadside,,Daylight,Not Reported,No,Not Applicable,40.61326111,-105.13859444,LARIMER (69),NOT APPLICABLE
80414,2020,1,2,3,3,1,2,2,1,Colorado,September,13,Sunday,1:00am-1:59am,11,Interstate,Urban,Interstate,State Highway Agency,This section IS ON the NHS,No Special Jurisdiction,Parked Motor Vehicle,The First Harmful Event was Not a Collision with a Motor Vehicle in Transport,No,Non-Junction,Not an Intersection,On Shoulder,,Dark - Lighted,Not Reported,No,Not Applicable,39.78377778,-105.01905833,DENVER (31),DENVER
80415,2020,2,0,0,5,5,0,10,10,Colorado,September,25,Friday,6:00pm-6:59pm,30,State Highway,Urban,Principal Arterial - Other,State Highway Agency,This section IS ON the NHS,No Special Jurisdiction,Motor Vehicle In-Transport,Angle,No,Intersection,Four-Way Intersection,On Roadway,,Daylight,Not Reported,No,Not Applicable,40.16019444,-105.04594444,WELD (123),LONGMONT
80416,2020,1,0,0,3,3,0,3,3,Colorado,September,25,Friday,7:00pm-7:59pm,17,Local Street - Municipality,Urban,Principal Arterial - Other,City or Municipal Highway Agency,This section IS ON the NHS,No Special Jurisdiction,Motor Vehicle In-Transport,Angle,No,Intersection,Four-Way Intersection,On Roadway,,Daylight,Not Reported,No,Not Applicable,39.68933333,-104.84724444,ARAPAHOE (5),AURORA
80417,2020,1,0,0,1,1,0,2,2,Colorado,September,25,Friday,8:00pm-8:59pm,25,County Road,Rural,Major Collector,County Highway Agency,This section IS NOT on the NHS,No Special Jurisdiction,Fence,The First Harmful Event was Not a Collision with a Motor Vehicle in Transport,No,Non-Junction,Not an Intersection,Outside Trafficway,,Dark - Not Lighted,Not Reported,No,Not Applicable,37.52402778,-102.89294167,BACA (9),NOT APPLICABLE
80418,2020,2,0,0,2,2,0,3,3,Colorado,September,26,Saturday,7:00pm-7:59pm,24,Local Street - Municipality,Urban,Principal Arterial - Other,City or Municipal Highway Agency,This section IS ON the NHS,No Special Jurisdiction,Motor Vehicle In-Transport,Angle,No,Driveway Access Related,Not an Intersection,On Roadway,,Dark - Lighted,Not Reported,No,Not Applicable,39.88505556,-104.97547222,ADAMS (1),THORNTON
80419,2020,1,0,0,2,2,0,3,3,Colorado,September,25,Friday,7:00pm-7:59pm,34,Local Street - Municipality,Urban,Major Collector,City or Municipal Highway Agency,This section IS NOT on the NHS,No Special Jurisdiction,Motor Vehicle In-Transport,Angle,No,Intersection,Four-Way Intersection,On Roadway,,Dark - Lighted,Not Reported,No,Not Applicable,39.77431667,-104.81933333,DENVER (31),DENVER
80420,2020,1,0,0,1,1,0,2,2,Colorado,September,28,Monday,4:00am-4:59am,21,Interstate,Urban,Interstate,State Highway Agency,This section IS ON the NHS,No Special Jurisdiction,Wall,The First Harmful Event was Not a Collision with a Motor Vehicle in Transport,Yes,Entrance/Exit Ramp Related,Not an Intersection,On Roadside,,Dark - Lighted,Not Reported,No,Not Applicable,39.77227778,-104.82,ADAMS (1),AURORA
80421,2020,1,0,0,2,2,0,2,2,Colorado,September,29,Tuesday,8:00am-8:59am,15,U.S. Highway,Rural,Principal Arterial - Other,State Highway Agency,This section IS ON the NHS,No Special Jurisdiction,Motor Vehicle In-Transport,Sideswipe - Opposite Direction,No,Non-Junction,Not an Intersection,On Roadway,,Daylight,Not Reported,No,Not Applicable,38.95676389,-105.11474167,TELLER (119),NOT APPLICABLE
80422,2020,1,0,0,3,3,0,3,3,Colorado,September,25,Friday,11:00pm-11:59pm,27,Local Street - Municipality,Urban,Principal Arterial - Other,City or Municipal Highway Agency,This section IS ON the NHS,No Special Jurisdiction,Motor Vehicle In-Transport,Front-to-Rear,Yes,Through Roadway,Not an Intersection,On Roadway,,Dark - Lighted,Not Reported,No,Not Applicable,38.9313,-104.79525278,EL PASO (41),COLORADO SPRINGS