ST_CASE,YEAR,FATALS,PEDS,PERNOTMVIT,VE_TOTAL,VE_FORMS,PVH_INVL,PERSONS,PERMVIT,STATENAME,MONTHNAME,DAYNAME,DAY_WEEKNAME,HOURNAME,MINUTENAME,ROUTENAME,RUR_URBNAME,FUNC_SYSNAME,RD_OWNERNAME,NHSNAME,SP_JURNAME,HARM_EVNAME,MAN_COLLNAME,RELJCT1NAME,RELJCT2NAME,TYP_INTNAME,REL_ROADNAME,WRK_ZONENAME,LGT_CONDNAME,WEATHERNAME,SCH_BUSNAME,RAILNAME,LATITUDE,LONGITUD,COUNTYNAME,CITYNAME
80038,2021,1,0,0,1,1,0,1,1,Colorado,January,26,Tuesday,5:00am-5:59am,23,Local Street - Municipality,Urban,Minor Arterial,City or Municipal Highway Agency,This section IS NOT on the NHS,No Special Jurisdiction,Rollover/Overturn,The First Harmful Event was Not a Collision with a Motor Vehicle in Transport,No,Non-Junction,Not an Intersection,On Roadway,,Dark - Lighted,Snow,No,Not Applicable,40.56720556,-105.09472222,LARIMER (69),FORT COLLINS
80039,2021,1,0,0,2,2,0,3,3,Colorado,January,24,Sunday,3:00am-3:59am,12,Local Street - Municipality,Urban,Principal Arterial - Other,City or Municipal Highway Agency,This section IS ON the NHS,No Special Jurisdiction,Motor Vehicle In-Transport,Angle,No,Intersection,T-Intersection,On Roadway,,Dark - Lighted,Not Reported,No,Not Applicable,39.66581944,-104.80981667,ARAPAHOE (5),AURORA
80040,2021,1,0,0,3,3,0,3,3,Colorado,January,19,Tuesday,4:00pm-4:59pm,17,U.S. Highway,Rural,Principal Arterial - Other,State Highway Agency,This section IS ON the NHS,No Special Jurisdiction,Motor Vehicle In-Transport,Front-to-Rear,No,Intersection-Related,T-Intersection,On Roadway,,Daylight,Clear,No,Not Applicable,40.12408333,-104.81076667,WELD (123),FORT LUPTON
80041,2021,2,0,0,2,2,0,8,8,Colorado,January,23,Saturday,1:00pm-1:59pm,37,Local Street - Municipality,Urban,Principal Arterial - Other,City or Municipal Highway Agency,This section IS ON the NHS,No Special Jurisdiction,Motor Vehicle In-Transport,Angle,No,Intersection,Four-Way Intersection,On Roadway,,Daylight,Clear,No,Not Applicable,39.727275,-104.98741667,DENVER (31),DENVER
80042,2021,1,1,1,1,1,0,1,1,Colorado,January,30,Saturday,11:00am-11:59am,42,Local Street - Municipality,Urban,Principal Arterial - Other,City or Municipal Highway Agency,This section IS ON the NHS,No Special Jurisdiction,Wall,The First Harmful Event was Not a Collision with a Motor Vehicle in Transport,No,Non-Junction,Not an Intersection,On Roadside,,Daylight,Not Reported,No,Not Applicable,39.88791667,-104.97784167,ADAMS (1),NORTHGLENN
80043,2021,1,1,1,1,1,0,4,4,Colorado,January,15,Friday,7:00pm-7:59pm,40,U.S. Highway,Urban,Principal Arterial - Other,State Highway Agency,This section IS ON the NHS,No Special Jurisdiction,Pedestrian,The First Harmful Event was Not a Collision with a Motor Vehicle in Transport,No,Intersection-Related,Four-Way Intersection,On Roadway,,Dark - Lighted,Clear,No,Not Applicable,40.56684167,-105.07680278,LARIMER (69),FORT COLLINS
80044,2021,1,0,0,3,3,0,4,4,Colorado,February,2,Tuesday,6:00pm-6:59pm,15,U.S. Highway,Rural,Principal Arterial - Other,State Highway Agency,This section IS ON the NHS,No Special Jurisdiction,"Post, Pole or Other Supports",The First Harmful Event was Not a Collision with a Motor Vehicle in Transport,No,Non-Junction,Not an Intersection,On Roadside,,Dark - Not Lighted,Not Reported,No,Not Applicable,37.53288611,-106.03101389,ALAMOSA (3),NOT APPLICABLE
80045,2021,1,0,0,2,2,0,3,3,Colorado,February,2,Tuesday,4:00pm-4:59pm,40,County Road,Urban,Major Collector,County Highway Agency,This section IS NOT on the NHS,No Special Jurisdiction,Motor Vehicle In-Transport,Sideswipe - Opposite Direction,No,Non-Junction,Not an Intersection,On Roadway,,Daylight,Not Reported,No,Not Applicable,39.45102778,-104.91601111,DOUGLAS (35),NOT APPLICABLE
80046,2021,1,0,0,1,1,0,1,1,Colorado,February,4,Thursday,3:00pm-3:59pm,41,U.S. Highway,Urban,Principal Arterial - Other,State Highway Agency,This section IS ON the NHS,No Special Jurisdiction,Rollover/Overturn,The First Harmful Event was Not a Collision with a Motor Vehicle in Transport,Yes,Entrance/Exit Ramp Related,Not an Intersection,On Shoulder,,Daylight,Clear,No,Not Applicable,39.84501944,-104.92355556,ADAMS (1),NOT APPLICABLE
80047,2021,1,0,0,1,1,0,2,2,Colorado,February,5,Friday,4:00pm-4:59pm,30,Interstate,Rural,Interstate,State Highway Agency,This section IS ON the NHS,No Special Jurisdiction,"Post, Pole or Other Supports",The First Harmful Event was Not a Collision with a Motor Vehicle in Transport,Yes,Entrance/Exit Ramp Related,Not an Intersection,Gore,,Daylight,Not Reported,No,Not Applicable,40.2464,-104.05394444,MORGAN (87),NOT APPLICABLE
80048,2021,1,0,0,1,1,0,1,1,Colorado,February,5,Friday,8:00pm-8:59pm,58,U.S. Highway,Urban,Principal Arterial - Other,State Highway Agency,This section IS ON the NHS,No Special Jurisdiction,Tree (Standing Only),The First Harmful Event was Not a Collision with a Motor Vehicle in Transport,No,Non-Junction,Not an Intersection,On Roadside,,Dark - Not Lighted,Not Reported,No,Not Applicable,37.34726389,-107.85247778,LA PLATA (67),NOT APPLICABLE
80049,2021,1,0,0,1,1,0,1,1,Colorado,February,7,Sunday,3:00pm-3:59pm,45,U.S. Highway,Rural,Principal Arterial - Other,State Highway Agency,This section IS ON the NHS,No Special Jurisdiction,Embankment,The First Harmful Event was Not a Collision with a Motor Vehicle in Transport,No,Non-Junction,Not an Intersection,On Roadside,,Daylight,Not Reported,No,Not Applicable,38.88771111,-104.95478333,EL PASO (41),NOT APPLICABLE
80050,2021,1,0,2,2,1,1,3,1,Colorado,February,11,Thursday,11:00am-11:59am,33,U.S. Highway,Rural,Principal Arterial - Other,State Highway Agency,This section IS ON the NHS,No Special Jurisdiction,Working Motor Vehicle,The First Harmful Event was Not a Collision with a Motor Vehicle in Transport,No,Non-Junction,Not an Intersection,On Roadway,Maintenance,Daylight,Clear,No,Not Applicable,39.53851389,-105.30083333,JEFFERSON (59),NOT APPLICABLE
80051,2021,1,0,0,1,1,0,1,1,Colorado,February,11,Thursday,8:00pm-8:59pm,10,State Highway,Urban,Minor Arterial,State Highway Agency,This section IS NOT on the NHS,No Special Jurisdiction,Curb,The First Harmful Event was Not a Collision with a Motor Vehicle in Transport,No,Non-Junction,Not an Intersection,On Roadside,,Dark - Not Lighted,Snow,No,Not Applicable,39.86350556,-105.21067778,JEFFERSON (59),NOT APPLICABLE
80052,2021,1,1,1,1,1,0,1,1,Colorado,February,13,Saturday,9:00am-9:59am,31,Interstate,Urban,Interstate,State Highway Agency,This section IS ON the NHS,No Special Jurisdiction,Pedestrian,The First Harmful Event was Not a Collision with a Motor Vehicle in Transport,Yes,Through Roadway,Not an Intersection,On Roadway,,Daylight,Not Reported,No,Not Applicable,39.84906667,-104.98564444,ADAMS (1),THORNTON
80053,2021,1,0,0,1,1,0,1,1,Colorado,February,15,Monday,2:00am-2:59am,57,Interstate,Urban,Interstate,State Highway Agency,This section IS ON the NHS,No Special Jurisdiction,Guardrail Face,The First Harmful Event was Not a Collision with a Motor Vehicle in Transport,Yes,Entrance/Exit Ramp Related,Not an Intersection,On Roadside,,Dark - Lighted,Not Reported,No,Not Applicable,39.72792778,-105.01398056,DENVER (31),DENVER
80054,2021,1,0,0,2,2,0,2,2,Colorado,February,16,Tuesday,8:00am-8:59am,49,Local Street - Frontage Road,Urban,Interstate,State Highway Agency,This section IS ON the NHS,No Special Jurisdiction,Motor Vehicle In-Transport,Front-to-Front,No,Non-Junction,Not an Intersection,On Roadway,,Daylight,Not Reported,No,Not Applicable,40.59423056,-105.00115556,LARIMER (69),FORT COLLINS
80055,2021,1,0,0,3,3,0,4,4,Colorado,February,19,Friday,7:00pm-7:59pm,1,State Highway,Urban,Principal Arterial - Other,State Highway Agency,This section IS ON the NHS,No Special Jurisdiction,Motor Vehicle In-Transport,Front-to-Front,No,Non-Junction,Not an Intersection,On Roadway,,Dark - Not Lighted,Not Reported,No,Not Applicable,39.95804167,-105.23248889,BOULDER (13),NOT APPLICABLE
80056,2021,1,0,0,1,1,0,2,2,Colorado,February,21,Sunday,8:00pm-8:59pm,40,State Highway,Urban,Minor Arterial,State Highway Agency,This section IS NOT on the NHS,No Special Jurisdiction,Bridge Rail (Includes parapet),The First Harmful Event was Not a Collision with a Motor Vehicle in Transport,Yes,Intersection-Related,T-Intersection,On Roadside,,Dark - Lighted,Not Reported,No,Not Applicable,39.82380556,-104.98295556,ADAMS (1),NOT APPLICABLE
80057,2021,1,0,0,2,2,0,6,6,Colorado,February,21,Sunday,1:00pm-1:59pm,20,U.S. Highway,Rural,Principal Arterial - Other,State Highway Agency,This section IS ON the NHS,No Special Jurisdiction,Motor Vehicle In-Transport,Angle,No,Non-Junction,Not an Intersection,On Roadway,,Daylight,Snow,No,Not Applicable,40.38990833,-106.64898889,GRAND (49),NOT APPLICABLE
80058,2021,1,1,1,1,1,0,1,1,Colorado,February,8,Monday,7:00pm-7:59pm,3,State Highway,Urban,Principal Arterial - Other,State Highway Agency,This section IS ON the NHS,No Special Jurisdiction,Pedestrian,The First Harmful Event was Not a Collision with a Motor Vehicle in Transport,No,Intersection-Related,T-Intersection,On Roadway,,Dark - Lighted,Not Reported,No,Not Applicable,39.65302778,-104.88125,DENVER (31),DENVER
80059,2021,1,0,0,3,3,0,3,3,Colorado,February,16,Tuesday,1:00pm-1:59pm,54,Local Street - Municipality,Urban,Minor Arterial,City or Municipal Highway Agency,This section IS NOT on the NHS,No Special Jurisdiction,Motor Vehicle In-Transport,Front-to-Rear,No,Intersection-Related,Four-Way Intersection,On Roadway,,Daylight,Not Reported,No,Not Applicable,39.77672222,-105.0297,DENVER (31),DENVER
80060,2021,1,0,0,2,2,0,8,8,Colorado,February,19,Friday,8:00pm-8:59pm,10,State Highway,Urban,Principal Arterial - Other Freeways and Expressways,State Highway Agency,This section IS ON the NHS,No Special Jurisdiction,Snow Bank,The First Harmful Event was Not a Collision with a Motor Vehicle in Transport,Yes,Entrance/Exit Ramp Related,Not an Intersection,On Roadside,,Dark - Lighted,Not Reported,No,Not Applicable,39.63805556,-105.16716667,JEFFERSON (59),LAKEWOOD
80061,2021,1,1,1,1,1,0,1,1,Colorado,February,22,Monday,2:00pm-2:59pm,54,State Highway,Urban,Principal Arterial - Other,State Highway Agency,This section IS ON the NHS,No Special Jurisdiction,Pedalcyclist,The First Harmful Event was Not a Collision with a Motor Vehicle in Transport,No,Intersection-Related,Four-Way Intersection,On Roadway,,Daylight,Not Reported,No,Not Applicable,39.7039,-104.86584167,ARAPAHOE (5),AURORA
80062,2021,1,0,0,1,1,0,1,1,Colorado,February,23,Tuesday,0:00am-0:59am,1,County Road,Rural,Local,County Highway Agency,This section IS NOT on the NHS,No Special Jurisdiction,Embankment,The First Harmful Event was Not a Collision with a Motor Vehicle in Transport,No,Intersection-Related,L-Intersection,On Roadside,,Dark - Not Lighted,Not Reported,No,Not Applicable,40.145625,-103.90538611,MORGAN (87),NOT APPLICABLE
80063,2021,1,0,0,2,2,0,3,3,Colorado,February,19,Friday,4:00pm-4:59pm,4,U.S. Highway,Rural,Principal Arterial - Other,State Highway Agency,This section IS ON the NHS,No Special Jurisdiction,Motor Vehicle In-Transport,Front-to-Front,No,Non-Junction,Not an Intersection,On Roadway,,Daylight,Not Reported,No,Not Applicable,40.21181111,-106.42683056,GRAND (49),NOT APPLICABLE
80064,2021,1,0,0,1,1,0,2,2,Colorado,February,23,Tuesday,6:00pm-6:59pm,32,Interstate,Rural,Interstate,State Highway Agency,This section IS ON the NHS,No Special Jurisdiction,"Post, Pole or Other Supports",The First Harmful Event was Not a Collision with a Motor Vehicle in Transport,No,Non-Junction,Not an Intersection,On Median,,Dark - Not Lighted,Snow,No,Not Applicable,39.50844444,-106.20148333,SUMMIT (117),NOT APPLICABLE
80065,2021,2,0,0,2,2,0,3,3,Colorado,February,25,Thursday,6:00am-6:59am,35,U.S. Highway,Rural,Principal Arterial - Other,State Highway Agency,This section IS ON the NHS,No Special Jurisdiction,Motor Vehicle In-Transport,Front-to-Front,No,Non-Junction,Not an Intersection,On Roadway,,Dark - Not Lighted,Snow,No,Not Applicable,39.142925,-104.04471111,ELBERT (39),NOT APPLICABLE
80066,2021,1,0,0,2,2,0,3,3,Colorado,February,26,Friday,7:00pm-7:59pm,1,State Highway,Urban,Minor Arterial,State Highway Agency,This section IS NOT on the NHS,No Special Jurisdiction,Motor Vehicle In-Transport,Angle,No,Intersection-Related,T-Intersection,On Roadway,,Dark - Lighted,Not Reported,No,Not Applicable,39.80241667,-104.98731667,ADAMS (1),NOT APPLICABLE
80067,2021,3,0,0,2,2,0,5,5,Colorado,February,27,Saturday,4:00pm-4:59pm,38,U.S. Highway,Rural,Principal Arterial - Other,State Highway Agency,This section IS ON the NHS,No Special Jurisdiction,Motor Vehicle In-Transport,Angle,No,Non-Junction,Not an Intersection,On Roadway,,Dusk,Blowing Snow,No,Not Applicable,40.90654444,-105.30899444,LARIMER (69),NOT APPLICABLE
80068,2021,1,0,0,1,1,0,1,1,Colorado,February,27,Saturday,10:00pm-10:59pm,53,State Highway,Urban,Principal Arterial - Other,State Highway Agency,This section IS ON the NHS,No Special Jurisdiction,Guardrail Face,The First Harmful Event was Not a Collision with a Motor Vehicle in Transport,No,Non-Junction,Not an Intersection,On Roadside,,Dark - Lighted,Not Reported,No,Not Applicable,39.91777778,-105.09118611,BROOMFIELD (14),BROOMFIELD
80069,2021,2,0,0,3,3,0,4,4,Colorado,February,28,Sunday,9:00am-9:59am,35,County Road,Rural,Minor Arterial,County Highway Agency,This section IS NOT on the NHS,No Special Jurisdiction,Motor Vehicle In-Transport,Angle,No,Intersection,Four-Way Intersection,On Roadway,,Daylight,Not Reported,No,Not Applicable,39.01303889,-104.66336111,EL PASO (41),NOT APPLICABLE
80070,2021,1,0,0,2,2,0,5,5,Colorado,February,12,Friday,7:00pm-7:59pm,34,Local Street - Municipality,Urban,Principal Arterial - Other,City or Municipal Highway Agency,This section IS ON the NHS,No Special Jurisdiction,Motor Vehicle In-Transport,Angle,No,Intersection,Four-Way Intersection,On Roadway,,Dark - Lighted,Not Reported,No,Not Applicable,39.67865278,-105.01576389,DENVER (31),DENVER
80071,2021,1,1,1,1,1,0,1,1,Colorado,February,27,Saturday,10:00pm-10:59pm,55,Local Street - Municipality,Urban,Principal Arterial - Other,City or Municipal Highway Agency,This section IS ON the NHS,No Special Jurisdiction,Pedestrian,The First Harmful Event was Not a Collision with a Motor Vehicle in Transport,No,Intersection-Related,Four-Way Intersection,On Roadway,,Dark - Lighted,Not Reported,No,Not Applicable,38.83248056,-104.82201667,EL PASO (41),COLORADO SPRINGS
80072,2021,1,0,0,3,3,0,5,5,Colorado,February,3,Wednesday,11:00am-11:59am,4,Interstate,Urban,Interstate,State Highway Agency,This section IS ON the NHS,No Special Jurisdiction,Motor Vehicle In-Transport,Angle,Yes,Through Roadway,Not an Intersection,On Roadway,Construction,Daylight,Not Reported,No,Not Applicable,39.77829167,-104.90027778,DENVER (31),DENVER
80073,2021,1,0,0,3,3,0,4,4,Colorado,February,22,Monday,8:00am-8:59am,7,U.S. Highway,Urban,Principal Arterial - Other,State Highway Agency,This section IS ON the NHS,No Special Jurisdiction,Motor Vehicle In-Transport,Angle,No,Intersection,Four-Way Intersection,On Roadway,,Daylight,Clear,No,Not Applicable,40.09462222,-104.81222222,WELD (123),FORT LUPTON
80074,2021,1,0,0,2,2,0,2,2,Colorado,February,5,Friday,1:00pm-1:59pm,13,U.S. Highway,Urban,Principal Arterial - Other,State Highway Agency,This section IS ON the NHS,No Special Jurisdiction,Motor Vehicle In-Transport,Front-to-Front,No,Driveway Access Related,Not an Intersection,On Roadway,,Daylight,Clear,No,Not Applicable,38.24911667,-104.59947222,PUEBLO (101),PUEBLO
80075,2021,1,0,0,2,2,0,3,3,Colorado,January,21,Thursday,11:00am-11:59am,51,Local Street - Municipality,Urban,Minor Arterial,City or Municipal Highway Agency,This section IS NOT on the NHS,No Special Jurisdiction,Motor Vehicle In-Transport,Sideswipe - Opposite Direction,No,Non-Junction,Not an Intersection,On Roadway,,Daylight,Not Reported,No,Not Applicable,39.68738889,-104.91290833,DENVER (31),DENVER
80076,2021,1,0,0,3,3,0,3,3,Colorado,March,1,Monday,3:00pm-3:59pm,5,State Highway,Rural,Principal Arterial - Other,State Highway Agency,This section IS ON the NHS,No Special Jurisdiction,Motor Vehicle In-Transport,Front-to-Front,No,Non-Junction,Not an Intersection,On Roadway,,Daylight,Not Reported,No,Not Applicable,39.32013889,-104.73479167,DOUGLAS (35),NOT APPLICABLE
80077,2021,1,0,0,1,1,0,1,1,Colorado,March,2,Tuesday,10:00am-10:59am,6,County Road,Urban,Major Collector,County Highway Agency,This section IS NOT on the NHS,No Special Jurisdiction,Tree (Standing Only),The First Harmful Event was Not a Collision with a Motor Vehicle in Transport,No,Non-Junction,Not an Intersection,On Roadside,,Daylight,Not Reported,No,Not Applicable,39.61328056,-105.3317,JEFFERSON (59),NOT APPLICABLE
80078,2021,1,0,1,2,1,1,2,1,Colorado,March,4,Thursday,8:00am-8:59am,4,U.S. Highway,Rural,Principal Arterial - Other,State Highway Agency,This section IS ON the NHS,No Special Jurisdiction,Working Motor Vehicle,The First Harmful Event was Not a Collision with a Motor Vehicle in Transport,No,Non-Junction,Not an Intersection,On Roadway,Maintenance,Daylight,Not Reported,No,Not Applicable,38.70944444,-106.09189444,CHAFFEE (15),NOT APPLICABLE
80079,2021,1,0,0,2,2,0,2,2,Colorado,March,6,Saturday,0:00am-0:59am,24,Local Street - Municipality,Urban,Principal Arterial - Other,City or Municipal Highway Agency,This section IS ON the NHS,No Special Jurisdiction,Motor Vehicle In-Transport,Angle,No,Intersection,Four-Way Intersection,On Roadway,,Dark - Lighted,Clear,No,Not Applicable,39.8857,-104.77163889,ADAMS (1),COMMERCE CITY
80080,2021,3,0,0,6,6,0,9,9,Colorado,March,6,Saturday,1:00am-1:59am,7,Local Street - Municipality,Urban,Principal Arterial - Other,City or Municipal Highway Agency,This section IS ON the NHS,No Special Jurisdiction,Motor Vehicle In-Transport,Angle,No,Intersection,Four-Way Intersection,On Roadway,,Dark - Lighted,Not Reported,No,Not Applicable,39.91397778,-104.94033333,ADAMS (1),THORNTON
80081,2021,1,0,0,2,2,0,3,3,Colorado,March,6,Saturday,1:00pm-1:59pm,27,U.S. Highway,Rural,Principal Arterial - Other,State Highway Agency,This section IS ON the NHS,No Special Jurisdiction,Motor Vehicle In-Transport,Front-to-Rear,No,Non-Junction,Not an Intersection,On Roadway,,Daylight,Not Reported,No,Not Applicable,39.50545,-105.01314444,DOUGLAS (35),NOT APPLICABLE
80082,2021,1,1,1,1,1,0,1,1,Colorado,March,5,Friday,9:00pm-9:59pm,5,Local Street - Municipality,Urban,Minor Arterial,City or Municipal Highway Agency,This section IS NOT on the NHS,No Special Jurisdiction,Pedestrian,The First Harmful Event was Not a Collision with a Motor Vehicle in Transport,No,Intersection-Related,Four-Way Intersection,On Roadway,,Dark - Lighted,Not Reported,No,Not Applicable,39.70034444,-105.04831667,DENVER (31),DENVER
80083,2021,1,0,0,2,2,0,4,4,Colorado,March,10,Wednesday,7:00pm-7:59pm,33,U.S. Highway,Urban,Principal Arterial - Other,State Highway Agency,This section IS ON the NHS,No Special Jurisdiction,Motor Vehicle In-Transport,Angle,No,Intersection,Four-Way Intersection,On Roadway,,Dark - Lighted,Not Reported,No,Not Applicable,38.85211667,-104.68192222,EL PASO (41),COLORADO SPRINGS
80084,2021,1,1,1,1,1,0,1,1,Colorado,March,11,Thursday,2:00pm-2:59pm,9,County Road,Urban,Major Collector,County Highway Agency,This section IS NOT on the NHS,No Special Jurisdiction,Pedalcyclist,The First Harmful Event was Not a Collision with a Motor Vehicle in Transport,No,Intersection-Related,T-Intersection,On Roadway,,Daylight,Not Reported,No,Not Applicable,39.77155556,-105.19682222,JEFFERSON (59),NOT APPLICABLE
80085,2021,1,0,0,2,2,0,2,2,Colorado,March,12,Friday,9:00am-9:59am,32,Interstate,Urban,Interstate,State Highway Agency,This section IS ON the NHS,No Special Jurisdiction,Other Object (not fixed),The First Harmful Event was Not a Collision with a Motor Vehicle in Transport,No,Non-Junction,Not an Intersection,On Roadway,,Daylight,Not Reported,No,Not Applicable,39.76213333,-104.82783611,ADAMS (1),AURORA
80086,2021,1,0,0,2,2,0,3,3,Colorado,March,16,Tuesday,8:00pm-8:59pm,33,Interstate,Urban,Interstate,State Highway Agency,This section IS ON the NHS,No Special Jurisdiction,Motor Vehicle In-Transport,Front-to-Rear,No,Non-Junction,Not an Intersection,On Roadway,,Dark - Not Lighted,Not Reported,No,Not Applicable,40.28401111,-104.98027778,WELD (123),MEAD
80087,2021,1,0,0,1,1,0,2,2,Colorado,March,18,Thursday,7:00pm-7:59pm,32,State Highway,Rural,Minor Arterial,State Highway Agency,This section IS NOT on the NHS,No Special Jurisdiction,Rollover/Overturn,The First Harmful Event was Not a Collision with a Motor Vehicle in Transport,No,Non-Junction,Not an Intersection,On Roadside,,Dark - Not Lighted,Not Reported,No,Not Applicable,38.83911111,-104.26668333,EL PASO (41),NOT APPLICABLE
80088,2021,1,0,0,3,3,0,6,6,Colorado,March,20,Saturday,4:00pm-4:59pm,57,U.S. Highway,Urban,Principal Arterial - Other Freeways and Expressways,State Highway Agency,This section IS ON the NHS,No Special Jurisdiction,Motor Vehicle In-Transport,Angle,No,Non-Junction,Not an Intersection,On Roadway,,Daylight,Clear,No,Not Applicable,39.94383333,-104.840225,ADAMS (1),BRIGHTON
80089,2021,1,0,0,1,1,0,1,1,Colorado,March,21,Sunday,4:00am-4:59am,15,U.S. Highway,Rural,Major Collector,State Highway Agency,This section IS NOT on the NHS,No Special Jurisdiction,Culvert,The First Harmful Event was Not a Collision with a Motor Vehicle in Transport,No,Non-Junction,Not an Intersection,On Roadside,,Dark - Not Lighted,Not Reported,No,Not Applicable,40.33548056,-103.51040278,MORGAN (87),NOT APPLICABLE
80090,2021,1,1,1,1,1,0,1,1,Colorado,March,7,Sunday,0:00am-0:59am,43,Interstate,Rural,Interstate,State Highway Agency,This section IS ON the NHS,No Special Jurisdiction,Pedestrian,The First Harmful Event was Not a Collision with a Motor Vehicle in Transport,No,Non-Junction,Not an Intersection,On Roadway,,Dark - Not Lighted,Not Reported,No,Not Applicable,39.281,-103.03202778,KIT CARSON (63),NOT APPLICABLE
80091,2021,1,0,0,1,1,0,2,2,Colorado,March,23,Tuesday,6:00pm-6:59pm,20,County Road,Rural,Local,County Highway Agency,This section IS NOT on the NHS,No Special Jurisdiction,Embankment,The First Harmful Event was Not a Collision with a Motor Vehicle in Transport,No,Non-Junction,Not an Intersection,On Roadside,,Daylight,Not Reported,No,Not Applicable,38.02716667,-102.68805556,PROWERS (99),NOT APPLICABLE
80092,2021,1,0,0,2,2,0,2,2,Colorado,March,19,Friday,7:00am-7:59am,50,County Road,Urban,Principal Arterial - Other,City or Municipal Highway Agency,This section IS ON the NHS,No Special Jurisdiction,Motor Vehicle In-Transport,Angle,No,Intersection,Four-Way Intersection,On Roadway,,Daylight,Clear,No,Not Applicable,39.54617222,-104.97991667,DOUGLAS (35),NOT APPLICABLE
80093,2021,1,0,0,2,2,0,3,3,Colorado,March,23,Tuesday,11:00pm-11:59pm,35,Interstate,Urban,Interstate,State Highway Agency,This section IS ON the NHS,No Special Jurisdiction,Motor Vehicle In-Transport,Front-to-Rear,No,Non-Junction,Not an Intersection,On Roadway,,Dark - Lighted,Snow,No,Not Applicable,39.63,-104.905,DENVER (31),DENVER
80094,2021,1,0,0,4,4,0,4,4,Colorado,March,25,Thursday,1:00pm-1:59pm,22,State Highway,Rural,Minor Arterial,State Highway Agency,This section IS NOT on the NHS,No Special Jurisdiction,Motor Vehicle In-Transport,Sideswipe - Opposite Direction,No,Non-Junction,Not an Intersection,On Roadway,,Daylight,Not Reported,No,Not Applicable,40.48086389,-104.79609167,WELD (123),NOT APPLICABLE
80095,2021,1,0,0,2,2,0,5,5,Colorado,March,27,Saturday,4:00pm-4:59pm,40,U.S. Highway,Rural,Principal Arterial - Other,State Highway Agency,This section IS ON the NHS,No Special Jurisdiction,Motor Vehicle In-Transport,Front-to-Front,No,Non-Junction,Not an Intersection,On Roadway,,Daylight,Not Reported,No,Not Applicable,37.47486111,-105.65083333,ALAMOSA (3),NOT APPLICABLE
80096,2021,1,0,0,3,3,0,3,3,Colorado,March,28,Sunday,5:00pm-5:59pm,42,Interstate,Rural,Interstate,State Highway Agency,This section IS ON the NHS,No Special Jurisdiction,Motor Vehicle In-Transport,Sideswipe - Same Direction,No,Non-Junction,Not an Intersection,On Roadway,,Daylight,Not Reported,No,Not Applicable,40.00777778,-104.98091667,BROOMFIELD (14),BROOMFIELD
80097,2021,3,0,0,2,2,0,3,3,Colorado,March,29,Monday,6:00am-6:59am,50,U.S. Highway,Rural,Principal Arterial - Other,State Highway Agency,This section IS ON the NHS,No Special Jurisdiction,Motor Vehicle In-Transport,Front-to-Front,No,Non-Junction,Not an Intersection,On Roadway,,Dark - Not Lighted,Not Reported,No,Not Applicable,37.02068056,-108.74603333,MONTEZUMA (83),NOT APPLICABLE
80098,2021,1,0,0,1,1,0,1,1,Colorado,March,20,Saturday,4:00pm-4:59pm,54,State Highway,Rural,Major Collector,State Highway Agency,This section IS NOT on the NHS,No Special Jurisdiction,Rollover/Overturn,The First Harmful Event was Not a Collision with a Motor Vehicle in Transport,No,Non-Junction,Not an Intersection,On Roadside,,Daylight,Not Reported,No,Not Applicable,38.06228889,-103.39876111,OTERO (89),NOT APPLICABLE
80099,2021,1,0,0,2,2,0,2,2,Colorado,March,31,Wednesday,7:00pm-7:59pm,30,State Highway,Urban,Principal Arterial - Other,State Highway Agency,This section IS ON the NHS,No Special Jurisdiction,Motor Vehicle In-Transport,Front-to-Front,No,Non-Junction,Not an Intersection,On Roadway,,Dark - Not Lighted,Not Reported,No,Not Applicable,40.20345,-105.06859722,BOULDER (13),NOT APPLICABLE
80100,2021,1,0,0,2,2,0,3,3,Colorado,March,30,Tuesday,4:00pm-4:59pm,24,State Highway,Urban,Principal Arterial - Other,State Highway Agency,This section IS ON the NHS,No Special Jurisdiction,Motor Vehicle In-Transport,Angle,No,Intersection,Four-Way Intersection,On Roadway,,Daylight,Not Reported,No,Not Applicable,40.58104444,-104.997,LARIMER (69),FORT COLLINS
80101,2021,1,0,0,1,1,0,2,2,Colorado,March,9,Tuesday,7:00pm-7:59pm,0,Interstate,Rural,Interstate,State Highway Agency,This section IS ON the NHS,No Special Jurisdiction,Embankment,The First Harmful Event was Not a Collision with a Motor Vehicle in Transport,No,Non-Junction,Not an Intersection,Gore,,Dark - Not Lighted,Not Reported,No,Not Applicable,39.6522,-106.01538889,SUMMIT (117),NOT APPLICABLE
80102,2021,1,1,1,1,1,0,1,1,Colorado,March,24,Wednesday,9:00am-9:59am,2,Local Street - Municipality,Urban,Minor Arterial,City or Municipal Highway Agency,This section IS NOT on the NHS,No Special Jurisdiction,Pedestrian,The First Harmful Event was Not a Collision with a Motor Vehicle in Transport,No,Intersection-Related,Four-Way Intersection,On Roadway,,Daylight,Not Reported,No,Not Applicable,38.81838889,-104.82441667,EL PASO (41),COLORADO SPRINGS