ST_CASE,YEAR,FATALS,PEDS,PERNOTMVIT,VE_TOTAL,VE_FORMS,PVH_INVL,PERSONS,PERMVIT,STATENAME,MONTHNAME,DAYNAME,DAY_WEEKNAME,HOURNAME,MINUTENAME,ROUTENAME,RUR_URBNAME,FUNC_SYSNAME,RD_OWNERNAME,NHSNAME,SP_JURNAME,HARM_EVNAME,MAN_COLLNAME,RELJCT1NAME,RELJCT2NAME,TYP_INTNAME,REL_ROADNAME,WRK_ZONENAME,LGT_CONDNAME,WEATHERNAME,SCH_BUSNAME,RAILNAME,LATITUDE,LONGITUD,COUNTYNAME,CITYNAME
80234,2021,1,0,0,2,2,0,2,2,Colorado,June,14,Monday,5:00pm-5:59pm,15,State Highway,Urban,Principal Arterial - Other,State Highway Agency,This section IS ON the NHS,No Special Jurisdiction,Motor Vehicle In-Transport,Angle,No,Intersection,Four-Way Intersection,On Roadway,,Daylight,Clear,No,Not Applicable,39.62401111,-104.82160556,ARAPAHOE (5),AURORA
80235,2021,1,0,0,1,1,0,1,1,Colorado,June,14,Monday,3:00pm-3:59pm,24,U.S. Highway,Rural,Principal Arterial - Other,State Highway Agency,This section IS ON the NHS,No Special Jurisdiction,Tree (Standing Only),The First Harmful Event was Not a Collision with a Motor Vehicle in Transport,No,Non-Junction,Not an Intersection,On Roadside,,Daylight,Clear,No,Not Applicable,37.40145833,-106.89802778,MINERAL (79),NOT APPLICABLE
80236,2021,1,0,0,2,2,0,3,3,Colorado,June,10,Thursday,9:00pm-9:59pm,14,State Highway,Urban,Principal Arterial - Other,State Highway Agency,This section IS ON the NHS,No Special Jurisdiction,Motor Vehicle In-Transport,Angle,Yes,Intersection,Four-Way Intersection,On Roadway,,Dark - Lighted,Clear,No,Not Applicable,39.78381111,-105.05335,JEFFERSON (59),Other
80237,2021,1,0,0,1,1,0,1,1,Colorado,June,16,Wednesday,3:00am-3:59am,30,U.S. Highway,Rural,Principal Arterial - Other,State Highway Agency,This section IS ON the NHS,No Special Jurisdiction,Rollover/Overturn,The First Harmful Event was Not a Collision with a Motor Vehicle in Transport,No,Non-Junction,Not an Intersection,On Roadside,,Dark - Not Lighted,Clear,No,Not Applicable,38.13730556,-107.73413333,OURAY (91),NOT APPLICABLE
80238,2021,1,0,0,1,1,0,1,1,Colorado,June,17,Thursday,7:00pm-7:59pm,2,County Road,Rural,Minor Collector,County Highway Agency,This section IS NOT on the NHS,No Special Jurisdiction,Fence,The First Harmful Event was Not a Collision with a Motor Vehicle in Transport,No,Non-Junction,Not an Intersection,Outside Trafficway,,Daylight,Clear,No,Not Applicable,40.3495,-104.56391667,WELD (123),NOT APPLICABLE
80239,2021,1,0,0,2,2,0,4,4,Colorado,June,20,Sunday,10:00pm-10:59pm,0,U.S. Highway,Urban,Principal Arterial - Other,State Highway Agency,This section IS ON the NHS,No Special Jurisdiction,Motor Vehicle In-Transport,Front-to-Rear,No,Non-Junction,Not an Intersection,On Roadway,,Dark - Not Lighted,Clear,No,Not Applicable,38.32183889,-104.69343056,PUEBLO (101),NOT APPLICABLE
80240,2021,1,0,0,1,1,0,1,1,Colorado,June,19,Saturday,8:00pm-8:59pm,59,Local Street - Municipality,Urban,Principal Arterial - Other,City or Municipal Highway Agency,This section IS ON the NHS,No Special Jurisdiction,Curb,The First Harmful Event was Not a Collision with a Motor Vehicle in Transport,No,Non-Junction,Not an Intersection,On Median,,Dark - Lighted,Clear,No,Not Applicable,39.72431667,-105.13172222,JEFFERSON (59),LAKEWOOD
80241,2021,1,0,0,1,1,0,1,1,Colorado,June,19,Saturday,9:00pm-9:59pm,0,County Road,Rural,Major Collector,County Highway Agency,This section IS NOT on the NHS,No Special Jurisdiction,Rollover/Overturn,The First Harmful Event was Not a Collision with a Motor Vehicle in Transport,No,Non-Junction,Not an Intersection,On Roadside,,Dark - Not Lighted,Clear,No,Not Applicable,38.51367778,-105.11655556,FREMONT (43),NOT APPLICABLE
80242,2021,1,0,0,1,1,0,3,3,Colorado,June,20,Sunday,0:00am-0:59am,50,Interstate,Urban,Interstate,State Highway Agency,This section IS ON the NHS,No Special Jurisdiction,Traffic Sign Support,The First Harmful Event was Not a Collision with a Motor Vehicle in Transport,Yes,Other location within Interchange Area,Not an Intersection,Gore,,Dark - Lighted,Clear,No,Not Applicable,39.72870833,-104.82518889,ARAPAHOE (5),AURORA
80243,2021,1,0,0,2,2,0,2,2,Colorado,June,21,Monday,0:00am-0:59am,15,U.S. Highway,Urban,Minor Arterial,State Highway Agency,This section IS NOT on the NHS,No Special Jurisdiction,Motor Vehicle In-Transport,Front-to-Front,No,Non-Junction,Not an Intersection,On Roadway,,Dark - Not Lighted,Clear,No,Not Applicable,39.60776111,-105.96989167,SUMMIT (117),NOT APPLICABLE
80244,2021,1,0,0,2,2,0,2,2,Colorado,June,21,Monday,1:00pm-1:59pm,30,State Highway,Rural,Major Collector,State Highway Agency,This section IS NOT on the NHS,No Special Jurisdiction,Motor Vehicle In-Transport,Front-to-Front,No,Non-Junction,Not an Intersection,On Roadway,,Daylight,Clear,No,Not Applicable,40.38920278,-103.00780833,WASHINGTON (121),NOT APPLICABLE
80245,2021,1,0,0,3,3,0,4,4,Colorado,June,21,Monday,2:00pm-2:59pm,30,State Highway,Rural,Principal Arterial - Other,State Highway Agency,This section IS ON the NHS,No Special Jurisdiction,Motor Vehicle In-Transport,Front-to-Front,No,Non-Junction,Not an Intersection,On Roadway,,Daylight,Cloudy,No,Not Applicable,39.04223889,-104.76909722,EL PASO (41),NOT APPLICABLE
80246,2021,1,0,0,1,1,0,2,2,Colorado,June,24,Thursday,2:00pm-2:59pm,14,State Highway,Rural,Principal Arterial - Other,State Highway Agency,This section IS ON the NHS,No Special Jurisdiction,Rollover/Overturn,The First Harmful Event was Not a Collision with a Motor Vehicle in Transport,No,Non-Junction,Not an Intersection,On Roadside,,Daylight,Rain,No,Not Applicable,40.16116111,-107.82476111,RIO BLANCO (103),NOT APPLICABLE
80247,2021,1,0,0,2,2,0,2,2,Colorado,June,25,Friday,2:00pm-2:59pm,47,U.S. Highway,Urban,Principal Arterial - Other,State Highway Agency,This section IS ON the NHS,No Special Jurisdiction,Motor Vehicle In-Transport,Angle,No,Intersection,T-Intersection,On Roadway,,Daylight,Clear,No,Not Applicable,38.86398333,-104.66357222,EL PASO (41),NOT APPLICABLE
80248,2021,1,0,0,2,2,0,3,3,Colorado,June,26,Saturday,2:00pm-2:59pm,25,U.S. Highway,Rural,Principal Arterial - Other,State Highway Agency,This section IS ON the NHS,No Special Jurisdiction,Motor Vehicle In-Transport,Front-to-Front,No,Non-Junction,Not an Intersection,On Roadway,Construction,Daylight,Clear,No,Not Applicable,38.82801944,-108.297725,DELTA (29),NOT APPLICABLE
80249,2021,1,0,0,1,1,0,1,1,Colorado,June,26,Saturday,10:00pm-10:59pm,37,County Road,Urban,Local,County Highway Agency,This section IS NOT on the NHS,No Special Jurisdiction,Rollover/Overturn,The First Harmful Event was Not a Collision with a Motor Vehicle in Transport,No,Non-Junction,Not an Intersection,On Roadside,,Dark - Not Lighted,Cloudy,No,Not Applicable,38.33733333,-104.72805556,PUEBLO (101),NOT APPLICABLE
80250,2021,1,0,0,2,2,0,3,3,Colorado,June,27,Sunday,7:00pm-7:59pm,41,U.S. Highway,Urban,Principal Arterial - Other,State Highway Agency,This section IS ON the NHS,No Special Jurisdiction,Rollover/Overturn,The First Harmful Event was Not a Collision with a Motor Vehicle in Transport,No,Intersection,T-Intersection,On Roadway,,Daylight,Rain,No,Not Applicable,39.81857778,-105.025075,ADAMS (1),NOT APPLICABLE
80251,2021,1,0,0,3,3,0,6,6,Colorado,June,9,Wednesday,8:00pm-8:59pm,43,Local Street - Municipality,Urban,Principal Arterial - Other,City or Municipal Highway Agency,This section IS ON the NHS,No Special Jurisdiction,Motor Vehicle In-Transport,Front-to-Front,No,Driveway Access Related,Not an Intersection,On Roadway,,Dark - Lighted,Clear,No,Not Applicable,38.79508889,-104.76922222,EL PASO (41),COLORADO SPRINGS
80252,2021,1,1,1,1,1,0,1,1,Colorado,June,15,Tuesday,4:00pm-4:59pm,31,Local Street - Municipality,Urban,Principal Arterial - Other,City or Municipal Highway Agency,This section IS ON the NHS,No Special Jurisdiction,Pedalcyclist,The First Harmful Event was Not a Collision with a Motor Vehicle in Transport,No,Intersection-Related,Four-Way Intersection,On Roadway,,Daylight,Clear,No,Not Applicable,38.85951111,-104.75743333,EL PASO (41),COLORADO SPRINGS
80253,2021,1,0,0,3,3,0,4,4,Colorado,June,29,Tuesday,11:00am-11:59am,37,State Highway,Urban,Principal Arterial - Other,State Highway Agency,This section IS ON the NHS,No Special Jurisdiction,Motor Vehicle In-Transport,Sideswipe - Opposite Direction,No,Non-Junction,Not an Intersection,On Roadway,,Daylight,Clear,No,Not Applicable,39.03255,-104.77641667,EL PASO (41),NOT APPLICABLE
80254,2021,1,0,0,2,2,0,3,3,Colorado,June,30,Wednesday,3:00pm-3:59pm,26,U.S. Highway,Urban,Principal Arterial - Other,State Highway Agency,This section IS ON the NHS,No Special Jurisdiction,Motor Vehicle In-Transport,Angle,No,Intersection,T-Intersection,On Roadway,,Daylight,Clear,No,Not Applicable,38.34243611,-104.76920278,PUEBLO (101),NOT APPLICABLE
80255,2021,1,0,0,3,3,0,3,3,Colorado,June,3,Thursday,7:00am-7:59am,13,U.S. Highway,Urban,Principal Arterial - Other,State Highway Agency,This section IS ON the NHS,No Special Jurisdiction,Motor Vehicle In-Transport,Angle,No,Intersection,Four-Way Intersection,On Roadway,,Daylight,Clear,No,Not Applicable,40.33595,-105.09326111,LARIMER (69),BERTHOUD
80256,2021,2,0,0,4,4,0,8,8,Colorado,June,5,Saturday,4:00pm-4:59pm,34,Local Street - Municipality,Urban,Minor Arterial,City or Municipal Highway Agency,This section IS NOT on the NHS,No Special Jurisdiction,Motor Vehicle In-Transport,Angle,No,Intersection,Four-Way Intersection,On Roadway,,Daylight,Clear,No,Not Applicable,38.24409444,-104.62073333,PUEBLO (101),PUEBLO
80257,2021,1,1,1,1,1,0,1,1,Colorado,June,14,Monday,9:00pm-9:59pm,10,Local Street - Municipality,Urban,Minor Arterial,City or Municipal Highway Agency,This section IS NOT on the NHS,No Special Jurisdiction,Pedestrian,The First Harmful Event was Not a Collision with a Motor Vehicle in Transport,No,Intersection-Related,Four-Way Intersection,On Roadway,,Dark - Lighted,Not Reported,No,Not Applicable,39.74915,-104.98029444,DENVER (31),DENVER
80258,2021,1,0,0,1,1,0,1,1,Colorado,June,16,Wednesday,6:00pm-6:59pm,25,Interstate,Urban,Interstate,State Highway Agency,This section IS ON the NHS,No Special Jurisdiction,Ground,The First Harmful Event was Not a Collision with a Motor Vehicle in Transport,No,Non-Junction,Not an Intersection,On Roadside,,Daylight,Clear,No,Not Applicable,39.49032222,-104.87258333,DOUGLAS (35),NOT APPLICABLE
80259,2021,1,0,0,5,5,0,9,9,Colorado,June,17,Thursday,7:00am-7:59am,30,U.S. Highway,Rural,Principal Arterial - Other,State Highway Agency,This section IS ON the NHS,No Special Jurisdiction,Motor Vehicle In-Transport,Sideswipe - Opposite Direction,No,Non-Junction,Not an Intersection,On Roadway,,Daylight,Clear,No,Not Applicable,40.29080556,-104.17808056,WELD (123),NOT APPLICABLE
80260,2021,1,0,0,2,2,0,2,2,Colorado,June,20,Sunday,2:00pm-2:59pm,45,Local Street - Municipality,Urban,Minor Arterial,City or Municipal Highway Agency,This section IS NOT on the NHS,No Special Jurisdiction,Motor Vehicle In-Transport,Angle,No,Intersection,Four-Way Intersection,On Roadway,,Daylight,Clear,No,Not Applicable,38.25184444,-104.62372222,PUEBLO (101),PUEBLO
80261,2021,1,0,0,2,1,1,2,2,Colorado,June,25,Friday,9:00pm-9:59pm,4,Local Street - Municipality,Urban,Minor Arterial,City or Municipal Highway Agency,This section IS NOT on the NHS,No Special Jurisdiction,Curb,The First Harmful Event was Not a Collision with a Motor Vehicle in Transport,No,Non-Junction,Not an Intersection,On Roadside,,Dusk,Clear,No,Not Applicable,39.07616667,-108.55249167,MESA (77),GRAND JUNCTION
80262,2021,1,0,0,2,2,0,2,2,Colorado,June,30,Wednesday,7:00am-7:59am,40,Local Street - Municipality,Urban,Minor Arterial,City or Municipal Highway Agency,This section IS NOT on the NHS,No Special Jurisdiction,Motor Vehicle In-Transport,Angle,No,Intersection,T-Intersection,On Roadway,,Daylight,Clear,No,Not Applicable,39.84117778,-105.06650556,JEFFERSON (59),ARVADA
80263,2021,1,1,1,1,1,0,1,1,Colorado,June,30,Wednesday,8:00am-8:59am,59,Local Street - Municipality,Urban,Minor Arterial,City or Municipal Highway Agency,This section IS NOT on the NHS,No Special Jurisdiction,Pedalcyclist,The First Harmful Event was Not a Collision with a Motor Vehicle in Transport,No,Intersection-Related,T-Intersection,On Roadway,,Daylight,Clear,No,Not Applicable,40.59615,-105.07378889,LARIMER (69),FORT COLLINS
80264,2021,1,0,0,2,2,0,2,2,Colorado,June,18,Friday,10:00pm-10:59pm,15,U.S. Highway,Urban,Principal Arterial - Other,State Highway Agency,This section IS ON the NHS,No Special Jurisdiction,Motor Vehicle In-Transport,Angle,No,Intersection,T-Intersection,On Roadway,,Dark - Lighted,Clear,No,Not Applicable,37.22376111,-107.8572,LA PLATA (67),DURANGO
80265,2021,1,0,0,1,1,0,1,1,Colorado,June,9,Wednesday,9:00pm-9:59pm,48,Local Street - Municipality,Urban,Major Collector,City or Municipal Highway Agency,This section IS NOT on the NHS,No Special Jurisdiction,Curb,The First Harmful Event was Not a Collision with a Motor Vehicle in Transport,No,Non-Junction,Not an Intersection,On Roadside,,Dark - Not Lighted,Clear,No,Not Applicable,38.46001944,-105.23926389,FREMONT (43),CANON CITY
80266,2021,1,0,0,1,1,0,1,1,Colorado,June,30,Wednesday,6:00pm-6:59pm,29,Interstate,Urban,Interstate,State Highway Agency,This section IS ON the NHS,No Special Jurisdiction,Guardrail Face,The First Harmful Event was Not a Collision with a Motor Vehicle in Transport,No,Non-Junction,Not an Intersection,On Roadside,,Daylight,Cloudy,No,Not Applicable,38.81991667,-104.83521111,EL PASO (41),COLORADO SPRINGS
80267,2021,1,0,0,1,1,0,1,1,Colorado,June,9,Wednesday,6:00pm-6:59pm,38,Local Street - Municipality,Urban,Local,City or Municipal Highway Agency,This section IS NOT on the NHS,No Special Jurisdiction,Curb,The First Harmful Event was Not a Collision with a Motor Vehicle in Transport,No,Intersection-Related,T-Intersection,On Roadside,,Daylight,Clear,No,Not Applicable,37.33507222,-108.58616111,MONTEZUMA (83),CORTEZ
80268,2021,1,0,0,2,1,1,1,1,Colorado,June,29,Tuesday,3:00pm-3:59pm,35,Local Street - Municipality,Urban,Local,City or Municipal Highway Agency,This section IS NOT on the NHS,No Special Jurisdiction,Parked Motor Vehicle,The First Harmful Event was Not a Collision with a Motor Vehicle in Transport,No,Non-Junction,Not an Intersection,In Parking Lane/Zone,,Daylight,Not Reported,No,Not Applicable,39.75954167,-104.86915,DENVER (31),DENVER
80269,2021,1,0,0,1,1,0,1,1,Colorado,June,9,Wednesday,8:00pm-8:59pm,1,Local Street - Municipality,Urban,Local,City or Municipal Highway Agency,This section IS NOT on the NHS,No Special Jurisdiction,Rollover/Overturn,The First Harmful Event was Not a Collision with a Motor Vehicle in Transport,No,Non-Junction,Not an Intersection,On Roadside,,Daylight,Clear,No,Not Applicable,40.46279167,-106.81982222,ROUTT (107),STEAMBOAT SPRINGS
80270,2021,1,0,0,1,1,0,1,1,Colorado,June,23,Wednesday,12:00pm-12:59pm,20,Interstate,Urban,Interstate,State Highway Agency,This section IS ON the NHS,No Special Jurisdiction,Guardrail Face,The First Harmful Event was Not a Collision with a Motor Vehicle in Transport,No,Non-Junction,Not an Intersection,On Roadside,,Daylight,Clear,No,Not Applicable,39.89722222,-104.98782222,ADAMS (1),NORTHGLENN
80271,2021,1,0,0,2,2,0,2,2,Colorado,June,29,Tuesday,7:00pm-7:59pm,13,Local Street - Municipality,Urban,Major Collector,City or Municipal Highway Agency,This section IS NOT on the NHS,No Special Jurisdiction,Rollover/Overturn,The First Harmful Event was Not a Collision with a Motor Vehicle in Transport,No,Intersection,Four-Way Intersection,On Roadway,,Daylight,Not Reported,No,Not Applicable,39.78925556,-104.84471111,DENVER (31),DENVER
80272,2021,1,2,2,1,1,0,1,1,Colorado,June,18,Friday,2:00am-2:59am,27,Local Street - Municipality,Urban,Principal Arterial - Other,City or Municipal Highway Agency,This section IS ON the NHS,No Special Jurisdiction,Curb,The First Harmful Event was Not a Collision with a Motor Vehicle in Transport,No,Non-Junction,Not an Intersection,On Roadside,,Dark - Lighted,Not Reported,No,Not Applicable,39.67852778,-104.92868889,DENVER (31),DENVER
80273,2021,1,0,0,2,2,0,3,3,Colorado,June,5,Saturday,11:00pm-11:59pm,46,Interstate,Urban,Interstate,State Highway Agency,This section IS ON the NHS,No Special Jurisdiction,Motor Vehicle In-Transport,Front-to-Rear,Yes,Through Roadway,Not an Intersection,On Roadway,,Dark - Lighted,Not Reported,No,Not Applicable,39.78017222,-104.96535,DENVER (31),DENVER
80274,2021,2,0,0,1,1,0,2,2,Colorado,June,12,Saturday,2:00pm-2:59pm,24,Local Street - Municipality,Urban,Principal Arterial - Other,City or Municipal Highway Agency,This section IS NOT on the NHS,No Special Jurisdiction,Tree (Standing Only),The First Harmful Event was Not a Collision with a Motor Vehicle in Transport,No,Non-Junction,Not an Intersection,On Roadside,,Daylight,Not Reported,No,Not Applicable,39.74414444,-104.91274444,DENVER (31),DENVER
80275,2021,1,0,0,1,1,0,2,2,Colorado,June,24,Thursday,1:00am-1:59am,48,Local Street - Municipality,Urban,Principal Arterial - Other,City or Municipal Highway Agency,This section IS ON the NHS,No Special Jurisdiction,Tree (Standing Only),The First Harmful Event was Not a Collision with a Motor Vehicle in Transport,No,Non-Junction,Not an Intersection,On Roadside,,Dark - Lighted,Rain,No,Not Applicable,39.67805556,-104.90555556,DENVER (31),DENVER
80276,2021,1,1,1,3,3,0,3,3,Colorado,April,7,Wednesday,8:00pm-8:59pm,22,Local Street - Municipality,Urban,Minor Arterial,City or Municipal Highway Agency,This section IS NOT on the NHS,No Special Jurisdiction,Non-Motorist on Personal Conveyance,The First Harmful Event was Not a Collision with a Motor Vehicle in Transport,No,Non-Junction,Not an Intersection,On Roadway,,Dark - Lighted,Clear,No,Not Applicable,40.57459444,-105.10652222,LARIMER (69),FORT COLLINS
80277,2021,1,0,0,2,2,0,3,3,Colorado,July,2,Friday,9:00pm-9:59pm,45,Local Street - Municipality,Urban,Principal Arterial - Other,City or Municipal Highway Agency,This section IS ON the NHS,No Special Jurisdiction,Motor Vehicle In-Transport,Front-to-Rear,No,Intersection-Related,T-Intersection,On Roadway,,Dark - Lighted,Clear,No,Not Applicable,39.72976667,-104.79107222,ARAPAHOE (5),AURORA
80278,2021,1,1,1,1,1,0,1,1,Colorado,July,2,Friday,10:00pm-10:59pm,3,County Road,Urban,Local,County Highway Agency,This section IS NOT on the NHS,No Special Jurisdiction,Pedestrian,The First Harmful Event was Not a Collision with a Motor Vehicle in Transport,No,Non-Junction,Not an Intersection,On Roadway,,Dark - Not Lighted,Clear,No,Not Applicable,40.58168889,-105.03494444,LARIMER (69),NOT APPLICABLE
80279,2021,1,0,0,2,2,0,2,2,Colorado,July,2,Friday,10:00pm-10:59pm,49,U.S. Highway,Rural,Principal Arterial - Other,State Highway Agency,This section IS ON the NHS,No Special Jurisdiction,Motor Vehicle In-Transport,Front-to-Front,No,Non-Junction,Not an Intersection,On Roadway,,Dark - Not Lighted,Clear,No,Not Applicable,38.20061667,-104.23730556,PUEBLO (101),NOT APPLICABLE
80280,2021,1,0,0,2,2,0,2,2,Colorado,July,3,Saturday,1:00am-1:59am,4,U.S. Highway,Rural,Principal Arterial - Other,State Highway Agency,This section IS ON the NHS,No Special Jurisdiction,Motor Vehicle In-Transport,Front-to-Front,No,Non-Junction,Not an Intersection,On Roadway,,Dark - Not Lighted,Clear,No,Not Applicable,40.24798333,-104.08451111,MORGAN (87),NOT APPLICABLE
80281,2021,1,0,0,1,1,0,1,1,Colorado,July,3,Saturday,2:00pm-2:59pm,0,State Highway,Rural,Minor Arterial,State Highway Agency,This section IS NOT on the NHS,No Special Jurisdiction,Rollover/Overturn,The First Harmful Event was Not a Collision with a Motor Vehicle in Transport,No,Non-Junction,Not an Intersection,On Roadside,,Daylight,Clear,No,Not Applicable,39.16401667,-105.1644,DOUGLAS (35),NOT APPLICABLE
80282,2021,1,0,0,1,1,0,3,3,Colorado,July,3,Saturday,5:00pm-5:59pm,48,County Road,Rural,Minor Collector,County Highway Agency,This section IS NOT on the NHS,No Special Jurisdiction,Rollover/Overturn,The First Harmful Event was Not a Collision with a Motor Vehicle in Transport,No,Non-Junction,Not an Intersection,On Roadside,,Daylight,Clear,No,Not Applicable,38.67486944,-108.16552778,DELTA (29),NOT APPLICABLE
80283,2021,1,0,0,3,3,0,4,4,Colorado,July,4,Sunday,11:00pm-11:59pm,27,Local Street - Municipality,Urban,Minor Arterial,City or Municipal Highway Agency,This section IS NOT on the NHS,No Special Jurisdiction,Motor Vehicle In-Transport,Front-to-Front,No,Non-Junction,Not an Intersection,On Roadway,,Dark - Lighted,Clear,No,Not Applicable,39.73342778,-104.86587778,ARAPAHOE (5),AURORA
80284,2021,1,0,0,1,1,0,1,1,Colorado,July,6,Tuesday,0:00am-0:59am,1,U.S. Highway,Rural,Principal Arterial - Other,State Highway Agency,This section IS ON the NHS,No Special Jurisdiction,Boulder,The First Harmful Event was Not a Collision with a Motor Vehicle in Transport,No,Non-Junction,Not an Intersection,On Roadside,,Dark - Not Lighted,Clear,No,Not Applicable,38.1374,-107.73414167,OURAY (91),NOT APPLICABLE
80285,2021,1,0,0,2,2,0,5,5,Colorado,July,7,Wednesday,3:00pm-3:59pm,24,U.S. Highway,Rural,Principal Arterial - Other,State Highway Agency,This section IS ON the NHS,No Special Jurisdiction,Motor Vehicle In-Transport,Front-to-Front,No,Non-Junction,Not an Intersection,On Roadside,,Daylight,Clear,No,Not Applicable,37.35035,-108.21646111,MONTEZUMA (83),NOT APPLICABLE
80286,2021,1,0,0,3,3,0,5,5,Colorado,July,1,Thursday,9:00am-9:59am,58,Local Street - Municipality,Urban,Major Collector,City or Municipal Highway Agency,This section IS NOT on the NHS,No Special Jurisdiction,Motor Vehicle In-Transport,Angle,No,Intersection,Four-Way Intersection,On Roadway,,Daylight,Clear,No,Not Applicable,38.81253889,-104.830825,EL PASO (41),COLORADO SPRINGS
80287,2021,1,1,1,1,1,0,1,1,Colorado,July,1,Thursday,5:00pm-5:59pm,10,Local Street - Municipality,Urban,Local,City or Municipal Highway Agency,This section IS NOT on the NHS,No Special Jurisdiction,Pedalcyclist,The First Harmful Event was Not a Collision with a Motor Vehicle in Transport,No,Intersection-Related,Four-Way Intersection,On Roadway,,Daylight,Clear,No,Not Applicable,39.74199444,-104.88235556,ADAMS (1),AURORA
80288,2021,1,0,0,2,2,0,2,2,Colorado,July,2,Friday,1:00am-1:59am,42,State Highway,Urban,Principal Arterial - Other,State Highway Agency,This section IS ON the NHS,No Special Jurisdiction,Motor Vehicle In-Transport,Angle,No,Intersection,Four-Way Intersection,On Roadway,,Dark - Lighted,Rain,No,Not Applicable,38.79892222,-104.73042778,EL PASO (41),COLORADO SPRINGS
80289,2021,1,1,1,1,1,0,1,1,Colorado,July,5,Monday,10:00pm-10:59pm,30,Local Street - Municipality,Urban,Minor Arterial,City or Municipal Highway Agency,This section IS NOT on the NHS,No Special Jurisdiction,Pedestrian,The First Harmful Event was Not a Collision with a Motor Vehicle in Transport,No,Non-Junction,Not an Intersection,On Roadway,,Dark - Lighted,Clear,No,Not Applicable,38.86829444,-104.82337222,EL PASO (41),COLORADO SPRINGS
80290,2021,1,1,1,1,1,0,2,2,Colorado,July,4,Sunday,8:00pm-8:59pm,7,Local Street - Municipality,Urban,Minor Arterial,City or Municipal Highway Agency,This section IS NOT on the NHS,No Special Jurisdiction,Pedestrian,The First Harmful Event was Not a Collision with a Motor Vehicle in Transport,No,Non-Junction,Not an Intersection,On Roadway,,Daylight,Clear,No,Not Applicable,39.84897778,-104.98106667,ADAMS (1),THORNTON
80291,2021,1,0,0,2,2,0,3,3,Colorado,July,5,Monday,3:00pm-3:59pm,12,Local Street - Municipality,Urban,Principal Arterial - Other,City or Municipal Highway Agency,This section IS ON the NHS,No Special Jurisdiction,Motor Vehicle In-Transport,Angle,No,Driveway Access Related,Not an Intersection,On Roadway,,Daylight,Clear,No,Not Applicable,39.87843611,-105.09331667,JEFFERSON (59),WESTMINSTER
80292,2021,1,0,0,2,2,0,4,4,Colorado,July,8,Thursday,3:00pm-3:59pm,36,U.S. Highway,Rural,Principal Arterial - Other,State Highway Agency,This section IS ON the NHS,No Special Jurisdiction,Motor Vehicle In-Transport,Angle,No,Driveway Access Related,Not an Intersection,On Shoulder,,Daylight,Cloudy,No,Not Applicable,39.42654167,-105.56411111,PARK (93),NOT APPLICABLE
80293,2021,1,0,0,2,2,0,2,2,Colorado,July,9,Friday,8:00pm-8:59pm,30,State Highway,Rural,Major Collector,State Highway Agency,This section IS NOT on the NHS,No Special Jurisdiction,Motor Vehicle In-Transport,Angle,Yes,Intersection,Four-Way Intersection,On Roadway,,Dusk,Clear,No,Not Applicable,38.41808333,-105.04253889,FREMONT (43),NOT APPLICABLE
80294,2021,1,0,0,2,2,0,2,2,Colorado,July,9,Friday,10:00pm-10:59pm,0,U.S. Highway,Urban,Principal Arterial - Other,State Highway Agency,This section IS ON the NHS,No Special Jurisdiction,Motor Vehicle In-Transport,Angle,No,Crossover-Related,Not an Intersection,On Roadway,,Dark - Not Lighted,Clear,No,Not Applicable,39.74008889,-104.74435,ARAPAHOE (5),AURORA
80295,2021,1,0,0,2,2,0,3,3,Colorado,July,11,Sunday,2:00pm-2:59pm,13,U.S. Highway,Rural,Principal Arterial - Other,State Highway Agency,This section IS ON the NHS,No Special Jurisdiction,Motor Vehicle In-Transport,Sideswipe - Opposite Direction,No,Non-Junction,Not an Intersection,On Roadway,,Daylight,Clear,No,Not Applicable,38.77580556,-102.74088056,CHEYENNE (17),NOT APPLICABLE
80296,2021,1,0,0,1,1,0,1,1,Colorado,July,13,Tuesday,6:00pm-6:59pm,0,State Highway,Rural,Minor Arterial,State Highway Agency,This section IS NOT on the NHS,No Special Jurisdiction,Rollover/Overturn,The First Harmful Event was Not a Collision with a Motor Vehicle in Transport,No,Non-Junction,Not an Intersection,On Roadside,,Daylight,Cloudy,No,Not Applicable,38.22433056,-108.51426111,MONTROSE (85),NOT APPLICABLE
80297,2021,1,0,0,2,2,0,5,5,Colorado,July,9,Friday,10:00am-10:59am,1,State Highway,Urban,Principal Arterial - Other,State Highway Agency,This section IS ON the NHS,No Special Jurisdiction,Motor Vehicle In-Transport,Angle,No,Intersection,Four-Way Intersection,On Roadway,,Daylight,Clear,No,Not Applicable,39.68943889,-105.08139444,JEFFERSON (59),LAKEWOOD
80298,2021,1,0,0,2,2,0,3,3,Colorado,July,14,Wednesday,9:00am-9:59am,1,U.S. Highway,Rural,Minor Arterial,State Highway Agency,This section IS NOT on the NHS,No Special Jurisdiction,Motor Vehicle In-Transport,Angle,No,Intersection,Four-Way Intersection,On Roadway,,Daylight,Clear,No,Not Applicable,39.73916111,-103.36821111,WASHINGTON (121),NOT APPLICABLE
80299,2021,1,0,0,3,3,0,4,4,Colorado,July,15,Thursday,10:00am-10:59am,25,State Highway,Rural,Principal Arterial - Other,State Highway Agency,This section IS ON the NHS,No Special Jurisdiction,Motor Vehicle In-Transport,Sideswipe - Opposite Direction,No,Non-Junction,Not an Intersection,On Roadway,,Daylight,Clear,No,Not Applicable,37.5822,-108.2983,MONTEZUMA (83),NOT APPLICABLE