ST_CASE,YEAR,FATALS,PEDS,PERNOTMVIT,VE_TOTAL,VE_FORMS,PVH_INVL,PERSONS,PERMVIT,STATENAME,MONTHNAME,DAYNAME,DAY_WEEKNAME,HOURNAME,MINUTENAME,ROUTENAME,RUR_URBNAME,FUNC_SYSNAME,RD_OWNERNAME,NHSNAME,SP_JURNAME,HARM_EVNAME,MAN_COLLNAME,RELJCT1NAME,RELJCT2NAME,TYP_INTNAME,REL_ROADNAME,WRK_ZONENAME,LGT_CONDNAME,WEATHERNAME,SCH_BUSNAME,RAILNAME,LATITUDE,LONGITUD,COUNTYNAME,CITYNAME
80300,2021,1,0,0,2,2,0,5,5,Colorado,July,15,Thursday,10:00am-10:59am,40,State Highway,Rural,Minor Arterial,State Highway Agency,This section IS NOT on the NHS,No Special Jurisdiction,Motor Vehicle In-Transport,Front-to-Front,No,Non-Junction,Not an Intersection,On Roadway,,Daylight,Cloudy,No,Not Applicable,40.68005,-105.43303056,LARIMER (69),NOT APPLICABLE
80301,2021,1,0,0,2,2,0,3,3,Colorado,July,15,Thursday,4:00pm-4:59pm,54,U.S. Highway,Rural,Principal Arterial - Other,State Highway Agency,This section IS ON the NHS,No Special Jurisdiction,Motor Vehicle In-Transport,Front-to-Rear,No,Driveway Access Related,Not an Intersection,On Roadway,,Daylight,Clear,No,Not Applicable,37.26401389,-107.97269444,LA PLATA (67),NOT APPLICABLE
80302,2021,1,1,1,1,1,0,1,1,Colorado,July,15,Thursday,6:00pm-6:59pm,14,County Road,Rural,Minor Collector,County Highway Agency,This section IS NOT on the NHS,No Special Jurisdiction,Pedalcyclist,The First Harmful Event was Not a Collision with a Motor Vehicle in Transport,No,Intersection,T-Intersection,On Roadway,,Daylight,Clear,No,Not Applicable,40.06488889,-105.30086111,BOULDER (13),NOT APPLICABLE
80303,2021,1,0,0,2,2,0,2,2,Colorado,July,16,Friday,11:00am-11:59am,50,County Road,Rural,Major Collector,County Highway Agency,This section IS NOT on the NHS,No Special Jurisdiction,Motor Vehicle In-Transport,Angle,No,Intersection,T-Intersection,On Roadway,,Daylight,Clear,No,Not Applicable,40.03643056,-105.16238333,BOULDER (13),NOT APPLICABLE
80304,2021,1,0,0,1,1,0,1,1,Colorado,July,17,Saturday,11:00am-11:59am,48,State Highway,Urban,Principal Arterial - Other Freeways and Expressways,State Highway Agency,This section IS ON the NHS,No Special Jurisdiction,Cable Barrier,The First Harmful Event was Not a Collision with a Motor Vehicle in Transport,No,Non-Junction,Not an Intersection,On Median,,Daylight,Clear,No,Not Applicable,39.59516944,-105.14959444,JEFFERSON (59),NOT APPLICABLE
80305,2021,1,0,0,2,2,0,2,2,Colorado,July,12,Monday,12:00pm-12:59pm,2,Interstate,Urban,Interstate,State Highway Agency,This section IS ON the NHS,No Special Jurisdiction,Motor Vehicle In-Transport,Front-to-Rear,No,Non-Junction,Not an Intersection,On Roadway,,Daylight,Clear,No,Not Applicable,40.07801944,-104.98031111,WELD (123),DACONO
80306,2021,1,0,0,6,6,0,7,7,Colorado,July,14,Wednesday,7:00am-7:59am,44,U.S. Highway,Rural,Principal Arterial - Other,State Highway Agency,This section IS ON the NHS,No Special Jurisdiction,Motor Vehicle In-Transport,Front-to-Rear,No,Non-Junction,Not an Intersection,On Roadway,,Daylight,Clear,No,Not Applicable,37.33369444,-105.94157778,CONEJOS (21),NOT APPLICABLE
80307,2021,2,0,0,2,2,0,2,2,Colorado,July,15,Thursday,10:00pm-10:59pm,17,Local Street - Municipality,Urban,Principal Arterial - Other,City or Municipal Highway Agency,This section IS ON the NHS,No Special Jurisdiction,Motor Vehicle In-Transport,Front-to-Front,No,Non-Junction,Not an Intersection,On Roadway,,Dark - Not Lighted,Cloudy,No,Not Applicable,39.58060556,-104.94681944,ARAPAHOE (5),CENTENNIAL
80308,2021,1,0,0,1,1,0,1,1,Colorado,July,20,Tuesday,8:00am-8:59am,25,Interstate,Urban,Interstate,State Highway Agency,This section IS ON the NHS,No Special Jurisdiction,Rollover/Overturn,The First Harmful Event was Not a Collision with a Motor Vehicle in Transport,No,Non-Junction,Not an Intersection,On Shoulder,,Daylight,Clear,No,Not Applicable,39.8075,-104.94286667,ADAMS (1),COMMERCE CITY
80309,2021,1,0,0,3,3,0,4,4,Colorado,July,20,Tuesday,5:00pm-5:59pm,30,State Highway,Rural,Minor Arterial,State Highway Agency,This section IS NOT on the NHS,No Special Jurisdiction,Motor Vehicle In-Transport,Sideswipe - Opposite Direction,No,Non-Junction,Not an Intersection,On Roadway,,Daylight,Clear,No,Not Applicable,38.56104444,-104.94483889,FREMONT (43),NOT APPLICABLE
80310,2021,1,0,0,2,2,0,2,2,Colorado,July,19,Monday,2:00am-2:59am,15,State Highway,Urban,Principal Arterial - Other,State Highway Agency,This section IS ON the NHS,No Special Jurisdiction,Motor Vehicle In-Transport,Front-to-Front,No,Non-Junction,Not an Intersection,On Roadway,,Dark - Lighted,Clear,No,Not Applicable,39.66692222,-105.14648889,JEFFERSON (59),LAKEWOOD
80311,2021,2,0,0,2,2,0,3,3,Colorado,July,21,Wednesday,3:00am-3:59am,52,State Highway,Rural,Principal Arterial - Other,State Highway Agency,This section IS ON the NHS,No Special Jurisdiction,Motor Vehicle In-Transport,Front-to-Front,No,Non-Junction,Not an Intersection,On Roadway,,Dark - Not Lighted,Clear,No,Not Applicable,40.58253889,-104.7708,WELD (123),NOT APPLICABLE
80312,2021,1,0,0,1,1,0,1,1,Colorado,July,22,Thursday,8:00am-8:59am,0,County Road,Rural,Local,County Highway Agency,This section IS NOT on the NHS,No Special Jurisdiction,Embankment,The First Harmful Event was Not a Collision with a Motor Vehicle in Transport,No,Non-Junction,Not an Intersection,On Roadside,,Daylight,Clear,No,Not Applicable,37.08044444,-105.48545833,COSTILLA (23),NOT APPLICABLE
80313,2021,1,0,0,4,4,0,5,5,Colorado,July,22,Thursday,2:00pm-2:59pm,55,U.S. Highway,Rural,Principal Arterial - Other,State Highway Agency,This section IS ON the NHS,No Special Jurisdiction,Motor Vehicle In-Transport,Front-to-Rear,No,Intersection-Related,Four-Way Intersection,On Roadway,,Daylight,Clear,No,Not Applicable,40.08404444,-105.10271667,BOULDER (13),NOT APPLICABLE
80314,2021,1,1,1,1,1,0,1,1,Colorado,July,23,Friday,1:00am-1:59am,11,U.S. Highway,Urban,Principal Arterial - Other Freeways and Expressways,State Highway Agency,This section IS ON the NHS,No Special Jurisdiction,Pedestrian,The First Harmful Event was Not a Collision with a Motor Vehicle in Transport,No,Non-Junction,Not an Intersection,On Roadway,,Dark - Not Lighted,Clear,No,Not Applicable,39.91061667,-104.86015556,ADAMS (1),COMMERCE CITY
80315,2021,1,0,0,1,1,0,1,1,Colorado,July,25,Sunday,10:00am-10:59am,25,U.S. Highway,Rural,Principal Arterial - Other,State Highway Agency,This section IS ON the NHS,No Special Jurisdiction,Utility Pole/Light Support,The First Harmful Event was Not a Collision with a Motor Vehicle in Transport,No,Non-Junction,Not an Intersection,On Roadside,,Daylight,Clear,No,Not Applicable,39.57700833,-105.23675556,JEFFERSON (59),NOT APPLICABLE
80316,2021,1,0,0,3,3,0,3,3,Colorado,July,13,Tuesday,1:00pm-1:59pm,34,State Highway,Urban,Principal Arterial - Other,State Highway Agency,This section IS ON the NHS,No Special Jurisdiction,Motor Vehicle In-Transport,Front-to-Rear,No,Intersection-Related,Four-Way Intersection,On Roadway,,Daylight,Clear,No,Not Applicable,39.91386667,-105.00774444,ADAMS (1),WESTMINSTER
80317,2021,1,0,0,1,1,0,6,6,Colorado,July,25,Sunday,1:00am-1:59am,21,U.S. Highway,Urban,Principal Arterial - Other,State Highway Agency,This section IS ON the NHS,No Special Jurisdiction,Rollover/Overturn,The First Harmful Event was Not a Collision with a Motor Vehicle in Transport,No,Non-Junction,Not an Intersection,On Median,,Dark - Lighted,Clear,No,Not Applicable,39.82138889,-104.93119444,ADAMS (1),COMMERCE CITY
80318,2021,1,0,0,1,1,0,1,1,Colorado,July,26,Monday,7:00am-7:59am,3,State Highway,Rural,Major Collector,State Highway Agency,This section IS NOT on the NHS,No Special Jurisdiction,Fence,The First Harmful Event was Not a Collision with a Motor Vehicle in Transport,No,Non-Junction,Not an Intersection,On Roadside,,Daylight,Clear,No,Not Applicable,37.92355556,-104.920125,PUEBLO (101),NOT APPLICABLE
80319,2021,1,0,0,1,1,0,1,1,Colorado,July,23,Friday,10:00pm-10:59pm,33,Local Street - Municipality,Urban,Principal Arterial - Other,City or Municipal Highway Agency,This section IS ON the NHS,No Special Jurisdiction,Curb,The First Harmful Event was Not a Collision with a Motor Vehicle in Transport,No,Non-Junction,Not an Intersection,On Roadside,,Dark - Not Lighted,Clear,No,Not Applicable,38.91051667,-104.73575278,EL PASO (41),COLORADO SPRINGS
80320,2021,1,0,0,2,2,0,3,3,Colorado,July,26,Monday,2:00am-2:59am,50,Interstate,Rural,Interstate,State Highway Agency,This section IS ON the NHS,No Special Jurisdiction,Motor Vehicle In-Transport,Angle,No,Non-Junction,Not an Intersection,On Roadway,Construction,Dark - Not Lighted,Clear,No,Not Applicable,39.1672,-104.85275,DOUGLAS (35),NOT APPLICABLE
80321,2021,1,0,0,1,1,0,1,1,Colorado,July,26,Monday,2:00pm-2:59pm,10,Local Street - Municipality,Urban,Major Collector,City or Municipal Highway Agency,This section IS NOT on the NHS,No Special Jurisdiction,Guardrail Face,The First Harmful Event was Not a Collision with a Motor Vehicle in Transport,No,Non-Junction,Not an Intersection,On Roadside,,Daylight,Clear,No,Not Applicable,40.04093611,-105.24414444,BOULDER (13),BOULDER
80322,2021,2,0,0,2,2,0,4,4,Colorado,July,26,Monday,11:00pm-11:59pm,20,State Highway,Urban,Principal Arterial - Other,State Highway Agency,This section IS ON the NHS,No Special Jurisdiction,Motor Vehicle In-Transport,Angle,No,Intersection,T-Intersection,On Roadway,,Dark - Lighted,Clear,No,Not Applicable,40.03802778,-105.24897222,BOULDER (13),BOULDER
80323,2021,1,0,0,3,3,0,3,3,Colorado,July,27,Tuesday,5:00pm-5:59pm,39,State Highway,Urban,Principal Arterial - Other,State Highway Agency,This section IS ON the NHS,No Special Jurisdiction,Curb,The First Harmful Event was Not a Collision with a Motor Vehicle in Transport,No,Intersection-Related,T-Intersection,Pedestrian Refuge Island or Traffic Island,,Daylight,Clear,No,Not Applicable,40.16006667,-105.06018889,BOULDER (13),LONGMONT
80324,2021,1,0,0,2,2,0,2,2,Colorado,July,28,Wednesday,9:00am-9:59am,41,County Road,Urban,Minor Arterial,County Highway Agency,This section IS NOT on the NHS,No Special Jurisdiction,Motor Vehicle In-Transport,Angle,No,Intersection,T-Intersection,On Roadway,,Daylight,Clear,No,Not Applicable,39.76781111,-105.17482778,JEFFERSON (59),NOT APPLICABLE
80325,2021,1,0,0,2,2,0,6,6,Colorado,July,29,Thursday,1:00pm-1:59pm,8,County Road,Rural,Minor Arterial,County Highway Agency,This section IS NOT on the NHS,No Special Jurisdiction,Motor Vehicle In-Transport,Angle,No,Intersection,Four-Way Intersection,On Roadway,,Daylight,Clear,No,Not Applicable,38.9985,-104.66341111,EL PASO (41),NOT APPLICABLE
80326,2021,1,1,1,2,1,1,1,1,Colorado,July,29,Thursday,9:00pm-9:59pm,8,Interstate,Urban,Interstate,State Highway Agency,This section IS ON the NHS,No Special Jurisdiction,Pedestrian,The First Harmful Event was Not a Collision with a Motor Vehicle in Transport,No,Non-Junction,Not an Intersection,On Roadway,,Dark - Not Lighted,Clear,No,Not Applicable,39.48083333,-104.87251111,DOUGLAS (35),NOT APPLICABLE
80327,2021,1,0,0,1,1,0,1,1,Colorado,July,29,Thursday,10:00pm-10:59pm,30,Interstate,Rural,Interstate,State Highway Agency,This section IS ON the NHS,No Special Jurisdiction,"Post, Pole or Other Supports",The First Harmful Event was Not a Collision with a Motor Vehicle in Transport,No,Non-Junction,Not an Intersection,On Median,,Dark - Not Lighted,Rain,No,Not Applicable,39.41058056,-108.09724167,GARFIELD (45),NOT APPLICABLE
80328,2021,1,0,0,1,1,0,1,1,Colorado,July,30,Friday,6:00pm-6:59pm,42,County Road,Rural,Minor Collector,County Highway Agency,This section IS NOT on the NHS,No Special Jurisdiction,Rollover/Overturn,The First Harmful Event was Not a Collision with a Motor Vehicle in Transport,No,Non-Junction,Not an Intersection,On Roadside,,Daylight,Clear,No,Not Applicable,39.50166667,-105.24588889,JEFFERSON (59),NOT APPLICABLE
80329,2021,1,0,0,2,2,0,3,3,Colorado,July,30,Friday,10:00pm-10:59pm,54,State Highway,Rural,Minor Arterial,State Highway Agency,This section IS NOT on the NHS,No Special Jurisdiction,Motor Vehicle In-Transport,Angle,No,Intersection,Four-Way Intersection,On Roadway,,Dark - Not Lighted,Clear,No,Not Applicable,38.83829722,-104.38717222,EL PASO (41),NOT APPLICABLE
80330,2021,1,0,0,2,2,0,3,3,Colorado,July,26,Monday,2:00am-2:59am,27,Local Street - Municipality,Urban,Principal Arterial - Other,City or Municipal Highway Agency,This section IS ON the NHS,No Special Jurisdiction,Motor Vehicle In-Transport,Front-to-Rear,No,Intersection-Related,Four-Way Intersection,On Roadway,,Dark - Lighted,Not Reported,No,Not Applicable,39.7257,-105.00036111,DENVER (31),DENVER
80331,2021,2,0,0,2,2,0,4,4,Colorado,July,28,Wednesday,6:00pm-6:59pm,43,State Highway,Urban,Principal Arterial - Other,State Highway Agency,This section IS ON the NHS,No Special Jurisdiction,Motor Vehicle In-Transport,Front-to-Front,No,Non-Junction,Not an Intersection,On Roadway,,Daylight,Not Reported,No,Not Applicable,39.66921111,-105.05318889,DENVER (31),DENVER
80332,2021,1,0,0,1,1,0,1,1,Colorado,July,31,Saturday,1:00am-1:59am,2,State Highway,Urban,Minor Arterial,State Highway Agency,This section IS NOT on the NHS,No Special Jurisdiction,Traffic Signal Support,The First Harmful Event was Not a Collision with a Motor Vehicle in Transport,No,Intersection-Related,Four-Way Intersection,On Roadside,,Dark - Lighted,Rain,No,Not Applicable,40.46526389,-104.88905278,WELD (123),WINDSOR
80333,2021,1,0,0,2,2,0,3,3,Colorado,July,20,Tuesday,10:00am-10:59am,36,State Highway,Urban,Principal Arterial - Other,State Highway Agency,This section IS ON the NHS,No Special Jurisdiction,Motor Vehicle In-Transport,Angle,No,Intersection,Four-Way Intersection,On Roadway,,Daylight,Clear,No,Not Applicable,39.62402778,-105.02083333,ARAPAHOE (5),LITTLETON
80334,2021,1,0,0,1,1,0,2,2,Colorado,July,30,Friday,11:00am-11:59am,35,Local Street - Municipality,Urban,Major Collector,City or Municipal Highway Agency,This section IS NOT on the NHS,No Special Jurisdiction,Curb,The First Harmful Event was Not a Collision with a Motor Vehicle in Transport,No,Non-Junction,Not an Intersection,On Roadside,,Daylight,Not Reported,No,Not Applicable,39.75133889,-104.89886111,DENVER (31),DENVER
80335,2021,1,0,0,1,1,0,1,1,Colorado,July,25,Sunday,1:00pm-1:59pm,6,County Road,Rural,Minor Collector,County Highway Agency,This section IS NOT on the NHS,No Special Jurisdiction,Ditch,The First Harmful Event was Not a Collision with a Motor Vehicle in Transport,No,Non-Junction,Not an Intersection,On Roadside,,Daylight,Clear,No,Not Applicable,39.50164167,-105.24526944,JEFFERSON (59),NOT APPLICABLE
80336,2021,1,1,1,1,1,0,1,1,Colorado,April,10,Saturday,9:00pm-9:59pm,6,U.S. Highway,Urban,Principal Arterial - Other,State Highway Agency,This section IS ON the NHS,No Special Jurisdiction,Pedestrian,The First Harmful Event was Not a Collision with a Motor Vehicle in Transport,No,Non-Junction,Not an Intersection,On Roadway,,Dark - Not Lighted,Clear,No,Not Applicable,38.45409722,-107.86629167,MONTROSE (85),MONTROSE
80337,2021,1,0,0,2,2,0,2,2,Colorado,March,7,Sunday,2:00pm-2:59pm,21,U.S. Highway,Urban,Principal Arterial - Other,State Highway Agency,This section IS ON the NHS,No Special Jurisdiction,Motor Vehicle In-Transport,Angle,Yes,Intersection,Four-Way Intersection,On Roadway,,Daylight,Clear,No,Not Applicable,39.95961667,-105.09040556,BOULDER (13),LAFAYETTE
80338,2021,1,0,0,1,1,0,2,2,Colorado,May,16,Sunday,11:00am-11:59am,40,State Highway,Rural,Minor Arterial,State Highway Agency,This section IS NOT on the NHS,No Special Jurisdiction,Concrete Traffic Barrier,The First Harmful Event was Not a Collision with a Motor Vehicle in Transport,No,Non-Junction,Not an Intersection,On Roadside,,Daylight,Clear,No,Not Applicable,38.72479722,-108.91287222,MESA (77),NOT APPLICABLE
80339,2021,1,1,1,4,4,0,9,9,Colorado,June,7,Monday,0:00am-0:59am,4,Interstate,Urban,Interstate,State Highway Agency,This section IS ON the NHS,No Special Jurisdiction,Motor Vehicle In-Transport,Front-to-Rear,Yes,Through Roadway,Not an Intersection,On Roadway,,Dark - Lighted,Not Reported,No,Not Applicable,39.75993333,-105.00592778,DENVER (31),DENVER
80340,2021,1,0,0,1,1,0,1,1,Colorado,July,2,Friday,2:00pm-2:59pm,37,Local Street - Municipality,Urban,Major Collector,City or Municipal Highway Agency,This section IS NOT on the NHS,No Special Jurisdiction,Curb,The First Harmful Event was Not a Collision with a Motor Vehicle in Transport,No,Non-Junction,Not an Intersection,On Roadside,,Daylight,Clear,No,Not Applicable,39.56311944,-107.35301389,GARFIELD (45),GLENWOOD SPRINGS
80341,2021,1,0,0,1,1,0,2,2,Colorado,July,5,Monday,10:00pm-10:59pm,20,Interstate,Urban,Interstate,State Highway Agency,This section IS ON the NHS,No Special Jurisdiction,Tree (Standing Only),The First Harmful Event was Not a Collision with a Motor Vehicle in Transport,Yes,Other location within Interchange Area,Not an Intersection,On Roadside,,Dark - Lighted,Not Reported,No,Not Applicable,39.77777778,-104.88578889,DENVER (31),DENVER
80342,2021,1,0,0,2,2,0,2,2,Colorado,July,26,Monday,6:00pm-6:59pm,34,State Highway,Urban,Principal Arterial - Other,State Highway Agency,This section IS ON the NHS,No Special Jurisdiction,Motor Vehicle In-Transport,Front-to-Front,No,Non-Junction,Not an Intersection,On Roadway,,Daylight,Clear,No,Not Applicable,39.64629167,-104.9594,ARAPAHOE (5),CHERRY HILLS VILLAGE
80343,2021,1,0,0,1,1,0,1,1,Colorado,July,10,Saturday,6:00pm-6:59pm,45,State Highway,Rural,Minor Arterial,State Highway Agency,This section IS NOT on the NHS,No Special Jurisdiction,Rollover/Overturn,The First Harmful Event was Not a Collision with a Motor Vehicle in Transport,No,Non-Junction,Not an Intersection,On Roadside,,Daylight,Clear,No,Not Applicable,38.77974167,-108.72351389,MESA (77),NOT APPLICABLE
80344,2021,1,1,1,1,1,0,2,2,Colorado,August,1,Sunday,0:00am-0:59am,42,State Highway,Rural,Minor Arterial,State Highway Agency,This section IS NOT on the NHS,No Special Jurisdiction,Pedestrian,The First Harmful Event was Not a Collision with a Motor Vehicle in Transport,No,Non-Junction,Not an Intersection,On Roadway,,Dark - Not Lighted,Clear,No,Not Applicable,39.66863056,-105.26348056,JEFFERSON (59),NOT APPLICABLE
80345,2021,1,0,0,3,3,0,3,3,Colorado,August,4,Wednesday,7:00am-7:59am,10,Local Street - Municipality,Urban,Minor Arterial,City or Municipal Highway Agency,This section IS NOT on the NHS,No Special Jurisdiction,Motor Vehicle In-Transport,Front-to-Front,No,Non-Junction,Not an Intersection,On Roadway,,Daylight,Clear,No,Not Applicable,40.47418056,-104.94414167,LARIMER (69),Other
80346,2021,1,0,0,2,2,0,2,2,Colorado,August,5,Thursday,8:00pm-8:59pm,36,Local Street - Frontage Road,Urban,Interstate,State Highway Agency,This section IS ON the NHS,No Special Jurisdiction,Motor Vehicle In-Transport,Front-to-Front,No,Non-Junction,Not an Intersection,On Roadway,,Dark - Not Lighted,Clear,No,Not Applicable,39.99430556,-104.72580556,ADAMS (1),BRIGHTON
80347,2021,1,0,0,2,2,0,4,4,Colorado,August,6,Friday,6:00pm-6:59pm,52,Local Street - Municipality,Urban,Minor Arterial,City or Municipal Highway Agency,This section IS NOT on the NHS,No Special Jurisdiction,Motor Vehicle In-Transport,Angle,No,Intersection,Four-Way Intersection,On Roadway,,Daylight,Clear,No,Not Applicable,39.94325,-104.79017778,ADAMS (1),BRIGHTON
80348,2021,1,0,0,2,2,0,2,2,Colorado,August,6,Friday,11:00pm-11:59pm,8,State Highway,Urban,Principal Arterial - Other,State Highway Agency,This section IS ON the NHS,No Special Jurisdiction,Motor Vehicle In-Transport,Angle,No,Intersection,Four-Way Intersection,On Roadway,,Dark - Lighted,Clear,No,Not Applicable,39.71822222,-104.86603889,ARAPAHOE (5),AURORA
80349,2021,2,0,0,1,1,0,3,3,Colorado,August,7,Saturday,6:00pm-6:59pm,5,Interstate,Rural,Interstate,State Highway Agency,This section IS ON the NHS,No Special Jurisdiction,Rollover/Overturn,The First Harmful Event was Not a Collision with a Motor Vehicle in Transport,No,Non-Junction,Not an Intersection,On Median,,Daylight,Clear,No,Not Applicable,39.72996111,-104.29301667,ARAPAHOE (5),NOT APPLICABLE
80350,2021,1,0,0,2,2,0,2,2,Colorado,August,8,Sunday,6:00pm-6:59pm,32,Local Street - Municipality,Urban,Major Collector,City or Municipal Highway Agency,This section IS NOT on the NHS,No Special Jurisdiction,Rollover/Overturn,The First Harmful Event was Not a Collision with a Motor Vehicle in Transport,No,Driveway Access Related,Not an Intersection,On Roadway,,Daylight,Not Reported,No,Not Applicable,39.68335556,-104.96171667,DENVER (31),DENVER
80351,2021,1,0,0,1,1,0,1,1,Colorado,August,9,Monday,3:00am-3:59am,40,Interstate,Rural,Interstate,State Highway Agency,This section IS ON the NHS,No Special Jurisdiction,Rollover/Overturn,The First Harmful Event was Not a Collision with a Motor Vehicle in Transport,No,Non-Junction,Not an Intersection,On Roadside,,Dark - Not Lighted,Clear,No,Not Applicable,38.04365556,-104.72699444,PUEBLO (101),NOT APPLICABLE
80352,2021,1,0,0,1,1,0,1,1,Colorado,August,10,Tuesday,0:00am-0:59am,0,County Road,Rural,Minor Collector,County Highway Agency,This section IS NOT on the NHS,No Special Jurisdiction,Tree (Standing Only),The First Harmful Event was Not a Collision with a Motor Vehicle in Transport,No,Non-Junction,Not an Intersection,On Roadside,,Dark - Not Lighted,Clear,No,Not Applicable,37.43117222,-107.78543056,LA PLATA (67),NOT APPLICABLE
80353,2021,1,0,0,3,3,0,3,3,Colorado,August,11,Wednesday,12:00pm-12:59pm,4,U.S. Highway,Urban,Principal Arterial - Other,State Highway Agency,This section IS ON the NHS,No Special Jurisdiction,Motor Vehicle In-Transport,Front-to-Front,No,Non-Junction,Not an Intersection,On Roadway,,Daylight,Clear,No,Not Applicable,40.42141389,-104.76288333,WELD (123),GREELEY
80354,2021,1,0,0,2,2,0,2,2,Colorado,August,11,Wednesday,7:00pm-7:59pm,30,County Road,Urban,Minor Arterial,County Highway Agency,This section IS NOT on the NHS,No Special Jurisdiction,Motor Vehicle In-Transport,Angle,No,Intersection,Four-Way Intersection,On Roadway,,Dusk,Clear,No,Not Applicable,39.53985,-104.99003333,DOUGLAS (35),NOT APPLICABLE
80355,2021,1,0,0,3,2,1,2,2,Colorado,August,13,Friday,3:00am-3:59am,13,U.S. Highway,Urban,Principal Arterial - Other,State Highway Agency,This section IS ON the NHS,No Special Jurisdiction,Motor Vehicle In-Transport,Front-to-Rear,No,Non-Junction,Not an Intersection,On Roadway,,Dark - Lighted,Clear,No,Not Applicable,39.65320278,-104.96930556,ARAPAHOE (5),CHERRY HILLS VILLAGE
80356,2021,1,0,0,2,2,0,2,2,Colorado,August,13,Friday,3:00pm-3:59pm,0,Local Street - Municipality,Urban,Minor Arterial,City or Municipal Highway Agency,This section IS NOT on the NHS,No Special Jurisdiction,Motor Vehicle In-Transport,Front-to-Front,No,Driveway Access Related,Not an Intersection,On Roadway,,Daylight,Clear,No,Not Applicable,39.84906667,-104.99308889,ADAMS (1),THORNTON
80357,2021,1,0,0,1,1,0,1,1,Colorado,August,13,Friday,4:00pm-4:59pm,8,U.S. Highway,Rural,Principal Arterial - Other,State Highway Agency,This section IS ON the NHS,No Special Jurisdiction,Guardrail Face,The First Harmful Event was Not a Collision with a Motor Vehicle in Transport,No,Intersection-Related,T-Intersection,On Roadside,,Daylight,Clear,No,Not Applicable,38.76219444,-102.77929444,CHEYENNE (17),NOT APPLICABLE
80358,2021,1,0,0,2,2,0,3,3,Colorado,August,13,Friday,7:00pm-7:59pm,16,County Road,Urban,Major Collector,County Highway Agency,This section IS NOT on the NHS,No Special Jurisdiction,Motor Vehicle In-Transport,Front-to-Rear,No,Non-Junction,Not an Intersection,On Roadway,,Daylight,Clear,No,Not Applicable,38.51656944,-107.884975,MONTROSE (85),NOT APPLICABLE
80359,2021,1,0,0,3,3,0,3,3,Colorado,August,14,Saturday,3:00pm-3:59pm,57,U.S. Highway,Rural,Principal Arterial - Other,State Highway Agency,This section IS ON the NHS,No Special Jurisdiction,Motor Vehicle In-Transport,Front-to-Front,No,Non-Junction,Not an Intersection,On Roadway,,Daylight,Clear,No,Not Applicable,39.07333333,-103.37825833,LINCOLN (73),NOT APPLICABLE
80360,2021,1,0,0,2,2,0,4,4,Colorado,August,14,Saturday,4:00pm-4:59pm,32,U.S. Highway,Rural,Principal Arterial - Other,State Highway Agency,This section IS ON the NHS,No Special Jurisdiction,Motor Vehicle In-Transport,Front-to-Front,No,Non-Junction,Not an Intersection,On Roadway,,Daylight,Cloudy,No,Not Applicable,38.90431111,-105.98827222,CHAFFEE (15),NOT APPLICABLE
80361,2021,1,0,0,1,1,0,1,1,Colorado,August,14,Saturday,7:00pm-7:59pm,25,Local Street - Municipality,Urban,Principal Arterial - Other Freeways and Expressways,City or Municipal Highway Agency,This section IS ON the NHS,No Special Jurisdiction,Guardrail Face,The First Harmful Event was Not a Collision with a Motor Vehicle in Transport,Yes,Other location within Interchange Area,Not an Intersection,On Median,,Dark - Lighted,Clear,No,Not Applicable,39.77213056,-104.79142778,ADAMS (1),AURORA
80362,2021,1,0,0,1,1,0,2,2,Colorado,August,8,Sunday,8:00pm-8:59pm,54,State Highway,Urban,Principal Arterial - Other,State Highway Agency,This section IS ON the NHS,No Special Jurisdiction,Live Animal,The First Harmful Event was Not a Collision with a Motor Vehicle in Transport,No,Non-Junction,Not an Intersection,On Roadway,,Dark - Not Lighted,Clear,No,Not Applicable,38.218575,-104.63857222,PUEBLO (101),PUEBLO
80363,2021,1,0,0,1,1,0,3,3,Colorado,August,7,Saturday,9:00pm-9:59pm,3,Interstate,Rural,Interstate,State Highway Agency,This section IS ON the NHS,No Special Jurisdiction,Rollover/Overturn,The First Harmful Event was Not a Collision with a Motor Vehicle in Transport,No,Non-Junction,Not an Intersection,On Roadside,Construction,Dark - Not Lighted,Clear,No,Not Applicable,39.15763889,-104.8556,DOUGLAS (35),NOT APPLICABLE
80364,2021,1,0,0,1,1,0,1,1,Colorado,August,18,Wednesday,4:00am-4:59am,42,U.S. Highway,Rural,Minor Arterial,State Highway Agency,This section IS NOT on the NHS,No Special Jurisdiction,Ground,The First Harmful Event was Not a Collision with a Motor Vehicle in Transport,Yes,Intersection-Related,Four-Way Intersection,On Roadside,,Dark - Lighted,Clear,No,Not Applicable,39.26426389,-103.66894444,LINCOLN (73),LIMON
80365,2021,1,0,0,1,1,0,3,3,Colorado,August,20,Friday,3:00am-3:59am,28,Interstate,Rural,Interstate,State Highway Agency,This section IS ON the NHS,No Special Jurisdiction,Guardrail End,The First Harmful Event was Not a Collision with a Motor Vehicle in Transport,No,Non-Junction,Not an Intersection,Gore,,Dark - Not Lighted,Rain,No,Not Applicable,38.55379444,-104.64855556,EL PASO (41),NOT APPLICABLE
80366,2021,1,0,0,3,3,0,9,9,Colorado,August,20,Friday,7:00pm-7:59pm,30,U.S. Highway,Rural,Principal Arterial - Other,State Highway Agency,This section IS ON the NHS,No Special Jurisdiction,Motor Vehicle In-Transport,Front-to-Rear,No,Non-Junction,Not an Intersection,On Roadway,,Daylight,Clear,No,Not Applicable,38.42608889,-106.40282222,GUNNISON (51),NOT APPLICABLE