ST_CASE,YEAR,FATALS,PEDS,PERNOTMVIT,VE_TOTAL,VE_FORMS,PVH_INVL,PERSONS,PERMVIT,STATENAME,MONTHNAME,DAYNAME,DAY_WEEKNAME,HOURNAME,MINUTENAME,ROUTENAME,RUR_URBNAME,FUNC_SYSNAME,RD_OWNERNAME,NHSNAME,SP_JURNAME,HARM_EVNAME,MAN_COLLNAME,RELJCT1NAME,RELJCT2NAME,TYP_INTNAME,REL_ROADNAME,WRK_ZONENAME,LGT_CONDNAME,WEATHERNAME,SCH_BUSNAME,RAILNAME,LATITUDE,LONGITUD,COUNTYNAME,CITYNAME
80367,2021,1,0,0,2,2,0,5,5,Colorado,August,21,Saturday,6:00pm-6:59pm,40,State Highway,Rural,Major Collector,State Highway Agency,This section IS NOT on the NHS,No Special Jurisdiction,Motor Vehicle In-Transport,Front-to-Front,No,Non-Junction,Not an Intersection,On Roadway,,Daylight,Clear,No,Not Applicable,39.11964444,-106.7227,PITKIN (97),NOT APPLICABLE
80368,2021,1,0,0,2,2,0,2,2,Colorado,August,21,Saturday,4:00am-4:59am,24,Local Street - Municipality,Urban,Principal Arterial - Other,City or Municipal Highway Agency,This section IS ON the NHS,No Special Jurisdiction,Motor Vehicle In-Transport,Angle,No,Intersection,Four-Way Intersection,On Roadway,,Dark - Lighted,Clear,No,Not Applicable,39.70655556,-104.79094444,ARAPAHOE (5),AURORA
80369,2021,1,0,0,1,1,0,1,1,Colorado,August,22,Sunday,3:00am-3:59am,0,County Road,Rural,Local,County Highway Agency,This section IS NOT on the NHS,No Special Jurisdiction,Fence,The First Harmful Event was Not a Collision with a Motor Vehicle in Transport,No,Non-Junction,Not an Intersection,Outside Trafficway,,Dark - Not Lighted,Clear,No,Not Applicable,40.23248611,-103.753075,MORGAN (87),NOT APPLICABLE
80370,2021,1,0,0,4,4,0,7,7,Colorado,August,22,Sunday,11:00am-11:59am,4,U.S. Highway,Rural,Principal Arterial - Other,State Highway Agency,This section IS ON the NHS,No Special Jurisdiction,Motor Vehicle In-Transport,Front-to-Front,No,Non-Junction,Not an Intersection,On Roadway,,Daylight,Clear,No,Not Applicable,39.02617222,-104.42604167,EL PASO (41),NOT APPLICABLE
80371,2021,1,1,1,1,1,0,1,1,Colorado,August,5,Thursday,9:00pm-9:59pm,40,U.S. Highway,Rural,Minor Collector,State Highway Agency,This section IS NOT on the NHS,No Special Jurisdiction,Pedestrian,The First Harmful Event was Not a Collision with a Motor Vehicle in Transport,No,Non-Junction,Not an Intersection,On Roadway,,Dark - Not Lighted,Clear,No,Not Applicable,40.23277222,-104.07824444,MORGAN (87),WIGGINS
80372,2021,1,0,0,1,1,0,2,2,Colorado,August,23,Monday,2:00am-2:59am,41,Local Street - Municipality,Urban,Minor Arterial,City or Municipal Highway Agency,This section IS NOT on the NHS,No Special Jurisdiction,Curb,The First Harmful Event was Not a Collision with a Motor Vehicle in Transport,No,Non-Junction,Not an Intersection,On Roadside,,Dark - Lighted,Clear,No,Not Applicable,39.65288333,-104.77118333,ARAPAHOE (5),AURORA
80373,2021,1,0,0,1,1,0,2,2,Colorado,August,23,Monday,9:00pm-9:59pm,24,U.S. Highway,Urban,Principal Arterial - Other,State Highway Agency,This section IS ON the NHS,No Special Jurisdiction,Guardrail Face,The First Harmful Event was Not a Collision with a Motor Vehicle in Transport,No,Non-Junction,Not an Intersection,On Roadside,,Dark - Lighted,Clear,No,Not Applicable,37.99883333,-103.58719444,OTERO (89),LA JUNTA
80374,2021,1,0,0,1,1,0,1,1,Colorado,August,24,Tuesday,2:00am-2:59am,31,Interstate,Rural,Interstate,State Highway Agency,This section IS ON the NHS,No Special Jurisdiction,Embankment,The First Harmful Event was Not a Collision with a Motor Vehicle in Transport,No,Non-Junction,Not an Intersection,On Roadside,,Dark - Not Lighted,Clear,No,Not Applicable,40.95311667,-104.92356944,WELD (123),NOT APPLICABLE
80375,2021,1,0,0,4,4,0,4,4,Colorado,August,4,Wednesday,3:00pm-3:59pm,52,State Highway,Urban,Principal Arterial - Other Freeways and Expressways,State Highway Agency,This section IS ON the NHS,No Special Jurisdiction,Motor Vehicle In-Transport,Sideswipe - Same Direction,No,Non-Junction,Not an Intersection,On Roadway,,Daylight,Clear,No,Not Applicable,38.86661111,-104.72008333,EL PASO (41),COLORADO SPRINGS
80376,2021,1,0,0,1,1,0,2,2,Colorado,August,21,Saturday,11:00am-11:59am,40,State Highway,Rural,Principal Arterial - Other,State Highway Agency,This section IS ON the NHS,No Special Jurisdiction,Culvert,The First Harmful Event was Not a Collision with a Motor Vehicle in Transport,No,Non-Junction,Not an Intersection,On Roadside,,Daylight,Clear,No,Not Applicable,39.24301944,-104.69726111,DOUGLAS (35),NOT APPLICABLE
80377,2021,1,1,1,1,1,0,1,1,Colorado,August,26,Thursday,5:00am-5:59am,36,Local Street - Municipality,Urban,Minor Arterial,City or Municipal Highway Agency,This section IS NOT on the NHS,No Special Jurisdiction,Pedestrian,The First Harmful Event was Not a Collision with a Motor Vehicle in Transport,No,Intersection-Related,Four-Way Intersection,On Roadway,,Dark - Lighted,Clear,No,Not Applicable,39.65703889,-104.77258333,ARAPAHOE (5),AURORA
80378,2021,3,0,0,2,2,0,6,6,Colorado,August,26,Thursday,3:00pm-3:59pm,40,U.S. Highway,Rural,Principal Arterial - Other,State Highway Agency,This section IS ON the NHS,No Special Jurisdiction,Motor Vehicle In-Transport,Front-to-Front,No,Non-Junction,Not an Intersection,On Roadway,,Daylight,Clear,No,Not Applicable,39.48879444,-105.35594167,JEFFERSON (59),NOT APPLICABLE
80379,2021,1,0,0,3,3,0,3,3,Colorado,August,27,Friday,5:00am-5:59am,22,Local Street - Municipality,Urban,Principal Arterial - Other,City or Municipal Highway Agency,This section IS ON the NHS,No Special Jurisdiction,Tree (Standing Only),The First Harmful Event was Not a Collision with a Motor Vehicle in Transport,No,Non-Junction,Not an Intersection,On Median,,Dawn,Clear,No,Not Applicable,39.85876389,-104.77196944,ADAMS (1),COMMERCE CITY
80380,2021,2,0,0,1,1,0,4,4,Colorado,August,28,Saturday,7:00am-7:59am,30,Interstate,Urban,Interstate,State Highway Agency,This section IS ON the NHS,No Special Jurisdiction,Rollover/Overturn,The First Harmful Event was Not a Collision with a Motor Vehicle in Transport,No,Non-Junction,Not an Intersection,On Roadside,,Daylight,Clear,No,Not Applicable,39.96767222,-104.75594444,ADAMS (1),BRIGHTON
80381,2021,1,0,0,1,1,0,3,3,Colorado,August,28,Saturday,3:00pm-3:59pm,15,County Road,Rural,Local,County Highway Agency,This section IS NOT on the NHS,No Special Jurisdiction,Rollover/Overturn,The First Harmful Event was Not a Collision with a Motor Vehicle in Transport,No,Non-Junction,Not an Intersection,On Roadside,,Daylight,Clear,No,Not Applicable,37.8215,-104.84128056,HUERFANO (55),NOT APPLICABLE
80382,2021,1,0,0,2,2,0,2,2,Colorado,August,27,Friday,9:00pm-9:59pm,17,Local Street - Municipality,Urban,Minor Arterial,City or Municipal Highway Agency,This section IS NOT on the NHS,No Special Jurisdiction,Motor Vehicle In-Transport,Angle,No,Intersection,Four-Way Intersection,On Roadway,,Dark - Lighted,Cloudy,No,Not Applicable,39.79834444,-104.75331111,DENVER (31),DENVER
80383,2021,1,0,0,1,1,0,2,2,Colorado,August,15,Sunday,9:00pm-9:59pm,6,State Highway,Rural,Major Collector,State Highway Agency,This section IS NOT on the NHS,No Special Jurisdiction,Ditch,The First Harmful Event was Not a Collision with a Motor Vehicle in Transport,No,Non-Junction,Not an Intersection,On Roadside,,Dark - Not Lighted,Clear,No,Not Applicable,37.42967778,-105.94722222,ALAMOSA (3),NOT APPLICABLE
80384,2021,1,0,0,1,1,0,1,1,Colorado,August,26,Thursday,4:00pm-4:59pm,0,County Road,Rural,Minor Collector,County Highway Agency,This section IS NOT on the NHS,No Special Jurisdiction,Rollover/Overturn,The First Harmful Event was Not a Collision with a Motor Vehicle in Transport,No,Non-Junction,Not an Intersection,On Roadside,,Daylight,Clear,No,Not Applicable,37.87083333,-106.94155556,MINERAL (79),NOT APPLICABLE
80385,2021,1,0,0,2,2,0,3,3,Colorado,August,29,Sunday,2:00pm-2:59pm,46,Local Street - Municipality,Urban,Local,City or Municipal Highway Agency,This section IS NOT on the NHS,No Special Jurisdiction,Motor Vehicle In-Transport,Angle,No,Intersection,T-Intersection,On Roadway,,Daylight,Clear,No,Not Applicable,39.90367222,-104.84661111,ADAMS (1),BRIGHTON
80386,2021,1,1,1,1,1,0,1,1,Colorado,August,30,Monday,3:00pm-3:59pm,52,Local Street - Municipality,Urban,Local,City or Municipal Highway Agency,This section IS NOT on the NHS,No Special Jurisdiction,Pedestrian,The First Harmful Event was Not a Collision with a Motor Vehicle in Transport,No,Driveway Access Related,Not an Intersection,On Roadway,,Daylight,Clear,No,Not Applicable,39.69702778,-105.00938889,DENVER (31),DENVER
80387,2021,1,0,0,1,1,0,1,1,Colorado,August,30,Monday,6:00pm-6:59pm,0,County Road,Rural,Major Collector,County Highway Agency,This section IS NOT on the NHS,No Special Jurisdiction,Fence,The First Harmful Event was Not a Collision with a Motor Vehicle in Transport,No,Non-Junction,Not an Intersection,Outside Trafficway,,Daylight,Clear,No,Not Applicable,38.87888889,-104.05536111,EL PASO (41),NOT APPLICABLE
80388,2021,1,0,0,1,1,0,1,1,Colorado,August,22,Sunday,1:00pm-1:59pm,10,State Highway,Rural,Minor Arterial,State Highway Agency,This section IS NOT on the NHS,No Special Jurisdiction,Rollover/Overturn,The First Harmful Event was Not a Collision with a Motor Vehicle in Transport,No,Non-Junction,Not an Intersection,On Roadway,,Daylight,Clear,No,Not Applicable,38.85869167,-105.65416667,PARK (93),NOT APPLICABLE
80389,2021,1,0,0,1,1,0,1,1,Colorado,August,1,Sunday,2:00pm-2:59pm,35,Interstate,Urban,Interstate,State Highway Agency,This section IS ON the NHS,No Special Jurisdiction,Guardrail End,The First Harmful Event was Not a Collision with a Motor Vehicle in Transport,No,Non-Junction,Not an Intersection,On Roadside,,Daylight,Clear,No,Not Applicable,38.84306111,-104.8299,EL PASO (41),COLORADO SPRINGS
80390,2021,1,1,1,1,1,0,1,1,Colorado,August,11,Wednesday,9:00am-9:59am,33,Local Street - Municipality,Urban,Principal Arterial - Other,City or Municipal Highway Agency,This section IS ON the NHS,No Special Jurisdiction,Pedestrian,The First Harmful Event was Not a Collision with a Motor Vehicle in Transport,No,Non-Junction,Not an Intersection,On Roadway,,Daylight,Clear,No,Not Applicable,38.86477222,-104.75728056,EL PASO (41),COLORADO SPRINGS
80391,2021,1,0,0,2,2,0,3,3,Colorado,August,14,Saturday,10:00pm-10:59pm,9,Local Street - Municipality,Urban,Principal Arterial - Other,City or Municipal Highway Agency,This section IS ON the NHS,No Special Jurisdiction,Motor Vehicle In-Transport,Angle,No,Intersection,Four-Way Intersection,On Roadway,,Dark - Lighted,Rain,No,Not Applicable,38.90981667,-104.71068056,EL PASO (41),COLORADO SPRINGS
80392,2021,1,0,0,2,2,0,2,2,Colorado,August,17,Tuesday,10:00am-10:59am,11,Local Street - Municipality,Urban,Principal Arterial - Other,City or Municipal Highway Agency,This section IS ON the NHS,No Special Jurisdiction,Motor Vehicle In-Transport,Sideswipe - Same Direction,No,Intersection-Related,T-Intersection,On Roadway,,Daylight,Clear,No,Not Applicable,38.86580556,-104.75725556,EL PASO (41),COLORADO SPRINGS
80393,2021,1,0,0,1,1,0,1,1,Colorado,August,17,Tuesday,10:00pm-10:59pm,0,Local Street - Municipality,Urban,Principal Arterial - Other,City or Municipal Highway Agency,This section IS ON the NHS,No Special Jurisdiction,Rollover/Overturn,The First Harmful Event was Not a Collision with a Motor Vehicle in Transport,No,Intersection,Four-Way Intersection,On Roadway,,Dark - Lighted,Clear,No,Not Applicable,39.84910278,-104.97811111,ADAMS (1),THORNTON
80394,2021,1,1,1,1,1,0,1,1,Colorado,August,24,Tuesday,11:00am-11:59am,7,Local Street - Municipality,Urban,Local,City or Municipal Highway Agency,This section IS NOT on the NHS,No Special Jurisdiction,Pedalcyclist,The First Harmful Event was Not a Collision with a Motor Vehicle in Transport,No,Intersection,Four-Way Intersection,On Roadway,,Daylight,Clear,No,Not Applicable,38.83966667,-104.79014444,EL PASO (41),COLORADO SPRINGS
80395,2021,1,1,1,1,1,0,1,1,Colorado,August,25,Wednesday,6:00am-6:59am,40,Local Street - Municipality,Urban,Minor Arterial,City or Municipal Highway Agency,This section IS NOT on the NHS,No Special Jurisdiction,Pedestrian,The First Harmful Event was Not a Collision with a Motor Vehicle in Transport,No,Non-Junction,Not an Intersection,On Roadway,,Daylight,Clear,No,Not Applicable,38.84802778,-104.84706111,EL PASO (41),COLORADO SPRINGS
80396,2021,1,0,0,2,2,0,2,2,Colorado,August,28,Saturday,9:00pm-9:59pm,42,Local Street - Municipality,Urban,Principal Arterial - Other,City or Municipal Highway Agency,This section IS ON the NHS,No Special Jurisdiction,Motor Vehicle In-Transport,Angle,No,Intersection,Four-Way Intersection,On Roadway,,Dark - Lighted,Clear,No,Not Applicable,38.87693333,-104.75710556,EL PASO (41),COLORADO SPRINGS
80397,2021,1,0,0,1,1,0,2,2,Colorado,August,29,Sunday,0:00am-0:59am,29,Local Street - Municipality,Urban,Principal Arterial - Other,City or Municipal Highway Agency,This section IS ON the NHS,No Special Jurisdiction,Curb,The First Harmful Event was Not a Collision with a Motor Vehicle in Transport,No,Non-Junction,Not an Intersection,On Median,,Dark - Lighted,Clear,No,Not Applicable,38.88277778,-104.79076111,EL PASO (41),COLORADO SPRINGS
80398,2021,1,0,0,1,1,0,1,1,Colorado,August,24,Tuesday,11:00pm-11:59pm,45,U.S. Highway,Urban,Principal Arterial - Other,State Highway Agency,This section IS ON the NHS,No Special Jurisdiction,Curb,The First Harmful Event was Not a Collision with a Motor Vehicle in Transport,No,Non-Junction,Not an Intersection,On Roadside,,Dark - Lighted,Not Reported,No,Not Applicable,39.74006667,-104.98965556,DENVER (31),DENVER
80399,2021,1,0,0,3,2,1,3,3,Colorado,August,19,Thursday,7:00am-7:59am,51,Local Street - Municipality,Urban,Major Collector,City or Municipal Highway Agency,This section IS NOT on the NHS,No Special Jurisdiction,Motor Vehicle In-Transport,Angle,No,Intersection,Four-Way Intersection,On Roadway,,Daylight,Clear,No,Not Applicable,39.74396667,-105.02993333,DENVER (31),DENVER
80400,2021,1,0,0,2,1,1,1,1,Colorado,August,27,Friday,11:00pm-11:59pm,5,Local Street - Municipality,Urban,Local,City or Municipal Highway Agency,This section IS NOT on the NHS,No Special Jurisdiction,Parked Motor Vehicle,The First Harmful Event was Not a Collision with a Motor Vehicle in Transport,No,Non-Junction,Not an Intersection,In Parking Lane/Zone,,Dark - Lighted,Not Reported,No,Not Applicable,39.75468889,-104.84955556,ADAMS (1),AURORA
80401,2021,1,0,0,3,3,0,4,4,Colorado,August,9,Monday,7:00pm-7:59pm,12,Local Street - Municipality,Urban,Principal Arterial - Other,City or Municipal Highway Agency,This section IS ON the NHS,No Special Jurisdiction,Motor Vehicle In-Transport,Sideswipe - Same Direction,No,Non-Junction,Not an Intersection,On Roadway,,Daylight,Clear,No,Not Applicable,39.61303333,-105.02588333,ARAPAHOE (5),LITTLETON
80402,2021,1,0,0,2,2,0,4,4,Colorado,September,2,Thursday,7:00pm-7:59pm,35,U.S. Highway,Urban,Principal Arterial - Other Freeways and Expressways,State Highway Agency,This section IS ON the NHS,No Special Jurisdiction,Motor Vehicle In-Transport,Front-to-Front,No,Non-Junction,Not an Intersection,On Roadway,,Dark - Not Lighted,Clear,No,Not Applicable,38.27555556,-104.4692,PUEBLO (101),NOT APPLICABLE
80403,2021,1,0,0,2,2,0,3,3,Colorado,September,2,Thursday,7:00pm-7:59pm,48,Local Street - Municipality,Urban,Principal Arterial - Other,City or Municipal Highway Agency,This section IS ON the NHS,No Special Jurisdiction,Motor Vehicle In-Transport,Angle,No,Intersection,Four-Way Intersection,On Roadway,,Dusk,Not Reported,No,Not Applicable,39.72557778,-104.97292778,DENVER (31),DENVER
80404,2021,1,1,1,1,1,0,4,4,Colorado,September,3,Friday,4:00pm-4:59pm,15,Interstate,Rural,Interstate,State Highway Agency,This section IS ON the NHS,No Special Jurisdiction,Pedestrian,The First Harmful Event was Not a Collision with a Motor Vehicle in Transport,No,Non-Junction,Not an Intersection,On Roadway,,Daylight,Clear,No,Not Applicable,39.13753056,-108.31923611,MESA (77),NOT APPLICABLE
80405,2021,1,0,0,2,2,0,2,2,Colorado,September,2,Thursday,1:00pm-1:59pm,7,Local Street - Municipality,Urban,Principal Arterial - Other,City or Municipal Highway Agency,This section IS ON the NHS,No Special Jurisdiction,Motor Vehicle In-Transport,Angle,No,Intersection,T-Intersection,On Roadway,,Daylight,Clear,No,Not Applicable,38.89140556,-104.80205,EL PASO (41),COLORADO SPRINGS
80406,2021,1,1,1,1,1,0,1,1,Colorado,September,7,Tuesday,11:00pm-11:59pm,51,U.S. Highway,Urban,Principal Arterial - Other,State Highway Agency,This section IS ON the NHS,No Special Jurisdiction,Pedestrian,The First Harmful Event was Not a Collision with a Motor Vehicle in Transport,No,Intersection,Four-Way Intersection,On Roadway,,Dark - Lighted,Cloudy,No,Not Applicable,39.74020833,-104.88351111,ADAMS (1),AURORA
80407,2021,5,0,0,2,2,0,7,7,Colorado,September,8,Wednesday,9:00pm-9:59pm,26,U.S. Highway,Rural,Principal Arterial - Other,State Highway Agency,This section IS ON the NHS,No Special Jurisdiction,Motor Vehicle In-Transport,Angle,No,Intersection,Four-Way Intersection,On Roadway,,Dark - Lighted,Clear,No,Not Applicable,38.14316111,-102.72373889,PROWERS (99),NOT APPLICABLE
80408,2021,1,0,0,2,2,0,2,2,Colorado,September,9,Thursday,2:00am-2:59am,56,State Highway,Rural,Principal Arterial - Other,State Highway Agency,This section IS ON the NHS,No Special Jurisdiction,Motor Vehicle In-Transport,Front-to-Front,No,Non-Junction,Not an Intersection,On Roadway,,Dark - Not Lighted,Clear,No,Not Applicable,39.24870556,-104.69931667,DOUGLAS (35),NOT APPLICABLE
80409,2021,2,0,0,2,2,0,2,2,Colorado,September,11,Saturday,10:00pm-10:59pm,50,County Road,Rural,Major Collector,County Highway Agency,This section IS NOT on the NHS,No Special Jurisdiction,Motor Vehicle In-Transport,Front-to-Front,No,Non-Junction,Not an Intersection,On Roadway,,Dark - Not Lighted,Clear,No,Not Applicable,39.3796,-104.68133333,DOUGLAS (35),NOT APPLICABLE
80410,2021,1,0,0,1,1,0,3,3,Colorado,September,11,Saturday,11:00pm-11:59pm,30,County Road,Rural,Major Collector,County Highway Agency,This section IS NOT on the NHS,No Special Jurisdiction,Culvert,The First Harmful Event was Not a Collision with a Motor Vehicle in Transport,No,Intersection-Related,T-Intersection,On Roadside,,Dark - Not Lighted,Clear,No,Not Applicable,38.25461111,-104.49657222,PUEBLO (101),NOT APPLICABLE
80411,2021,1,0,0,2,2,0,5,5,Colorado,September,13,Monday,7:00pm-7:59pm,35,U.S. Highway,Rural,Principal Arterial - Other,State Highway Agency,This section IS ON the NHS,No Special Jurisdiction,Motor Vehicle In-Transport,Angle,No,Driveway Access Related,Not an Intersection,On Roadway,,Dusk,Clear,No,Not Applicable,37.27208889,-108.6337,MONTEZUMA (83),NOT APPLICABLE
80412,2021,1,0,0,1,1,0,1,1,Colorado,September,4,Saturday,8:00pm-8:59pm,5,Local Street - Municipality,Urban,Major Collector,City or Municipal Highway Agency,This section IS NOT on the NHS,No Special Jurisdiction,Curb,The First Harmful Event was Not a Collision with a Motor Vehicle in Transport,No,Intersection-Related,T-Intersection,On Median,,Dark - Not Lighted,Clear,No,Not Applicable,39.05706667,-108.64480556,MESA (77),GRAND JUNCTION
80413,2021,1,0,0,1,1,0,1,1,Colorado,September,11,Saturday,8:00am-8:59am,30,U.S. Highway,Rural,Principal Arterial - Other,State Highway Agency,This section IS ON the NHS,No Special Jurisdiction,"Post, Pole or Other Supports",The First Harmful Event was Not a Collision with a Motor Vehicle in Transport,No,Non-Junction,Not an Intersection,On Median,,Daylight,Clear,No,Not Applicable,37.22671667,-107.68676389,LA PLATA (67),NOT APPLICABLE
80414,2021,1,0,0,1,1,0,2,2,Colorado,September,11,Saturday,3:00pm-3:59pm,40,U.S. Highway,Rural,Principal Arterial - Other,State Highway Agency,This section IS ON the NHS,No Special Jurisdiction,Cable Barrier,The First Harmful Event was Not a Collision with a Motor Vehicle in Transport,No,Non-Junction,Not an Intersection,On Median,,Daylight,Cloudy,No,Not Applicable,39.55403889,-105.24086111,JEFFERSON (59),NOT APPLICABLE
80415,2021,1,0,0,1,1,0,1,1,Colorado,September,14,Tuesday,11:00pm-11:59pm,0,Local Street - Municipality,Urban,Major Collector,City or Municipal Highway Agency,This section IS NOT on the NHS,No Special Jurisdiction,Rollover/Overturn,The First Harmful Event was Not a Collision with a Motor Vehicle in Transport,No,Non-Junction,Not an Intersection,On Roadway,,Dark - Not Lighted,Clear,No,Not Applicable,39.69697778,-105.19363333,JEFFERSON (59),LAKEWOOD
80416,2021,1,0,0,2,2,0,2,2,Colorado,September,15,Wednesday,8:00am-8:59am,46,County Road,Rural,Minor Collector,County Highway Agency,This section IS NOT on the NHS,No Special Jurisdiction,Motor Vehicle In-Transport,Angle,No,Intersection,Four-Way Intersection,On Roadway,,Daylight,Clear,No,Not Applicable,40.23434167,-102.66168056,YUMA (125),NOT APPLICABLE
80417,2021,1,0,0,1,1,0,1,1,Colorado,September,15,Wednesday,2:00pm-2:59pm,53,Interstate,Urban,Interstate,State Highway Agency,This section IS ON the NHS,No Special Jurisdiction,Rollover/Overturn,The First Harmful Event was Not a Collision with a Motor Vehicle in Transport,Yes,Entrance/Exit Ramp Related,Not an Intersection,On Roadside,,Daylight,Clear,No,Not Applicable,38.99040556,-104.817,EL PASO (41),NOT APPLICABLE
80418,2021,2,0,0,2,2,0,2,2,Colorado,September,17,Friday,0:00am-0:59am,24,U.S. Highway,Rural,Principal Arterial - Other,State Highway Agency,This section IS ON the NHS,No Special Jurisdiction,Motor Vehicle In-Transport,Front-to-Front,No,Non-Junction,Not an Intersection,On Roadway,,Dark - Not Lighted,Clear,No,Not Applicable,39.02626111,-104.37123333,EL PASO (41),NOT APPLICABLE
80419,2021,1,1,1,1,1,0,1,1,Colorado,September,17,Friday,7:00am-7:59am,45,Interstate,Rural,Interstate,State Highway Agency,This section IS ON the NHS,No Special Jurisdiction,Pedestrian,The First Harmful Event was Not a Collision with a Motor Vehicle in Transport,No,Non-Junction,Not an Intersection,On Roadway,,Daylight,Clear,No,Not Applicable,37.08333333,-104.52015,LAS ANIMAS (71),NOT APPLICABLE
80420,2021,1,0,0,2,1,1,1,1,Colorado,September,17,Friday,8:00am-8:59am,58,Interstate,Urban,Interstate,State Highway Agency,This section IS ON the NHS,No Special Jurisdiction,Parked Motor Vehicle,The First Harmful Event was Not a Collision with a Motor Vehicle in Transport,No,Non-Junction,Not an Intersection,On Shoulder,,Daylight,Cloudy,No,Not Applicable,40.08195,-104.98033889,WELD (123),DACONO
80421,2021,1,1,1,1,1,0,1,1,Colorado,September,17,Friday,10:00am-10:59am,53,Local Street - Frontage Road,Rural,Interstate,State Highway Agency,This section IS ON the NHS,No Special Jurisdiction,Pedalcyclist,The First Harmful Event was Not a Collision with a Motor Vehicle in Transport,No,Non-Junction,Not an Intersection,On Roadway,,Daylight,Clear,No,Not Applicable,39.28985556,-104.89485556,DOUGLAS (35),NOT APPLICABLE
80422,2021,2,0,0,2,2,0,3,3,Colorado,September,19,Sunday,0:00am-0:59am,34,Local Street - Municipality,Urban,Local,City or Municipal Highway Agency,This section IS NOT on the NHS,No Special Jurisdiction,Motor Vehicle In-Transport,Angle,No,Driveway Access Related,Not an Intersection,On Roadway,,Dark - Lighted,Clear,No,Not Applicable,39.76921111,-104.75743333,ADAMS (1),AURORA
80423,2021,1,0,0,1,1,0,1,1,Colorado,September,19,Sunday,4:00am-4:59am,35,Interstate,Urban,Interstate,State Highway Agency,This section IS ON the NHS,No Special Jurisdiction,Rollover/Overturn,The First Harmful Event was Not a Collision with a Motor Vehicle in Transport,No,Non-Junction,Not an Intersection,On Roadside,,Dark - Lighted,Clear,No,Not Applicable,38.98083333,-104.8103,EL PASO (41),NOT APPLICABLE
80424,2021,1,0,0,1,1,0,2,2,Colorado,September,19,Sunday,8:00pm-8:59pm,49,Interstate,Urban,Interstate,State Highway Agency,This section IS ON the NHS,No Special Jurisdiction,Rollover/Overturn,The First Harmful Event was Not a Collision with a Motor Vehicle in Transport,Yes,Other location within Interchange Area,Not an Intersection,On Roadside,,Dark - Lighted,Clear,No,Not Applicable,39.72777778,-104.82444444,ARAPAHOE (5),AURORA
80425,2021,1,0,0,1,1,0,1,1,Colorado,September,19,Sunday,10:00pm-10:59pm,50,U.S. Highway,Rural,Principal Arterial - Other,State Highway Agency,This section IS ON the NHS,No Special Jurisdiction,Utility Pole/Light Support,The First Harmful Event was Not a Collision with a Motor Vehicle in Transport,No,Non-Junction,Not an Intersection,On Roadside,,Dark - Not Lighted,Clear,No,Not Applicable,37.13733056,-105.99741667,CONEJOS (21),NOT APPLICABLE
80426,2021,1,0,0,1,1,0,1,1,Colorado,September,21,Tuesday,8:00am-8:59am,0,U.S. Highway,Rural,Principal Arterial - Other,State Highway Agency,This section IS ON the NHS,No Special Jurisdiction,Wall,The First Harmful Event was Not a Collision with a Motor Vehicle in Transport,No,Driveway Access Related,Not an Intersection,On Roadside,,Daylight,Clear,No,Not Applicable,37.45040556,-106.88862222,MINERAL (79),NOT APPLICABLE
80427,2021,1,1,1,1,1,0,1,1,Colorado,September,20,Monday,9:00pm-9:59pm,40,Local Street - Municipality,Urban,Minor Arterial,City or Municipal Highway Agency,This section IS NOT on the NHS,No Special Jurisdiction,Pedestrian,The First Harmful Event was Not a Collision with a Motor Vehicle in Transport,No,Intersection-Related,Four-Way Intersection,On Roadway,,Dark - Lighted,Cloudy,No,Not Applicable,40.42164444,-105.07742222,LARIMER (69),LOVELAND
80428,2021,1,0,0,2,2,0,2,2,Colorado,September,21,Tuesday,8:00am-8:59am,53,U.S. Highway,Urban,Principal Arterial - Other,State Highway Agency,This section IS ON the NHS,No Special Jurisdiction,Motor Vehicle In-Transport,Angle,No,Intersection,T-Intersection,On Roadway,,Daylight,Clear,No,Not Applicable,39.74033889,-105.08373889,JEFFERSON (59),LAKEWOOD
80429,2021,1,0,0,2,2,0,4,4,Colorado,September,16,Thursday,6:00pm-6:59pm,0,U.S. Highway,Rural,Principal Arterial - Other,State Highway Agency,This section IS ON the NHS,No Special Jurisdiction,Motor Vehicle In-Transport,Angle,No,Entrance/Exit Ramp Related,Not an Intersection,On Roadway,,Daylight,Clear,No,Not Applicable,38.49780278,-106.32654167,CHAFFEE (15),NOT APPLICABLE
80430,2021,2,0,0,2,2,0,3,3,Colorado,September,21,Tuesday,7:00pm-7:59pm,24,Local Street - Municipality,Urban,Minor Arterial,City or Municipal Highway Agency,This section IS NOT on the NHS,No Special Jurisdiction,Motor Vehicle In-Transport,Front-to-Rear,No,Non-Junction,Not an Intersection,On Roadway,,Dusk,Clear,No,Not Applicable,40.12984444,-104.94188889,WELD (123),FREDERICK
80431,2021,1,0,0,1,1,0,1,1,Colorado,September,22,Wednesday,9:00pm-9:59pm,15,County Road,Rural,Minor Collector,County Highway Agency,This section IS NOT on the NHS,No Special Jurisdiction,Rollover/Overturn,The First Harmful Event was Not a Collision with a Motor Vehicle in Transport,No,Non-Junction,Not an Intersection,On Roadside,,Dark - Not Lighted,Clear,No,Not Applicable,39.26443056,-105.82544444,PARK (93),NOT APPLICABLE