ST_CASE,YEAR,FATALS,PEDS,PERNOTMVIT,VE_TOTAL,VE_FORMS,PVH_INVL,PERSONS,PERMVIT,STATENAME,MONTHNAME,DAYNAME,DAY_WEEKNAME,HOURNAME,MINUTENAME,ROUTENAME,RUR_URBNAME,FUNC_SYSNAME,RD_OWNERNAME,NHSNAME,SP_JURNAME,HARM_EVNAME,MAN_COLLNAME,RELJCT1NAME,RELJCT2NAME,TYP_INTNAME,REL_ROADNAME,WRK_ZONENAME,LGT_CONDNAME,WEATHERNAME,SCH_BUSNAME,RAILNAME,LATITUDE,LONGITUD,COUNTYNAME,CITYNAME
80497,2021,1,0,0,1,1,0,1,1,Colorado,October,17,Sunday,10:00pm-10:59pm,57,County Road,Rural,Major Collector,County Highway Agency,This section IS NOT on the NHS,No Special Jurisdiction,Fence,The First Harmful Event was Not a Collision with a Motor Vehicle in Transport,No,Non-Junction,Not an Intersection,Outside Trafficway,,Dark - Not Lighted,Clear,No,Not Applicable,37.51888889,-105.9661,ALAMOSA (3),NOT APPLICABLE
80498,2021,1,0,0,1,1,0,2,2,Colorado,October,12,Tuesday,8:00pm-8:59pm,10,Interstate,Rural,Interstate,State Highway Agency,This section IS ON the NHS,No Special Jurisdiction,"Post, Pole or Other Supports",The First Harmful Event was Not a Collision with a Motor Vehicle in Transport,Yes,Entrance/Exit Ramp Related,Not an Intersection,On Roadside,,Dark - Lighted,Clear,No,Not Applicable,39.46926667,-104.87244444,DOUGLAS (35),NOT APPLICABLE
80499,2021,1,1,1,1,1,0,1,1,Colorado,October,15,Friday,6:00pm-6:59pm,52,Local Street - Municipality,Urban,Minor Arterial,City or Municipal Highway Agency,This section IS NOT on the NHS,No Special Jurisdiction,Pedestrian,The First Harmful Event was Not a Collision with a Motor Vehicle in Transport,No,Non-Junction,Not an Intersection,On Roadway,,Dark - Not Lighted,Clear,No,Not Applicable,40.52375,-105.05197222,LARIMER (69),FORT COLLINS
80500,2021,1,0,0,1,1,0,1,1,Colorado,October,19,Tuesday,6:00am-6:59am,50,State Highway,Rural,Principal Arterial - Other,State Highway Agency,This section IS ON the NHS,No Special Jurisdiction,"Post, Pole or Other Supports",The First Harmful Event was Not a Collision with a Motor Vehicle in Transport,No,Non-Junction,Not an Intersection,On Roadside,,Dark - Not Lighted,Clear,No,Not Applicable,40.842525,-103.68925,WELD (123),NOT APPLICABLE
80501,2021,1,0,0,1,1,0,1,1,Colorado,October,12,Tuesday,3:00pm-3:59pm,39,Local Street - Municipality,Urban,Minor Arterial,City or Municipal Highway Agency,This section IS NOT on the NHS,No Special Jurisdiction,Traffic Sign Support,The First Harmful Event was Not a Collision with a Motor Vehicle in Transport,No,Non-Junction,Not an Intersection,On Roadside,,Daylight,Cloudy,No,Not Applicable,40.39223056,-105.10680833,LARIMER (69),LOVELAND
80502,2021,1,1,1,1,1,0,1,1,Colorado,October,12,Tuesday,7:00pm-7:59pm,18,Local Street - Municipality,Urban,Minor Arterial,City or Municipal Highway Agency,This section IS NOT on the NHS,No Special Jurisdiction,Pedestrian,The First Harmful Event was Not a Collision with a Motor Vehicle in Transport,No,Intersection-Related,T-Intersection,On Roadway,,Dark - Lighted,Clear,No,Not Applicable,38.73301111,-104.6957,EL PASO (41),FOUNTAIN
80503,2021,1,0,0,1,1,0,1,1,Colorado,October,20,Wednesday,8:00pm-8:59pm,25,U.S. Highway,Urban,Principal Arterial - Other Freeways and Expressways,State Highway Agency,This section IS ON the NHS,No Special Jurisdiction,Guardrail Face,The First Harmful Event was Not a Collision with a Motor Vehicle in Transport,No,Non-Junction,Not an Intersection,On Roadside,,Dark - Lighted,Clear,No,Not Applicable,38.32345,-104.70027778,PUEBLO (101),NOT APPLICABLE
80504,2021,1,0,0,1,1,0,1,1,Colorado,October,21,Thursday,7:00am-7:59am,48,County Road,Rural,Major Collector,County Highway Agency,This section IS NOT on the NHS,No Special Jurisdiction,Live Animal,The First Harmful Event was Not a Collision with a Motor Vehicle in Transport,No,Non-Junction,Not an Intersection,On Roadway,,Daylight,Clear,No,Not Applicable,39.27166667,-104.95592222,DOUGLAS (35),NOT APPLICABLE
80505,2021,1,0,0,1,1,0,1,1,Colorado,October,30,Saturday,0:00am-0:59am,33,Local Street - Municipality,Urban,Local,City or Municipal Highway Agency,This section IS NOT on the NHS,No Special Jurisdiction,Curb,The First Harmful Event was Not a Collision with a Motor Vehicle in Transport,No,Non-Junction,Not an Intersection,On Roadside,,Dark - Lighted,Not Reported,No,Not Applicable,39.72566667,-104.87886667,ARAPAHOE (5),AURORA
80506,2021,1,0,0,2,2,0,3,3,Colorado,October,21,Thursday,5:00pm-5:59pm,30,County Road,Rural,Local,County Highway Agency,This section IS NOT on the NHS,No Special Jurisdiction,Motor Vehicle In-Transport,Front-to-Rear,No,Non-Junction,Not an Intersection,On Roadway,,Daylight,Clear,No,Not Applicable,40.14280556,-102.69980833,YUMA (125),NOT APPLICABLE
80507,2021,1,0,0,5,1,4,1,1,Colorado,October,2,Saturday,0:00am-0:59am,5,Local Street - Municipality,Urban,Principal Arterial - Other,City or Municipal Highway Agency,This section IS ON the NHS,No Special Jurisdiction,Parked Motor Vehicle,The First Harmful Event was Not a Collision with a Motor Vehicle in Transport,No,Non-Junction,Not an Intersection,In Parking Lane/Zone,,Dark - Lighted,Not Reported,No,Not Applicable,39.68869444,-104.98741667,DENVER (31),DENVER
80508,2021,1,0,0,2,2,0,2,2,Colorado,October,15,Friday,4:00pm-4:59pm,16,Local Street - Municipality,Urban,Major Collector,City or Municipal Highway Agency,This section IS NOT on the NHS,No Special Jurisdiction,Motor Vehicle In-Transport,Angle,No,Intersection,Four-Way Intersection,On Roadway,,Daylight,Not Reported,No,Not Applicable,39.77415556,-105.01590278,DENVER (31),DENVER
80509,2021,1,1,1,1,1,0,2,2,Colorado,October,15,Friday,9:00pm-9:59pm,42,U.S. Highway,Urban,Principal Arterial - Other,State Highway Agency,This section IS ON the NHS,No Special Jurisdiction,Pedestrian,The First Harmful Event was Not a Collision with a Motor Vehicle in Transport,No,Intersection-Related,Four-Way Intersection,On Roadway,,Dark - Lighted,Clear,No,Not Applicable,37.24273333,-107.87258889,LA PLATA (67),DURANGO
80510,2021,1,0,0,1,1,0,3,3,Colorado,October,18,Monday,0:00am-0:59am,33,Local Street - Municipality,Urban,Principal Arterial - Other,City or Municipal Highway Agency,This section IS ON the NHS,No Special Jurisdiction,Curb,The First Harmful Event was Not a Collision with a Motor Vehicle in Transport,No,Non-Junction,Not an Intersection,On Median,,Dark - Lighted,Clear,No,Not Applicable,39.8904,-105.05308333,JEFFERSON (59),WESTMINSTER
80511,2021,1,0,0,1,1,0,2,2,Colorado,October,25,Monday,4:00pm-4:59pm,45,U.S. Highway,Rural,Principal Arterial - Other,State Highway Agency,This section IS ON the NHS,No Special Jurisdiction,Fence,The First Harmful Event was Not a Collision with a Motor Vehicle in Transport,No,Non-Junction,Not an Intersection,Outside Trafficway,,Daylight,Clear,No,Not Applicable,39.45227222,-105.42448333,PARK (93),NOT APPLICABLE
80512,2021,1,0,0,2,2,0,3,3,Colorado,October,2,Saturday,10:00am-10:59am,15,State Highway,Rural,Minor Arterial,State Highway Agency,This section IS NOT on the NHS,No Special Jurisdiction,Motor Vehicle In-Transport,Front-to-Front,No,Non-Junction,Not an Intersection,On Roadway,,Daylight,Clear,No,Not Applicable,39.4316,-106.16486111,SUMMIT (117),NOT APPLICABLE
80513,2021,1,0,0,2,2,0,2,2,Colorado,October,20,Wednesday,3:00pm-3:59pm,29,U.S. Highway,Rural,Principal Arterial - Other,State Highway Agency,This section IS ON the NHS,No Special Jurisdiction,Motor Vehicle In-Transport,Front-to-Front,No,Non-Junction,Not an Intersection,On Roadway,,Daylight,Clear,No,Not Applicable,40.698325,-104.77718056,WELD (123),NUNN
80514,2021,2,1,1,2,2,0,4,4,Colorado,October,26,Tuesday,11:00am-11:59am,45,Local Street - Municipality,Urban,Principal Arterial - Other,City or Municipal Highway Agency,This section IS ON the NHS,No Special Jurisdiction,Motor Vehicle In-Transport,Angle,No,Intersection,Four-Way Intersection,On Roadway,,Daylight,Clear,No,Not Applicable,39.98683889,-104.7561,ADAMS (1),BRIGHTON
80515,2021,1,0,0,2,2,0,2,2,Colorado,October,28,Thursday,4:00pm-4:59pm,58,State Highway,Rural,Minor Arterial,State Highway Agency,This section IS NOT on the NHS,No Special Jurisdiction,Motor Vehicle In-Transport,Angle,No,Intersection,Four-Way Intersection,On Roadway,,Daylight,Clear,Yes,Not Applicable,40.47963889,-104.8515,WELD (123),NOT APPLICABLE
80516,2021,1,0,0,1,1,0,1,1,Colorado,October,25,Monday,10:00pm-10:59pm,43,Interstate,Urban,Interstate,State Highway Agency,This section IS ON the NHS,No Special Jurisdiction,Utility Pole/Light Support,The First Harmful Event was Not a Collision with a Motor Vehicle in Transport,Yes,Entrance/Exit Ramp Related,Not an Intersection,On Roadside,,Dark - Lighted,Clear,No,Not Applicable,38.21625556,-104.62261944,PUEBLO (101),PUEBLO
80517,2021,1,0,0,3,3,0,5,5,Colorado,October,28,Thursday,10:00am-10:59am,48,Local Street - Municipality,Urban,Minor Arterial,City or Municipal Highway Agency,This section IS NOT on the NHS,No Special Jurisdiction,Motor Vehicle In-Transport,Angle,No,Intersection,Four-Way Intersection,On Roadway,,Daylight,Clear,No,Not Applicable,40.17404722,-105.07423333,BOULDER (13),LONGMONT
80518,2021,1,0,0,1,1,0,1,1,Colorado,October,4,Monday,2:00am-2:59am,34,State Highway,Urban,Principal Arterial - Other,State Highway Agency,This section IS ON the NHS,No Special Jurisdiction,Curb,The First Harmful Event was Not a Collision with a Motor Vehicle in Transport,Yes,Intersection-Related,Four-Way Intersection,On Median,Construction,Dark - Lighted,Not Reported,No,Not Applicable,39.77913889,-104.940875,DENVER (31),DENVER
80519,2021,1,1,1,1,1,0,1,1,Colorado,October,28,Thursday,7:00pm-7:59pm,51,Local Street - Municipality,Urban,Principal Arterial - Other,City or Municipal Highway Agency,This section IS ON the NHS,No Special Jurisdiction,Pedestrian,The First Harmful Event was Not a Collision with a Motor Vehicle in Transport,No,Non-Junction,Not an Intersection,On Roadway,,Dark - Lighted,Clear,No,Not Applicable,39.74527778,-104.847075,ADAMS (1),AURORA
80520,2021,1,0,0,1,1,0,1,1,Colorado,October,29,Friday,5:00pm-5:59pm,25,County Road,Rural,Local,County Highway Agency,This section IS NOT on the NHS,No Special Jurisdiction,Tree (Standing Only),The First Harmful Event was Not a Collision with a Motor Vehicle in Transport,No,Non-Junction,Not an Intersection,On Roadside,,Dark - Not Lighted,Clear,No,Not Applicable,39.98015556,-105.33214722,BOULDER (13),NOT APPLICABLE
80521,2021,4,0,0,2,2,0,4,4,Colorado,October,30,Saturday,2:00am-2:59am,30,U.S. Highway,Rural,Principal Arterial - Other,State Highway Agency,This section IS ON the NHS,No Special Jurisdiction,Motor Vehicle In-Transport,Front-to-Front,No,Non-Junction,Not an Intersection,On Roadway,,Dark - Not Lighted,Clear,No,Not Applicable,40.95087222,-104.79559167,WELD (123),NOT APPLICABLE
80522,2021,1,1,1,1,1,0,1,1,Colorado,October,31,Sunday,6:00pm-6:59pm,14,Local Street - Municipality,Urban,Principal Arterial - Other,City or Municipal Highway Agency,This section IS ON the NHS,No Special Jurisdiction,Pedestrian,The First Harmful Event was Not a Collision with a Motor Vehicle in Transport,No,Intersection-Related,Four-Way Intersection,On Roadway,,Dark - Lighted,Clear,No,Not Applicable,39.65115833,-104.80988333,ARAPAHOE (5),AURORA
80523,2021,1,1,1,1,1,0,1,1,Colorado,October,22,Friday,8:00am-8:59am,47,U.S. Highway,Urban,Principal Arterial - Other,State Highway Agency,This section IS ON the NHS,No Special Jurisdiction,Pedestrian,The First Harmful Event was Not a Collision with a Motor Vehicle in Transport,No,Non-Junction,Not an Intersection,On Roadway,,Daylight,Clear,No,Not Applicable,40.60847222,-105.07657222,LARIMER (69),FORT COLLINS
80524,2021,1,0,0,1,1,0,1,1,Colorado,October,20,Wednesday,5:00pm-5:59pm,15,State Highway,Rural,Principal Arterial - Other,State Highway Agency,This section IS ON the NHS,No Special Jurisdiction,Rollover/Overturn,The First Harmful Event was Not a Collision with a Motor Vehicle in Transport,No,Intersection-Related,Four-Way Intersection,On Roadway,,Daylight,Clear,No,Not Applicable,39.95321111,-105.23220278,BOULDER (13),NOT APPLICABLE
80525,2021,1,0,0,2,2,0,2,2,Colorado,October,29,Friday,4:00pm-4:59pm,28,U.S. Highway,Urban,Principal Arterial - Other,State Highway Agency,This section IS ON the NHS,No Special Jurisdiction,Motor Vehicle In-Transport,Angle,No,Intersection,Four-Way Intersection,On Roadway,,Daylight,Clear,No,Not Applicable,39.04305556,-108.55234444,MESA (77),GRAND JUNCTION
80526,2021,1,1,1,1,1,0,1,1,Colorado,October,29,Friday,7:00pm-7:59pm,13,Local Street - Municipality,Urban,Minor Arterial,City or Municipal Highway Agency,This section IS NOT on the NHS,No Special Jurisdiction,Pedestrian,The First Harmful Event was Not a Collision with a Motor Vehicle in Transport,No,Non-Junction,Not an Intersection,On Roadway,,Dark - Lighted,Clear,No,Not Applicable,38.2441,-104.60868333,PUEBLO (101),PUEBLO
80527,2021,1,0,0,1,1,0,1,1,Colorado,October,31,Sunday,6:00pm-6:59pm,11,County Road,Urban,Major Collector,City or Municipal Highway Agency,This section IS NOT on the NHS,No Special Jurisdiction,Rollover/Overturn,The First Harmful Event was Not a Collision with a Motor Vehicle in Transport,No,Non-Junction,Not an Intersection,On Roadside,,Dark - Not Lighted,Clear,No,Not Applicable,40.1165,-104.91333333,WELD (123),FIRESTONE
80528,2021,1,0,0,1,1,0,1,1,Colorado,October,5,Tuesday,5:00pm-5:59pm,34,Local Street - Municipality,Urban,Principal Arterial - Other,City or Municipal Highway Agency,This section IS ON the NHS,No Special Jurisdiction,Curb,The First Harmful Event was Not a Collision with a Motor Vehicle in Transport,No,Non-Junction,Not an Intersection,On Roadside,,Daylight,Clear,No,Not Applicable,39.76566111,-104.98501111,DENVER (31),DENVER
80529,2021,1,0,0,2,2,0,3,3,Colorado,October,14,Thursday,4:00pm-4:59pm,59,Local Street - Municipality,Urban,Minor Arterial,City or Municipal Highway Agency,This section IS NOT on the NHS,No Special Jurisdiction,Motor Vehicle In-Transport,Front-to-Front,No,Non-Junction,Not an Intersection,On Roadway,,Daylight,Cloudy,No,Not Applicable,40.48305556,-106.82697222,ROUTT (107),STEAMBOAT SPRINGS
80530,2021,1,1,1,1,1,0,1,1,Colorado,October,24,Sunday,0:00am-0:59am,12,Interstate,Urban,Interstate,State Highway Agency,This section IS ON the NHS,No Special Jurisdiction,Pedestrian,The First Harmful Event was Not a Collision with a Motor Vehicle in Transport,Yes,Other location within Interchange Area,Not an Intersection,On Shoulder,,Dark - Lighted,Not Reported,No,Not Applicable,39.78295556,-104.99932222,DENVER (31),DENVER
80531,2021,1,0,0,4,4,0,4,4,Colorado,October,15,Friday,5:00pm-5:59pm,3,Local Street - Municipality,Urban,Principal Arterial - Other,City or Municipal Highway Agency,This section IS ON the NHS,No Special Jurisdiction,Motor Vehicle In-Transport,Sideswipe - Same Direction,No,Intersection-Related,T-Intersection,On Roadway,,Daylight,Clear,No,Not Applicable,38.88641667,-104.75705,EL PASO (41),COLORADO SPRINGS
80532,2021,1,0,0,1,1,0,2,2,Colorado,October,23,Saturday,10:00pm-10:59pm,14,Local Street - Municipality,Urban,Principal Arterial - Other,City or Municipal Highway Agency,This section IS ON the NHS,No Special Jurisdiction,Curb,The First Harmful Event was Not a Collision with a Motor Vehicle in Transport,No,Non-Junction,Not an Intersection,On Roadside,,Dark - Lighted,Clear,No,Not Applicable,38.90373056,-104.85801111,EL PASO (41),COLORADO SPRINGS
80533,2021,1,0,0,1,1,0,1,1,Colorado,October,31,Sunday,2:00am-2:59am,53,Local Street - Municipality,Urban,Principal Arterial - Other,City or Municipal Highway Agency,This section IS ON the NHS,No Special Jurisdiction,Concrete Traffic Barrier,The First Harmful Event was Not a Collision with a Motor Vehicle in Transport,No,Non-Junction,Not an Intersection,On Roadside,,Dark - Lighted,Clear,No,Not Applicable,38.79827778,-104.78403333,EL PASO (41),COLORADO SPRINGS
80534,2021,1,0,0,1,1,0,1,1,Colorado,August,31,Tuesday,5:00pm-5:59pm,20,State Highway,Urban,Principal Arterial - Other Freeways and Expressways,State Highway Agency,This section IS ON the NHS,No Special Jurisdiction,Rollover/Overturn,The First Harmful Event was Not a Collision with a Motor Vehicle in Transport,Yes,Other location within Interchange Area,Not an Intersection,Gore,,Daylight,Clear,No,Not Applicable,39.68576944,-105.18838889,JEFFERSON (59),NOT APPLICABLE
80535,2021,1,1,1,1,1,0,3,3,Colorado,September,17,Friday,12:00pm-12:59pm,21,Local Street - Municipality,Urban,Minor Arterial,City or Municipal Highway Agency,This section IS NOT on the NHS,No Special Jurisdiction,Pedestrian,The First Harmful Event was Not a Collision with a Motor Vehicle in Transport,No,Intersection-Related,Four-Way Intersection,On Roadway,,Daylight,Clear,No,Not Applicable,40.02192222,-105.26099444,BOULDER (13),BOULDER
80536,2021,1,0,0,2,2,0,3,3,Colorado,November,3,Wednesday,5:00am-5:59am,39,Interstate,Rural,Interstate,State Highway Agency,This section IS ON the NHS,No Special Jurisdiction,Rollover/Overturn,The First Harmful Event was Not a Collision with a Motor Vehicle in Transport,No,Non-Junction,Not an Intersection,On Median,,Dark - Not Lighted,Clear,No,Not Applicable,39.29391667,-102.75855556,KIT CARSON (63),NOT APPLICABLE
80537,2021,1,0,0,1,1,0,1,1,Colorado,November,3,Wednesday,3:00pm-3:59pm,23,Interstate,Rural,Interstate,State Highway Agency,This section IS ON the NHS,No Special Jurisdiction,Rollover/Overturn,The First Harmful Event was Not a Collision with a Motor Vehicle in Transport,No,Non-Junction,Not an Intersection,On Median,,Daylight,Clear,No,Not Applicable,39.29433333,-102.80852778,KIT CARSON (63),NOT APPLICABLE
80538,2021,1,0,0,1,1,0,1,1,Colorado,November,3,Wednesday,3:00pm-3:59pm,57,Interstate,Rural,Interstate,State Highway Agency,This section IS ON the NHS,No Special Jurisdiction,Boulder,The First Harmful Event was Not a Collision with a Motor Vehicle in Transport,No,Non-Junction,Not an Intersection,On Roadside,,Daylight,Clear,No,Not Applicable,39.68070556,-106.77367222,EAGLE (37),NOT APPLICABLE
80539,2021,1,0,0,2,2,0,2,2,Colorado,November,3,Wednesday,5:00pm-5:59pm,4,Local Street - Municipality,Urban,Minor Arterial,City or Municipal Highway Agency,This section IS NOT on the NHS,No Special Jurisdiction,Motor Vehicle In-Transport,Angle,No,Driveway Access Related,Not an Intersection,On Roadway,,Daylight,Clear,No,Not Applicable,39.78512778,-105.00638333,DENVER (31),DENVER
80540,2021,1,0,0,1,1,0,1,1,Colorado,November,4,Thursday,5:00am-5:59am,29,Interstate,Urban,Interstate,State Highway Agency,This section IS ON the NHS,No Special Jurisdiction,"Post, Pole or Other Supports",The First Harmful Event was Not a Collision with a Motor Vehicle in Transport,No,Non-Junction,Not an Intersection,On Median,,Dark - Lighted,Clear,No,Not Applicable,39.72156667,-104.82580556,ARAPAHOE (5),AURORA
80541,2021,1,0,0,2,2,0,2,2,Colorado,November,6,Saturday,7:00pm-7:59pm,50,Local Street - Municipality,Urban,Principal Arterial - Other,City or Municipal Highway Agency,This section IS ON the NHS,No Special Jurisdiction,Motor Vehicle In-Transport,Angle,No,Intersection,Four-Way Intersection,On Roadway,,Dark - Lighted,Clear,No,Not Applicable,39.696525,-104.82391389,ARAPAHOE (5),AURORA
80542,2021,1,0,0,2,2,0,2,2,Colorado,November,7,Sunday,11:00am-11:59am,3,County Road,Rural,Minor Collector,County Highway Agency,This section IS NOT on the NHS,No Special Jurisdiction,Motor Vehicle In-Transport,Front-to-Front,No,Non-Junction,Not an Intersection,On Roadway,,Daylight,Clear,No,Not Applicable,40.52246944,-105.25830556,LARIMER (69),NOT APPLICABLE
80543,2021,1,0,0,2,2,0,2,2,Colorado,November,5,Friday,6:00pm-6:59pm,28,U.S. Highway,Urban,Principal Arterial - Other,State Highway Agency,This section IS ON the NHS,No Special Jurisdiction,Motor Vehicle In-Transport,Angle,No,Intersection,T-Intersection,On Roadway,,Dusk,Not Reported,No,Not Applicable,39.74010833,-104.91947222,DENVER (31),DENVER
80544,2021,1,1,1,1,1,0,1,1,Colorado,November,11,Thursday,4:00am-4:59am,53,County Road,Urban,Major Collector,County Highway Agency,This section IS NOT on the NHS,No Special Jurisdiction,Pedestrian,The First Harmful Event was Not a Collision with a Motor Vehicle in Transport,No,Non-Junction,Not an Intersection,On Roadway,,Dark - Not Lighted,Clear,No,Not Applicable,40.63428056,-103.24009444,LOGAN (75),NOT APPLICABLE
80545,2021,1,0,0,2,2,0,3,3,Colorado,November,12,Friday,5:00am-5:59am,17,State Highway,Rural,Major Collector,State Highway Agency,This section IS NOT on the NHS,No Special Jurisdiction,Motor Vehicle In-Transport,Front-to-Rear,No,Non-Junction,Not an Intersection,On Roadway,,Dark - Not Lighted,Clear,No,Not Applicable,40.478875,-104.51827778,WELD (123),NOT APPLICABLE
80546,2021,1,0,0,2,2,0,2,2,Colorado,November,12,Friday,4:00pm-4:59pm,50,U.S. Highway,Rural,Principal Arterial - Other,State Highway Agency,This section IS ON the NHS,No Special Jurisdiction,Motor Vehicle In-Transport,Front-to-Front,No,Non-Junction,Not an Intersection,On Roadway,,Dusk,Clear,No,Not Applicable,37.50173056,-105.95735,ALAMOSA (3),NOT APPLICABLE
80547,2021,1,0,0,2,2,0,2,2,Colorado,November,13,Saturday,8:00am-8:59am,3,State Highway,Rural,Principal Arterial - Other,State Highway Agency,This section IS ON the NHS,No Special Jurisdiction,Motor Vehicle In-Transport,Angle,No,Intersection,Four-Way Intersection,On Roadway,,Daylight,Clear,No,Not Applicable,39.39962222,-104.75637778,DOUGLAS (35),NOT APPLICABLE
80548,2021,1,0,0,2,2,0,7,7,Colorado,November,14,Sunday,0:00am-0:59am,1,Interstate,Urban,Interstate,State Highway Agency,This section IS ON the NHS,No Special Jurisdiction,Motor Vehicle In-Transport,Angle,No,Non-Junction,Not an Intersection,On Roadway,,Dark - Not Lighted,Clear,No,Not Applicable,40.10808056,-104.98067222,WELD (123),NOT APPLICABLE
80549,2021,1,0,0,2,2,0,3,3,Colorado,November,14,Sunday,3:00am-3:59am,6,Local Street - Frontage Road,Urban,Interstate,State Highway Agency,This section IS ON the NHS,No Special Jurisdiction,Motor Vehicle In-Transport,Front-to-Front,No,Non-Junction,Not an Intersection,On Roadway,,Dark - Not Lighted,Clear,No,Not Applicable,39.79003889,-104.90833333,ADAMS (1),COMMERCE CITY
80550,2021,1,0,0,1,1,0,1,1,Colorado,November,14,Sunday,3:00am-3:59am,33,County Road,Rural,Local,County Highway Agency,This section IS NOT on the NHS,No Special Jurisdiction,Fence,The First Harmful Event was Not a Collision with a Motor Vehicle in Transport,No,Non-Junction,Not an Intersection,Outside Trafficway,,Dark - Not Lighted,Clear,No,Not Applicable,40.24693611,-105.10185,BOULDER (13),NOT APPLICABLE
80551,2021,1,0,0,2,2,0,2,2,Colorado,November,14,Sunday,9:00pm-9:59pm,10,Local Street - Municipality,Urban,Principal Arterial - Other,City or Municipal Highway Agency,This section IS ON the NHS,No Special Jurisdiction,Motor Vehicle In-Transport,Angle,No,Intersection,T-Intersection,On Roadway,,Dark - Lighted,Clear,No,Not Applicable,39.88683889,-105.05318056,JEFFERSON (59),WESTMINSTER
80552,2021,1,1,1,1,1,0,2,2,Colorado,November,15,Monday,4:00am-4:59am,25,Interstate,Rural,Interstate,State Highway Agency,This section IS ON the NHS,No Special Jurisdiction,Pedestrian,The First Harmful Event was Not a Collision with a Motor Vehicle in Transport,No,Non-Junction,Not an Intersection,On Roadway,,Dark - Not Lighted,Clear,No,Not Applicable,40.15392222,-104.46080278,WELD (123),NOT APPLICABLE
80553,2021,1,0,0,2,2,0,6,6,Colorado,November,9,Tuesday,5:00pm-5:59pm,32,State Highway,Rural,Minor Arterial,State Highway Agency,This section IS NOT on the NHS,No Special Jurisdiction,Motor Vehicle In-Transport,Front-to-Front,No,Non-Junction,Not an Intersection,On Roadway,,Dark - Not Lighted,Cloudy,No,Not Applicable,39.30306667,-106.06310556,PARK (93),NOT APPLICABLE
80554,2021,1,0,0,1,1,0,1,1,Colorado,November,15,Monday,7:00pm-7:59pm,36,U.S. Highway,Urban,Principal Arterial - Other,State Highway Agency,This section IS ON the NHS,No Special Jurisdiction,Curb,The First Harmful Event was Not a Collision with a Motor Vehicle in Transport,No,Non-Junction,Not an Intersection,On Roadside,,Dark - Lighted,Clear,No,Not Applicable,37.30651111,-107.86527778,LA PLATA (67),DURANGO
80555,2021,1,0,0,1,1,0,1,1,Colorado,November,17,Wednesday,11:00am-11:59am,5,Interstate,Rural,Interstate,State Highway Agency,This section IS ON the NHS,No Special Jurisdiction,Guardrail Face,The First Harmful Event was Not a Collision with a Motor Vehicle in Transport,No,Non-Junction,Not an Intersection,On Median,,Daylight,Snow,No,Not Applicable,39.72950278,-104.28416667,ARAPAHOE (5),NOT APPLICABLE
80556,2021,1,0,0,2,2,0,10,10,Colorado,November,17,Wednesday,5:00pm-5:59pm,30,U.S. Highway,Rural,Principal Arterial - Other,State Highway Agency,This section IS ON the NHS,No Special Jurisdiction,Motor Vehicle In-Transport,Front-to-Front,No,Non-Junction,Not an Intersection,On Roadway,,Dusk,Clear,No,Not Applicable,40.53368611,-107.442325,MOFFAT (81),NOT APPLICABLE
80557,2021,1,0,0,1,1,0,3,3,Colorado,November,17,Wednesday,11:00pm-11:59pm,38,State Highway,Rural,Major Collector,State Highway Agency,This section IS NOT on the NHS,No Special Jurisdiction,Fence,The First Harmful Event was Not a Collision with a Motor Vehicle in Transport,No,Non-Junction,Not an Intersection,Outside Trafficway,,Dark - Not Lighted,Clear,No,Not Applicable,37.38434167,-108.35223333,MONTEZUMA (83),NOT APPLICABLE
80558,2021,1,0,0,1,1,0,1,1,Colorado,November,18,Thursday,9:00am-9:59am,25,Interstate,Rural,Interstate,State Highway Agency,This section IS ON the NHS,No Special Jurisdiction,Rollover/Overturn,The First Harmful Event was Not a Collision with a Motor Vehicle in Transport,No,Non-Junction,Not an Intersection,On Median,,Daylight,Clear,No,Not Applicable,39.49896111,-107.91935,GARFIELD (45),NOT APPLICABLE
80559,2021,2,0,0,2,2,0,4,4,Colorado,November,18,Thursday,3:00pm-3:59pm,5,U.S. Highway,Rural,Principal Arterial - Other,State Highway Agency,This section IS ON the NHS,No Special Jurisdiction,Guardrail Face,The First Harmful Event was Not a Collision with a Motor Vehicle in Transport,No,Non-Junction,Not an Intersection,On Roadside,,Daylight,Clear,No,Not Applicable,39.44200556,-105.44761111,PARK (93),NOT APPLICABLE
80560,2021,1,0,0,2,2,0,2,2,Colorado,November,19,Friday,3:00am-3:59am,19,State Highway,Rural,Major Collector,State Highway Agency,This section IS NOT on the NHS,No Special Jurisdiction,Motor Vehicle In-Transport,Angle,No,Intersection,T-Intersection,On Roadway,,Dark - Not Lighted,Clear,No,Not Applicable,40.33038333,-104.81184167,WELD (123),NOT APPLICABLE
80561,2021,1,0,0,5,5,0,7,7,Colorado,November,19,Friday,10:00am-10:59am,51,U.S. Highway,Urban,Principal Arterial - Other Freeways and Expressways,State Highway Agency,This section IS ON the NHS,No Special Jurisdiction,Motor Vehicle In-Transport,Front-to-Front,No,Non-Junction,Not an Intersection,On Roadway,,Daylight,Clear,No,Not Applicable,40.3922,-104.79391389,WELD (123),GREELEY