ST_CASE,YEAR,FATALS,PEDS,PERNOTMVIT,VE_TOTAL,VE_FORMS,PVH_INVL,PERSONS,PERMVIT,STATENAME,MONTHNAME,DAYNAME,DAY_WEEKNAME,HOURNAME,MINUTENAME,ROUTENAME,RUR_URBNAME,FUNC_SYSNAME,RD_OWNERNAME,NHSNAME,SP_JURNAME,HARM_EVNAME,MAN_COLLNAME,RELJCT1NAME,RELJCT2NAME,TYP_INTNAME,REL_ROADNAME,WRK_ZONENAME,LGT_CONDNAME,WEATHERNAME,SCH_BUSNAME,RAILNAME,LATITUDE,LONGITUD,COUNTYNAME,CITYNAME
80562,2021,1,0,0,3,3,0,4,4,Colorado,November,20,Saturday,9:00am-9:59am,20,State Highway,Rural,Major Collector,State Highway Agency,This section IS NOT on the NHS,No Special Jurisdiction,Motor Vehicle In-Transport,Sideswipe - Opposite Direction,No,Non-Junction,Not an Intersection,On Roadway,,Daylight,Clear,No,Not Applicable,39.83167778,-104.41413333,ADAMS (1),NOT APPLICABLE
80563,2021,1,0,0,1,1,0,1,1,Colorado,November,22,Monday,5:00pm-5:59pm,16,Interstate,Rural,Interstate,State Highway Agency,This section IS ON the NHS,No Special Jurisdiction,Rollover/Overturn,The First Harmful Event was Not a Collision with a Motor Vehicle in Transport,No,Non-Junction,Not an Intersection,On Median,,Dark - Not Lighted,Clear,No,Not Applicable,39.15014444,-108.3066,MESA (77),NOT APPLICABLE
80564,2021,1,0,0,2,2,0,2,2,Colorado,November,2,Tuesday,11:00am-11:59am,22,State Highway,Urban,Principal Arterial - Other,State Highway Agency,This section IS ON the NHS,No Special Jurisdiction,Motor Vehicle In-Transport,Angle,No,Intersection,Four-Way Intersection,On Roadway,,Daylight,Cloudy,No,Not Applicable,39.70037778,-105.10995556,JEFFERSON (59),LAKEWOOD
80565,2021,1,0,0,3,3,0,3,3,Colorado,November,16,Tuesday,10:00pm-10:59pm,42,State Highway,Urban,Principal Arterial - Other,State Highway Agency,This section IS ON the NHS,No Special Jurisdiction,Motor Vehicle In-Transport,Angle,No,Intersection,Four-Way Intersection,On Roadway,,Dark - Lighted,Clear,No,Not Applicable,39.66748889,-104.86197222,ARAPAHOE (5),AURORA
80566,2021,2,0,0,2,2,0,2,2,Colorado,November,23,Tuesday,5:00pm-5:59pm,20,U.S. Highway,Rural,Local,State Highway Agency,This section IS NOT on the NHS,No Special Jurisdiction,Motor Vehicle In-Transport,Front-to-Front,No,Non-Junction,Not an Intersection,On Roadway,,Dark - Not Lighted,Clear,No,Not Applicable,39.73839722,-104.30151667,ARAPAHOE (5),NOT APPLICABLE
80567,2021,1,1,1,3,3,0,2,2,Colorado,November,24,Wednesday,8:00am-8:59am,0,U.S. Highway,Rural,Principal Arterial - Other,State Highway Agency,This section IS ON the NHS,No Special Jurisdiction,Motor Vehicle In-Transport,Front-to-Rear,No,Non-Junction,Not an Intersection,On Shoulder,,Daylight,"Fog, Smog, Smoke",No,Not Applicable,37.270875,-108.00472222,LA PLATA (67),NOT APPLICABLE
80568,2021,1,0,0,2,2,0,2,2,Colorado,November,24,Wednesday,2:00pm-2:59pm,42,U.S. Highway,Rural,Principal Arterial - Other,State Highway Agency,This section IS ON the NHS,No Special Jurisdiction,Motor Vehicle In-Transport,Front-to-Front,No,Non-Junction,Not an Intersection,On Roadway,,Daylight,Clear,No,Not Applicable,37.461,-108.65380556,MONTEZUMA (83),NOT APPLICABLE
80569,2021,3,0,0,2,2,0,4,4,Colorado,November,25,Thursday,10:00am-10:59am,45,Interstate,Rural,Interstate,State Highway Agency,This section IS ON the NHS,No Special Jurisdiction,Traffic Sign Support,The First Harmful Event was Not a Collision with a Motor Vehicle in Transport,No,Non-Junction,Not an Intersection,On Median,,Daylight,Clear,No,Not Applicable,39.27461111,-103.49826389,LINCOLN (73),NOT APPLICABLE
80570,2021,2,0,0,2,2,0,4,4,Colorado,November,26,Friday,8:00am-8:59am,50,State Highway,Rural,Minor Arterial,State Highway Agency,This section IS NOT on the NHS,No Special Jurisdiction,Motor Vehicle In-Transport,Front-to-Front,No,Non-Junction,Not an Intersection,On Roadway,,Daylight,Clear,No,Not Applicable,39.36130556,-104.56888889,ELBERT (39),NOT APPLICABLE
80571,2021,1,0,0,1,1,0,1,1,Colorado,November,26,Friday,10:00am-10:59am,53,Local Street - Municipality,Urban,Minor Arterial,City or Municipal Highway Agency,This section IS NOT on the NHS,No Special Jurisdiction,Fence,The First Harmful Event was Not a Collision with a Motor Vehicle in Transport,No,Non-Junction,Not an Intersection,Outside Trafficway,,Daylight,Clear,No,Not Applicable,40.10777778,-104.99890278,WELD (123),FREDERICK
80572,2021,1,0,0,4,4,0,9,9,Colorado,November,26,Friday,1:00pm-1:59pm,11,State Highway,Urban,Minor Arterial,State Highway Agency,This section IS NOT on the NHS,No Special Jurisdiction,Motor Vehicle In-Transport,Angle,No,Intersection,Four-Way Intersection,On Roadway,,Daylight,Clear,No,Not Applicable,39.82363056,-104.97805,ADAMS (1),NOT APPLICABLE
80573,2021,1,0,0,2,2,0,4,4,Colorado,November,27,Saturday,0:00am-0:59am,0,State Highway,Urban,Principal Arterial - Other,State Highway Agency,This section IS ON the NHS,No Special Jurisdiction,Motor Vehicle In-Transport,Angle,No,Intersection,Four-Way Intersection,On Roadway,,Dark - Lighted,Clear,No,Not Applicable,39.72549444,-104.79107778,ARAPAHOE (5),AURORA
80574,2021,1,0,0,1,1,0,1,1,Colorado,November,27,Saturday,5:00am-5:59am,27,U.S. Highway,Urban,Principal Arterial - Other Freeways and Expressways,State Highway Agency,This section IS ON the NHS,No Special Jurisdiction,"Post, Pole or Other Supports",The First Harmful Event was Not a Collision with a Motor Vehicle in Transport,Yes,Other location within Interchange Area,Not an Intersection,On Roadside,,Dark - Lighted,Clear,No,Not Applicable,39.98463889,-105.23011111,BOULDER (13),NOT APPLICABLE
80575,2021,1,0,0,1,1,0,2,2,Colorado,November,27,Saturday,6:00am-6:59am,23,U.S. Highway,Urban,Principal Arterial - Other,State Highway Agency,This section IS ON the NHS,No Special Jurisdiction,Curb,The First Harmful Event was Not a Collision with a Motor Vehicle in Transport,No,Non-Junction,Not an Intersection,On Median,,Dark - Lighted,Clear,No,Not Applicable,39.74013889,-104.85072778,ARAPAHOE (5),AURORA
80576,2021,1,0,0,1,1,0,1,1,Colorado,November,29,Monday,0:00am-0:59am,20,State Highway,Urban,Minor Arterial,State Highway Agency,This section IS NOT on the NHS,No Special Jurisdiction,Boulder,The First Harmful Event was Not a Collision with a Motor Vehicle in Transport,No,Non-Junction,Not an Intersection,On Roadside,,Dark - Not Lighted,Clear,No,Not Applicable,38.22935833,-104.74290278,PUEBLO (101),NOT APPLICABLE
80577,2021,1,0,0,4,4,0,9,9,Colorado,November,3,Wednesday,4:00pm-4:59pm,50,State Highway,Urban,Principal Arterial - Other Freeways and Expressways,State Highway Agency,This section IS ON the NHS,No Special Jurisdiction,Motor Vehicle In-Transport,Front-to-Rear,No,Non-Junction,Not an Intersection,On Roadway,,Daylight,Clear,No,Not Applicable,40.16061111,-105.01263889,WELD (123),FIRESTONE
80578,2021,1,0,0,1,1,0,1,1,Colorado,November,29,Monday,7:00am-7:59am,43,Interstate,Urban,Interstate,State Highway Agency,This section IS ON the NHS,No Special Jurisdiction,Traffic Sign Support,The First Harmful Event was Not a Collision with a Motor Vehicle in Transport,No,Non-Junction,Not an Intersection,On Roadside,,Daylight,Clear,No,Not Applicable,39.99715556,-104.7204,ADAMS (1),NOT APPLICABLE
80579,2021,1,0,0,1,1,0,1,1,Colorado,November,29,Monday,11:00am-11:59am,58,State Highway,Rural,Minor Arterial,State Highway Agency,This section IS NOT on the NHS,No Special Jurisdiction,Traffic Sign Support,The First Harmful Event was Not a Collision with a Motor Vehicle in Transport,No,Non-Junction,Not an Intersection,On Roadside,,Daylight,Clear,No,Not Applicable,38.23904444,-104.22363333,PUEBLO (101),NOT APPLICABLE
80580,2021,1,1,1,1,1,0,5,5,Colorado,November,29,Monday,3:00pm-3:59pm,5,U.S. Highway,Urban,Principal Arterial - Other,State Highway Agency,This section IS ON the NHS,No Special Jurisdiction,Pedestrian,The First Harmful Event was Not a Collision with a Motor Vehicle in Transport,No,Intersection-Related,Four-Way Intersection,On Roadway,,Daylight,Clear,No,Not Applicable,39.87822778,-105.02523333,ADAMS (1),WESTMINSTER
80581,2021,1,0,0,1,1,0,1,1,Colorado,November,30,Tuesday,8:00pm-8:59pm,0,Interstate,Rural,Interstate,State Highway Agency,This section IS ON the NHS,No Special Jurisdiction,Rollover/Overturn,The First Harmful Event was Not a Collision with a Motor Vehicle in Transport,No,Non-Junction,Not an Intersection,On Roadside,,Dark - Not Lighted,Clear,No,Not Applicable,39.64666667,-104.06855556,ARAPAHOE (5),NOT APPLICABLE
80582,2021,1,0,0,2,2,0,2,2,Colorado,November,30,Tuesday,7:00am-7:59am,36,County Road,Rural,Local,County Highway Agency,This section IS NOT on the NHS,No Special Jurisdiction,Motor Vehicle In-Transport,Angle,No,Intersection,Four-Way Intersection,On Roadway,,Daylight,Clear,No,Not Applicable,40.5695,-102.56961111,PHILLIPS (95),NOT APPLICABLE
80583,2021,1,0,0,1,1,0,4,4,Colorado,November,10,Wednesday,5:00am-5:59am,56,U.S. Highway,Rural,Principal Arterial - Other,State Highway Agency,This section IS ON the NHS,No Special Jurisdiction,Tree (Standing Only),The First Harmful Event was Not a Collision with a Motor Vehicle in Transport,No,Non-Junction,Not an Intersection,On Roadside,,Dawn,Clear,No,Not Applicable,37.58043889,-106.15005556,RIO GRANDE (105),MONTE VISTA
80584,2021,1,0,0,1,1,0,1,1,Colorado,November,12,Friday,9:00pm-9:59pm,39,U.S. Highway,Urban,Principal Arterial - Other Freeways and Expressways,State Highway Agency,This section IS ON the NHS,No Special Jurisdiction,Rollover/Overturn,The First Harmful Event was Not a Collision with a Motor Vehicle in Transport,No,Non-Junction,Not an Intersection,On Roadside,,Dark - Not Lighted,Clear,No,Not Applicable,39.96322222,-104.8295,ADAMS (1),BRIGHTON
80585,2021,1,0,0,2,2,0,3,3,Colorado,November,22,Monday,7:00pm-7:59pm,1,Local Street - Municipality,Urban,Principal Arterial - Other,City or Municipal Highway Agency,This section IS ON the NHS,No Special Jurisdiction,Motor Vehicle In-Transport,Angle,No,Intersection,Four-Way Intersection,On Roadway,,Dark - Lighted,Clear,No,Not Applicable,39.88531667,-105.00742222,ADAMS (1),NORTHGLENN
80586,2021,2,0,0,2,2,0,4,4,Colorado,November,24,Wednesday,4:00pm-4:59pm,31,State Highway,Urban,Major Collector,State Highway Agency,This section IS NOT on the NHS,No Special Jurisdiction,Motor Vehicle In-Transport,Angle,No,Intersection,Four-Way Intersection,On Roadway,,Daylight,Cloudy,No,Not Applicable,40.33007222,-104.83431111,WELD (123),MILLIKEN
80587,2021,1,1,1,1,1,0,1,1,Colorado,November,26,Friday,10:00pm-10:59pm,28,U.S. Highway,Urban,Principal Arterial - Other,State Highway Agency,This section IS ON the NHS,No Special Jurisdiction,Pedestrian,The First Harmful Event was Not a Collision with a Motor Vehicle in Transport,No,Intersection-Related,Four-Way Intersection,On Roadway,,Dark - Lighted,Clear,No,Not Applicable,38.28305556,-104.5732,PUEBLO (101),PUEBLO
80588,2021,1,1,1,1,1,0,1,1,Colorado,November,15,Monday,11:00am-11:59am,55,Other,Trafficway Not in State Inventory,Trafficway Not in State Inventory,Trafficway Not in State Inventory,This section IS NOT on the NHS,No Special Jurisdiction,Pedestrian,The First Harmful Event was Not a Collision with a Motor Vehicle in Transport,No,Driveway Access,Not an Intersection,On Roadway,,Daylight,Cloudy,No,Not Applicable,39.68218889,-105.05475556,DENVER (31),DENVER
80589,2021,1,0,0,2,2,0,2,2,Colorado,November,3,Wednesday,6:00am-6:59am,57,Local Street - Municipality,Urban,Principal Arterial - Other,City or Municipal Highway Agency,This section IS ON the NHS,No Special Jurisdiction,Motor Vehicle In-Transport,Angle,No,Intersection,Four-Way Intersection,On Roadway,,Dawn,Clear,No,Not Applicable,38.78098611,-104.65951111,EL PASO (41),COLORADO SPRINGS
80590,2021,1,0,0,2,2,0,2,2,Colorado,November,13,Saturday,10:00pm-10:59pm,6,Local Street - Municipality,Urban,Local,City or Municipal Highway Agency,This section IS NOT on the NHS,No Special Jurisdiction,Motor Vehicle In-Transport,Angle,No,Intersection,Four-Way Intersection,On Roadway,,Dark - Lighted,Clear,No,Not Applicable,38.90816667,-104.71584444,EL PASO (41),COLORADO SPRINGS
80591,2021,1,0,0,2,2,0,2,2,Colorado,November,23,Tuesday,8:00pm-8:59pm,51,Local Street - Municipality,Urban,Minor Arterial,City or Municipal Highway Agency,This section IS NOT on the NHS,No Special Jurisdiction,Motor Vehicle In-Transport,Front-to-Rear,No,Intersection-Related,Four-Way Intersection,On Roadway,,Dark - Lighted,Clear,No,Not Applicable,38.84713889,-104.74778333,EL PASO (41),COLORADO SPRINGS
80592,2021,1,0,0,2,2,0,6,6,Colorado,November,6,Saturday,10:00pm-10:59pm,41,U.S. Highway,Urban,Principal Arterial - Other,State Highway Agency,This section IS ON the NHS,No Special Jurisdiction,Motor Vehicle In-Transport,Angle,No,Intersection,Four-Way Intersection,On Roadway,,Dark - Lighted,Clear,No,Not Applicable,38.25931667,-104.60675,PUEBLO (101),PUEBLO
80593,2021,1,1,1,1,1,0,1,1,Colorado,November,22,Monday,7:00pm-7:59pm,0,Local Street - Municipality,Urban,Principal Arterial - Other,City or Municipal Highway Agency,This section IS ON the NHS,No Special Jurisdiction,Pedestrian,The First Harmful Event was Not a Collision with a Motor Vehicle in Transport,No,Non-Junction,Not an Intersection,On Roadway,,Dark - Lighted,Clear,No,Not Applicable,39.67472778,-104.87281667,DENVER (31),DENVER
80594,2021,1,0,0,1,1,0,1,1,Colorado,November,28,Sunday,2:00pm-2:59pm,0,County Road,Rural,Local,County Highway Agency,This section IS NOT on the NHS,No Special Jurisdiction,Guardrail Face,The First Harmful Event was Not a Collision with a Motor Vehicle in Transport,No,Non-Junction,Not an Intersection,On Roadside,,Daylight,Clear,No,Not Applicable,39.64005,-105.7075,CLEAR CREEK (19),NOT APPLICABLE
80595,2021,1,0,0,2,1,1,2,2,Colorado,November,8,Monday,8:00am-8:59am,28,Local Street - Municipality,Urban,Local,City or Municipal Highway Agency,This section IS NOT on the NHS,No Special Jurisdiction,Curb,The First Harmful Event was Not a Collision with a Motor Vehicle in Transport,No,Non-Junction,Not an Intersection,On Roadside,,Daylight,Clear,No,Not Applicable,39.77752222,-104.85352222,DENVER (31),DENVER
80596,2021,1,0,0,2,2,0,2,2,Colorado,December,1,Wednesday,5:00pm-5:59pm,28,U.S. Highway,Urban,Principal Arterial - Other Freeways and Expressways,State Highway Agency,This section IS ON the NHS,No Special Jurisdiction,Motor Vehicle In-Transport,Front-to-Rear,No,Non-Junction,Not an Intersection,On Roadway,,Dark - Lighted,Clear,No,Not Applicable,39.92083333,-105.10398611,BROOMFIELD (14),BROOMFIELD
80597,2021,1,0,0,2,2,0,4,4,Colorado,December,2,Thursday,5:00pm-5:59pm,37,Local Street - Municipality,Urban,Local,City or Municipal Highway Agency,This section IS NOT on the NHS,No Special Jurisdiction,Motor Vehicle In-Transport,Angle,No,Driveway Access Related,Not an Intersection,On Roadway,,Dusk,Clear,No,Not Applicable,39.72552222,-104.69964444,ARAPAHOE (5),AURORA
80598,2021,1,0,0,2,2,0,2,2,Colorado,December,6,Monday,6:00am-6:59am,40,County Road,Rural,Minor Arterial,County Highway Agency,This section IS NOT on the NHS,No Special Jurisdiction,Mail Box,The First Harmful Event was Not a Collision with a Motor Vehicle in Transport,No,Non-Junction,Not an Intersection,On Roadside,,Dawn,Clear,No,Not Applicable,39.01282778,-104.74602222,EL PASO (41),NOT APPLICABLE
80599,2021,1,0,0,1,1,0,1,1,Colorado,December,6,Monday,9:00pm-9:59pm,28,Interstate,Rural,Interstate,State Highway Agency,This section IS ON the NHS,No Special Jurisdiction,"Post, Pole or Other Supports",The First Harmful Event was Not a Collision with a Motor Vehicle in Transport,No,Non-Junction,Not an Intersection,On Median,,Dark - Not Lighted,Clear,No,Not Applicable,39.41211944,-108.09535833,GARFIELD (45),NOT APPLICABLE
80600,2021,1,0,0,1,1,0,1,1,Colorado,December,9,Thursday,10:00pm-10:59pm,30,Interstate,Urban,Interstate,State Highway Agency,This section IS ON the NHS,No Special Jurisdiction,Guardrail End,The First Harmful Event was Not a Collision with a Motor Vehicle in Transport,Yes,Other location within Interchange Area,Not an Intersection,Separator,,Dark - Lighted,Clear,No,Not Applicable,39.82411111,-104.95992222,ADAMS (1),NOT APPLICABLE
80601,2021,1,0,0,1,1,0,1,1,Colorado,December,12,Sunday,1:00am-1:59am,16,State Highway,Rural,Minor Arterial,State Highway Agency,This section IS NOT on the NHS,No Special Jurisdiction,"Post, Pole or Other Supports",The First Harmful Event was Not a Collision with a Motor Vehicle in Transport,No,Non-Junction,Not an Intersection,On Roadside,,Dark - Not Lighted,Clear,No,Not Applicable,38.89424444,-105.15918889,TELLER (119),NOT APPLICABLE
80602,2021,1,0,0,1,1,0,1,1,Colorado,December,12,Sunday,8:00am-8:59am,2,County Road,Rural,Local,County Highway Agency,This section IS NOT on the NHS,No Special Jurisdiction,Boulder,The First Harmful Event was Not a Collision with a Motor Vehicle in Transport,No,Non-Junction,Not an Intersection,Outside Trafficway,,Daylight,Clear,No,Not Applicable,38.47508333,-107.99555556,MONTROSE (85),NOT APPLICABLE
80603,2021,1,0,0,1,1,0,1,1,Colorado,December,14,Tuesday,11:00pm-11:59pm,50,County Road,Rural,Local,County Highway Agency,This section IS NOT on the NHS,No Special Jurisdiction,Rollover/Overturn,The First Harmful Event was Not a Collision with a Motor Vehicle in Transport,No,Non-Junction,Not an Intersection,On Roadside,,Dark - Not Lighted,Clear,No,Not Applicable,38.90728333,-107.96602222,DELTA (29),NOT APPLICABLE
80604,2021,1,1,1,1,1,0,1,1,Colorado,December,2,Thursday,5:00pm-5:59pm,25,Local Street - Municipality,Urban,Major Collector,City or Municipal Highway Agency,This section IS NOT on the NHS,No Special Jurisdiction,Pedestrian,The First Harmful Event was Not a Collision with a Motor Vehicle in Transport,No,Intersection-Related,Four-Way Intersection,On Roadway,,Dark - Lighted,Clear,No,Not Applicable,39.80546389,-104.92910833,ADAMS (1),COMMERCE CITY
80605,2021,1,1,1,1,1,0,1,1,Colorado,December,15,Wednesday,7:00am-7:59am,21,Local Street - Municipality,Urban,Principal Arterial - Other,City or Municipal Highway Agency,This section IS ON the NHS,No Special Jurisdiction,Pedestrian,The First Harmful Event was Not a Collision with a Motor Vehicle in Transport,No,Non-Junction,Not an Intersection,On Roadway,,Daylight,Cloudy,Yes,Not Applicable,39.67845833,-104.90765,DENVER (31),DENVER
80606,2021,1,0,0,1,1,0,1,1,Colorado,December,15,Wednesday,5:00pm-5:59pm,50,State Highway,Rural,Minor Arterial,State Highway Agency,This section IS NOT on the NHS,No Special Jurisdiction,Rollover/Overturn,The First Harmful Event was Not a Collision with a Motor Vehicle in Transport,No,Non-Junction,Not an Intersection,On Roadside,,Dark - Not Lighted,Clear,No,Not Applicable,38.80142778,-103.70034444,LINCOLN (73),NOT APPLICABLE
80607,2021,1,0,0,2,2,0,5,5,Colorado,December,17,Friday,4:00am-4:59am,53,U.S. Highway,Urban,Principal Arterial - Other,State Highway Agency,This section IS ON the NHS,No Special Jurisdiction,Motor Vehicle In-Transport,Angle,No,Intersection,Four-Way Intersection,On Roadway,,Dark - Lighted,Clear,No,Not Applicable,39.72516111,-105.18965,JEFFERSON (59),NOT APPLICABLE
80608,2021,1,2,2,1,1,0,1,1,Colorado,December,18,Saturday,6:00pm-6:59pm,0,U.S. Highway,Rural,Minor Arterial,State Highway Agency,This section IS NOT on the NHS,No Special Jurisdiction,Pedestrian,The First Harmful Event was Not a Collision with a Motor Vehicle in Transport,No,Intersection-Related,Four-Way Intersection,On Roadway,,Dark - Lighted,Clear,No,Not Applicable,39.26289722,-103.68804444,LINCOLN (73),LIMON
80609,2021,1,0,0,2,2,0,4,4,Colorado,December,18,Saturday,6:00pm-6:59pm,53,U.S. Highway,Urban,Minor Arterial,State Highway Agency,This section IS NOT on the NHS,No Special Jurisdiction,Curb,The First Harmful Event was Not a Collision with a Motor Vehicle in Transport,No,Non-Junction,Not an Intersection,On Median,,Dark - Lighted,Clear,No,Not Applicable,39.79193056,-104.94054167,ADAMS (1),COMMERCE CITY
80610,2021,1,0,0,1,1,0,2,2,Colorado,December,19,Sunday,6:00am-6:59am,37,County Road,Rural,Major Collector,County Highway Agency,This section IS NOT on the NHS,No Special Jurisdiction,Rollover/Overturn,The First Harmful Event was Not a Collision with a Motor Vehicle in Transport,No,Non-Junction,Not an Intersection,On Roadside,,Dawn,Clear,No,Not Applicable,40.36910556,-104.90749167,WELD (123),NOT APPLICABLE
80611,2021,1,0,0,2,2,0,2,2,Colorado,December,19,Sunday,2:00pm-2:59pm,11,U.S. Highway,Rural,Principal Arterial - Other,State Highway Agency,This section IS ON the NHS,No Special Jurisdiction,Motor Vehicle In-Transport,Sideswipe - Opposite Direction,No,Non-Junction,Not an Intersection,On Roadway,,Daylight,Clear,No,Not Applicable,37.23782222,-107.12957778,ARCHULETA (7),NOT APPLICABLE
80613,2021,1,1,1,1,1,0,1,1,Colorado,December,5,Sunday,10:00am-10:59am,23,State Highway,Urban,Principal Arterial - Other,State Highway Agency,This section IS ON the NHS,No Special Jurisdiction,Pedestrian,The First Harmful Event was Not a Collision with a Motor Vehicle in Transport,No,Intersection-Related,Four-Way Intersection,On Roadway,,Daylight,Clear,No,Not Applicable,39.77817778,-105.10945556,JEFFERSON (59),WHEAT RIDGE
80614,2021,1,0,0,1,1,0,1,1,Colorado,December,19,Sunday,8:00pm-8:59pm,35,County Road,Rural,Major Collector,County Highway Agency,This section IS NOT on the NHS,No Special Jurisdiction,Embankment,The First Harmful Event was Not a Collision with a Motor Vehicle in Transport,No,Non-Junction,Not an Intersection,On Roadside,,Dark - Not Lighted,Cloudy,No,Not Applicable,39.685,-105.39019444,JEFFERSON (59),NOT APPLICABLE
80615,2021,1,0,0,1,1,0,1,1,Colorado,December,22,Wednesday,7:00am-7:59am,37,Interstate,Rural,Interstate,State Highway Agency,This section IS ON the NHS,No Special Jurisdiction,Fence,The First Harmful Event was Not a Collision with a Motor Vehicle in Transport,No,Non-Junction,Not an Intersection,Outside Trafficway,,Daylight,Clear,No,Not Applicable,39.55888889,-104.00843333,ELBERT (39),NOT APPLICABLE
80616,2021,1,0,0,1,1,0,1,1,Colorado,December,23,Thursday,2:00am-2:59am,4,Local Street - Municipality,Urban,Local,City or Municipal Highway Agency,This section IS NOT on the NHS,No Special Jurisdiction,Utility Pole/Light Support,The First Harmful Event was Not a Collision with a Motor Vehicle in Transport,No,Intersection-Related,L-Intersection,On Roadside,,Dark - Lighted,Clear,No,Not Applicable,40.57656667,-105.10568889,LARIMER (69),FORT COLLINS
80617,2021,1,0,0,1,1,0,3,3,Colorado,December,26,Sunday,11:00pm-11:59pm,19,U.S. Highway,Urban,Principal Arterial - Other,State Highway Agency,This section IS ON the NHS,No Special Jurisdiction,Mail Box,The First Harmful Event was Not a Collision with a Motor Vehicle in Transport,No,Non-Junction,Not an Intersection,On Roadside,,Dark - Not Lighted,Clear,No,Not Applicable,38.24491667,-104.51623333,PUEBLO (101),NOT APPLICABLE
80618,2021,1,0,0,1,1,0,1,1,Colorado,December,20,Monday,4:00am-4:59am,0,U.S. Highway,Rural,Principal Arterial - Other,State Highway Agency,This section IS ON the NHS,No Special Jurisdiction,Rollover/Overturn,The First Harmful Event was Not a Collision with a Motor Vehicle in Transport,No,Non-Junction,Not an Intersection,On Roadside,,Dark - Not Lighted,Clear,No,Not Applicable,39.02611111,-104.4017,EL PASO (41),NOT APPLICABLE
80619,2021,1,0,0,1,1,0,2,2,Colorado,December,26,Sunday,5:00pm-5:59pm,6,Interstate,Urban,Interstate,State Highway Agency,This section IS ON the NHS,No Special Jurisdiction,Cable Barrier,The First Harmful Event was Not a Collision with a Motor Vehicle in Transport,No,Non-Junction,Not an Intersection,On Median,,Dark - Not Lighted,Clear,No,Not Applicable,39.74417222,-105.1538,JEFFERSON (59),LAKEWOOD
80620,2021,1,1,1,1,1,0,1,1,Colorado,December,26,Sunday,5:00pm-5:59pm,59,Local Street - Municipality,Urban,Local,City or Municipal Highway Agency,This section IS NOT on the NHS,No Special Jurisdiction,Pedestrian,The First Harmful Event was Not a Collision with a Motor Vehicle in Transport,No,Intersection-Related,T-Intersection,On Roadway,,Dark - Lighted,Clear,No,Not Applicable,39.74691667,-104.76423889,ADAMS (1),AURORA
80621,2021,1,0,0,2,2,0,2,2,Colorado,December,27,Monday,8:00pm-8:59pm,9,U.S. Highway,Rural,Principal Arterial - Other,State Highway Agency,This section IS ON the NHS,No Special Jurisdiction,Motor Vehicle In-Transport,Front-to-Front,No,Non-Junction,Not an Intersection,On Roadway,,Dark - Not Lighted,Not Reported,No,Not Applicable,37.42765278,-105.41411111,COSTILLA (23),NOT APPLICABLE
80622,2021,1,0,0,1,1,0,1,1,Colorado,December,12,Sunday,3:00am-3:59am,58,Interstate,Urban,Interstate,State Highway Agency,This section IS ON the NHS,No Special Jurisdiction,Concrete Traffic Barrier,The First Harmful Event was Not a Collision with a Motor Vehicle in Transport,Yes,Intersection-Related,Four-Way Intersection,On Roadside,,Dark - Lighted,Clear,No,Not Applicable,39.76098056,-105.00400556,DENVER (31),DENVER
80623,2021,2,0,0,3,3,0,5,5,Colorado,December,19,Sunday,11:00pm-11:59pm,10,State Highway,Urban,Principal Arterial - Other,State Highway Agency,This section IS ON the NHS,No Special Jurisdiction,Motor Vehicle In-Transport,Angle,No,Intersection,Four-Way Intersection,On Roadway,,Dark - Lighted,Clear,No,Not Applicable,39.67083889,-104.86616944,DENVER (31),DENVER
80624,2021,1,0,0,2,2,0,4,4,Colorado,December,29,Wednesday,0:00am-0:59am,7,Local Street - Municipality,Urban,Principal Arterial - Other,City or Municipal Highway Agency,This section IS ON the NHS,No Special Jurisdiction,Motor Vehicle In-Transport,Angle,No,Intersection,Four-Way Intersection,On Roadway,,Dark - Lighted,Clear,No,Not Applicable,39.86353889,-105.06266667,JEFFERSON (59),WESTMINSTER
80625,2021,1,0,0,1,1,0,2,2,Colorado,December,30,Thursday,12:00pm-12:59pm,2,County Road,Rural,Major Collector,County Highway Agency,This section IS NOT on the NHS,No Special Jurisdiction,Rollover/Overturn,The First Harmful Event was Not a Collision with a Motor Vehicle in Transport,No,Non-Junction,Not an Intersection,On Roadside,,Daylight,Severe Crosswinds,No,Not Applicable,37.77291667,-105.22277778,HUERFANO (55),NOT APPLICABLE
80626,2021,1,0,0,2,2,0,3,3,Colorado,December,30,Thursday,3:00pm-3:59pm,1,Local Street - Municipality,Urban,Principal Arterial - Other,City or Municipal Highway Agency,This section IS ON the NHS,No Special Jurisdiction,Motor Vehicle In-Transport,Sideswipe - Same Direction,No,Non-Junction,Not an Intersection,On Roadway,,Daylight,Clear,No,Not Applicable,39.67478611,-104.81700833,ARAPAHOE (5),AURORA
80627,2021,1,1,1,1,1,0,1,1,Colorado,December,7,Tuesday,11:00pm-11:59pm,42,Local Street - Municipality,Urban,Principal Arterial - Other,City or Municipal Highway Agency,This section IS ON the NHS,No Special Jurisdiction,Pedestrian,The First Harmful Event was Not a Collision with a Motor Vehicle in Transport,No,Non-Junction,Not an Intersection,On Roadway,,Dark - Lighted,Clear,No,Not Applicable,38.81808889,-104.8224,EL PASO (41),COLORADO SPRINGS