ST_CASE,YEAR,FATALS,PEDS,PERNOTMVIT,VE_TOTAL,VE_FORMS,PVH_INVL,PERSONS,PERMVIT,STATENAME,MONTHNAME,DAYNAME,DAY_WEEKNAME,HOURNAME,MINUTENAME,ROUTENAME,RUR_URBNAME,FUNC_SYSNAME,RD_OWNERNAME,NHSNAME,SP_JURNAME,HARM_EVNAME,MAN_COLLNAME,RELJCT1NAME,RELJCT2NAME,TYP_INTNAME,REL_ROADNAME,WRK_ZONENAME,LGT_CONDNAME,WEATHERNAME,SCH_BUSNAME,RAILNAME,LATITUDE,LONGITUD,COUNTYNAME,CITYNAME
80628,2021,1,0,0,1,1,0,1,1,Colorado,December,5,Sunday,5:00pm-5:59pm,21,State Highway,Urban,Principal Arterial - Other,State Highway Agency,This section IS ON the NHS,No Special Jurisdiction,Rollover/Overturn,The First Harmful Event was Not a Collision with a Motor Vehicle in Transport,No,Intersection-Related,T-Intersection,On Roadway,,Dark - Lighted,Clear,No,Not Applicable,39.74957222,-105.05325,JEFFERSON (59),EDGEWATER
80629,2021,1,0,0,2,2,0,6,6,Colorado,December,12,Sunday,7:00pm-7:59pm,23,State Highway,Urban,Principal Arterial - Other,State Highway Agency,This section IS ON the NHS,No Special Jurisdiction,Motor Vehicle In-Transport,Angle,No,Intersection,Four-Way Intersection,On Roadway,,Dark - Lighted,Clear,No,Not Applicable,39.48530556,-104.75878333,DOUGLAS (35),PARKER
80630,2021,1,0,0,2,2,0,4,4,Colorado,December,25,Saturday,12:00pm-12:59pm,34,County Road,Urban,Minor Arterial,County Highway Agency,This section IS NOT on the NHS,No Special Jurisdiction,Motor Vehicle In-Transport,Angle,No,Intersection,T-Intersection,On Roadway,,Daylight,Clear,No,Not Applicable,39.84895,-105.00223333,ADAMS (1),NOT APPLICABLE
80631,2021,1,1,1,1,1,0,1,1,Colorado,December,29,Wednesday,8:00pm-8:59pm,24,U.S. Highway,Urban,Principal Arterial - Other Freeways and Expressways,State Highway Agency,This section IS ON the NHS,No Special Jurisdiction,Pedestrian,The First Harmful Event was Not a Collision with a Motor Vehicle in Transport,No,Non-Junction,Not an Intersection,On Roadway,,Dark - Lighted,Clear,No,Not Applicable,38.83482778,-104.84772222,EL PASO (41),COLORADO SPRINGS
80632,2021,1,0,0,2,2,0,5,5,Colorado,December,11,Saturday,11:00am-11:59am,58,State Highway,Urban,Principal Arterial - Other Freeways and Expressways,State Highway Agency,This section IS ON the NHS,No Special Jurisdiction,Motor Vehicle In-Transport,Front-to-Front,Yes,Through Roadway,Not an Intersection,On Roadway,,Daylight,Clear,No,Not Applicable,38.96809444,-104.74234444,EL PASO (41),COLORADO SPRINGS
80633,2021,1,1,1,1,1,0,1,1,Colorado,December,16,Thursday,7:00am-7:59am,58,Local Street - Municipality,Urban,Minor Arterial,City or Municipal Highway Agency,This section IS NOT on the NHS,No Special Jurisdiction,Pedestrian,The First Harmful Event was Not a Collision with a Motor Vehicle in Transport,No,Intersection-Related,Four-Way Intersection,On Roadway,,Daylight,Clear,No,Not Applicable,38.83867778,-104.84836667,EL PASO (41),COLORADO SPRINGS
80634,2021,1,0,0,2,2,0,2,2,Colorado,December,19,Sunday,3:00pm-3:59pm,22,State Highway,Urban,Principal Arterial - Other,State Highway Agency,This section IS ON the NHS,No Special Jurisdiction,Motor Vehicle In-Transport,Angle,No,Intersection,Four-Way Intersection,On Roadway,,Daylight,Clear,No,Not Applicable,38.78894444,-104.72933889,EL PASO (41),COLORADO SPRINGS
80635,2021,1,0,0,2,2,0,3,3,Colorado,December,22,Wednesday,6:00pm-6:59pm,9,Local Street - Municipality,Urban,Principal Arterial - Other,City or Municipal Highway Agency,This section IS ON the NHS,No Special Jurisdiction,Motor Vehicle In-Transport,Angle,No,Intersection,Four-Way Intersection,On Roadway,,Dark - Lighted,Clear,No,Not Applicable,38.89831111,-104.70857778,EL PASO (41),COLORADO SPRINGS
80636,2021,1,1,1,1,1,0,2,2,Colorado,December,16,Thursday,6:00pm-6:59pm,6,Interstate,Urban,Interstate,State Highway Agency,This section IS ON the NHS,No Special Jurisdiction,Pedestrian,The First Harmful Event was Not a Collision with a Motor Vehicle in Transport,No,Non-Junction,Not an Intersection,On Roadway,,Dark - Lighted,Clear,No,Not Applicable,39.78353333,-105.06732778,JEFFERSON (59),WHEAT RIDGE
80637,2021,1,1,1,3,1,2,1,1,Colorado,September,18,Saturday,1:00am-1:59am,38,Local Street - Municipality,Urban,Principal Arterial - Other,City or Municipal Highway Agency,This section IS ON the NHS,No Special Jurisdiction,Pedestrian,The First Harmful Event was Not a Collision with a Motor Vehicle in Transport,No,Non-Junction,Not an Intersection,On Roadway,,Dark - Lighted,Not Reported,No,Not Applicable,39.73159167,-104.98733889,DENVER (31),DENVER
80638,2021,1,1,1,1,1,0,1,1,Colorado,November,22,Monday,0:00am-0:59am,46,Interstate,Urban,Interstate,State Highway Agency,This section IS ON the NHS,No Special Jurisdiction,Pedestrian,The First Harmful Event was Not a Collision with a Motor Vehicle in Transport,No,Non-Junction,Not an Intersection,On Roadway,,Dark - Lighted,Not Reported,No,Not Applicable,39.75902222,-105.00721111,DENVER (31),DENVER
80639,2021,1,0,0,1,1,0,1,1,Colorado,November,2,Tuesday,7:00pm-7:59pm,5,County Road,Rural,Minor Collector,County Highway Agency,This section IS NOT on the NHS,No Special Jurisdiction,Guardrail Face,The First Harmful Event was Not a Collision with a Motor Vehicle in Transport,No,Non-Junction,Not an Intersection,On Roadside,,Dark - Not Lighted,Clear,No,Not Applicable,39.46313056,-107.32430556,GARFIELD (45),NOT APPLICABLE
80640,2021,1,0,0,2,2,0,3,3,Colorado,November,23,Tuesday,11:00am-11:59am,48,U.S. Highway,Urban,Principal Arterial - Other,State Highway Agency,This section IS ON the NHS,No Special Jurisdiction,Motor Vehicle In-Transport,Angle,No,Intersection,Four-Way Intersection,On Roadway,,Daylight,Clear,No,Not Applicable,39.57917222,-105.02588333,ARAPAHOE (5),LITTLETON
80641,2021,1,1,1,1,1,0,1,1,Colorado,October,11,Monday,1:00pm-1:59pm,13,Local Street - Municipality,Urban,Minor Arterial,City or Municipal Highway Agency,This section IS NOT on the NHS,No Special Jurisdiction,Pedestrian,The First Harmful Event was Not a Collision with a Motor Vehicle in Transport,No,Driveway Access,Not an Intersection,On Roadway,,Daylight,Clear,No,Not Applicable,39.75968889,-105.1424,JEFFERSON (59),WHEAT RIDGE
80001,2022,1,6,7,3,1,2,2,1,Colorado,January,2,Sunday,10:00am-10:59am,11,Interstate,Urban,Interstate,State Highway Agency,This section IS ON the NHS,No Special Jurisdiction,Pedestrian,The First Harmful Event was Not a Collision with a Motor Vehicle in Transport,No,Non-Junction,Not an Intersection,On Roadside,,Daylight,Clear,No,Not Applicable,39.8092,-104.94538056,ADAMS (1),COMMERCE CITY
80002,2022,1,0,0,1,1,0,1,1,Colorado,January,4,Tuesday,7:00am-7:59am,40,County Road,Rural,Major Collector,County Highway Agency,This section IS NOT on the NHS,No Special Jurisdiction,Culvert,The First Harmful Event was Not a Collision with a Motor Vehicle in Transport,No,Non-Junction,Not an Intersection,On Roadside,,Daylight,Clear,No,Not Applicable,37.09698889,-107.66643889,LA PLATA (67),NOT APPLICABLE
80003,2022,2,0,0,2,2,0,5,5,Colorado,January,6,Thursday,10:00pm-10:59pm,6,State Highway,Urban,Principal Arterial - Other,State Highway Agency,This section IS ON the NHS,No Special Jurisdiction,Motor Vehicle In-Transport,Angle,No,Intersection,Four-Way Intersection,On Roadway,,Dark - Lighted,Clear,No,Not Applicable,40.58113333,-105.01494444,LARIMER (69),NOT APPLICABLE
80004,2022,1,1,1,1,1,0,1,1,Colorado,January,12,Wednesday,6:00am-6:59am,17,U.S. Highway,Urban,Principal Arterial - Other,State Highway Agency,This section IS ON the NHS,No Special Jurisdiction,Pedestrian,The First Harmful Event was Not a Collision with a Motor Vehicle in Transport,No,Non-Junction,Not an Intersection,On Roadway,,Dark - Lighted,Clear,No,Not Applicable,39.74004444,-104.86621944,ARAPAHOE (5),AURORA
80005,2022,1,0,0,1,1,0,1,1,Colorado,January,14,Friday,3:00am-3:59am,30,State Highway,Rural,Principal Arterial - Other,State Highway Agency,This section IS ON the NHS,No Special Jurisdiction,"Post, Pole or Other Supports",The First Harmful Event was Not a Collision with a Motor Vehicle in Transport,No,Non-Junction,Not an Intersection,On Roadside,,Dark - Not Lighted,Clear,No,Not Applicable,39.42871667,-107.24333333,GARFIELD (45),NOT APPLICABLE
80006,2022,1,0,0,1,1,0,1,1,Colorado,January,14,Friday,2:00pm-2:59pm,15,Interstate,Rural,Interstate,State Highway Agency,This section IS ON the NHS,No Special Jurisdiction,Rollover/Overturn,The First Harmful Event was Not a Collision with a Motor Vehicle in Transport,No,Non-Junction,Not an Intersection,On Median,,Daylight,Clear,No,Not Applicable,39.65912222,-104.08101111,ARAPAHOE (5),NOT APPLICABLE
80007,2022,1,0,0,2,2,0,3,3,Colorado,January,17,Monday,7:00pm-7:59pm,24,Local Street - Municipality,Urban,Major Collector,City or Municipal Highway Agency,This section IS NOT on the NHS,No Special Jurisdiction,Motor Vehicle In-Transport,Front-to-Rear,No,Intersection-Related,Four-Way Intersection,On Roadway,,Dark - Lighted,Clear,No,Not Applicable,39.71863889,-104.82825,ARAPAHOE (5),AURORA
80008,2022,1,1,1,1,1,0,1,1,Colorado,January,17,Monday,11:00pm-11:59pm,25,Local Street - Municipality,Urban,Principal Arterial - Other,City or Municipal Highway Agency,This section IS ON the NHS,No Special Jurisdiction,Pedestrian,The First Harmful Event was Not a Collision with a Motor Vehicle in Transport,No,Non-Junction,Not an Intersection,On Roadway,,Dark - Not Lighted,Clear,No,Not Applicable,39.63843333,-104.79568611,ARAPAHOE (5),AURORA
80009,2022,1,0,0,2,2,0,2,2,Colorado,January,18,Tuesday,7:00am-7:59am,5,U.S. Highway,Rural,Principal Arterial - Other Freeways and Expressways,State Highway Agency,This section IS ON the NHS,No Special Jurisdiction,Motor Vehicle In-Transport,Front-to-Front,No,Non-Junction,Not an Intersection,On Roadway,,Daylight,Cloudy,No,Not Applicable,40.21596111,-105.10228889,BOULDER (13),NOT APPLICABLE
80010,2022,1,0,0,1,1,0,2,2,Colorado,January,19,Wednesday,12:00pm-12:59pm,43,U.S. Highway,Rural,Principal Arterial - Other,State Highway Agency,This section IS ON the NHS,No Special Jurisdiction,Rollover/Overturn,The First Harmful Event was Not a Collision with a Motor Vehicle in Transport,No,Non-Junction,Not an Intersection,On Roadside,,Daylight,Freezing Rain or Drizzle,No,Not Applicable,38.36548611,-104.90333333,PUEBLO (101),NOT APPLICABLE
80011,2022,1,0,0,4,4,0,4,4,Colorado,January,20,Thursday,4:00am-4:59am,5,Interstate,Urban,Interstate,State Highway Agency,This section IS ON the NHS,No Special Jurisdiction,Motor Vehicle In-Transport,Front-to-Rear,No,Non-Junction,Not an Intersection,On Roadway,,Dark - Lighted,Clear,No,Not Applicable,39.82631944,-104.96887222,ADAMS (1),NOT APPLICABLE
80012,2022,1,0,0,1,1,0,4,4,Colorado,January,20,Thursday,4:00pm-4:59pm,15,County Road,Rural,Local,County Highway Agency,This section IS NOT on the NHS,No Special Jurisdiction,Rollover/Overturn,The First Harmful Event was Not a Collision with a Motor Vehicle in Transport,No,Non-Junction,Not an Intersection,On Roadside,,Daylight,Clear,No,Not Applicable,38.11819444,-103.54002778,OTERO (89),NOT APPLICABLE
80013,2022,1,0,0,2,2,0,3,3,Colorado,January,21,Friday,6:00pm-6:59pm,2,U.S. Highway,Rural,Major Collector,State Highway Agency,This section IS NOT on the NHS,No Special Jurisdiction,Motor Vehicle In-Transport,Front-to-Front,No,Non-Junction,Not an Intersection,On Roadway,,Dark - Not Lighted,"Fog, Smog, Smoke",No,Not Applicable,39.17497222,-108.77151111,MESA (77),NOT APPLICABLE
80014,2022,1,1,1,1,1,0,1,1,Colorado,January,22,Saturday,10:00pm-10:59pm,52,County Road,Urban,Local,County Highway Agency,This section IS NOT on the NHS,No Special Jurisdiction,Pedestrian,The First Harmful Event was Not a Collision with a Motor Vehicle in Transport,No,Non-Junction,Not an Intersection,On Roadway,,Dark - Lighted,Clear,No,Not Applicable,39.79490278,-104.98725833,ADAMS (1),NOT APPLICABLE
80015,2022,2,0,0,2,2,0,4,4,Colorado,January,23,Sunday,9:00am-9:59am,50,U.S. Highway,Urban,Principal Arterial - Other Freeways and Expressways,State Highway Agency,This section IS ON the NHS,No Special Jurisdiction,Motor Vehicle In-Transport,Front-to-Rear,No,Intersection-Related,T-Intersection,On Roadway,,Daylight,Clear,No,Not Applicable,38.27459167,-104.45751111,PUEBLO (101),NOT APPLICABLE
80016,2022,1,0,0,2,2,0,2,2,Colorado,January,20,Thursday,5:00pm-5:59pm,37,U.S. Highway,Rural,Minor Arterial,State Highway Agency,This section IS NOT on the NHS,No Special Jurisdiction,Motor Vehicle In-Transport,Front-to-Front,No,Non-Junction,Not an Intersection,On Roadway,,Dusk,Cloudy,No,Not Applicable,40.06987222,-105.28356944,BOULDER (13),NOT APPLICABLE
80017,2022,1,0,0,1,1,0,1,1,Colorado,January,14,Friday,0:00am-0:59am,45,U.S. Highway,Rural,Major Collector,State Highway Agency,This section IS NOT on the NHS,No Special Jurisdiction,Rollover/Overturn,The First Harmful Event was Not a Collision with a Motor Vehicle in Transport,No,Non-Junction,Not an Intersection,On Roadside,,Dark - Not Lighted,Clear,No,Not Applicable,40.43442222,-103.37861111,WASHINGTON (121),NOT APPLICABLE
80018,2022,1,0,0,2,2,0,2,2,Colorado,January,17,Monday,4:00pm-4:59pm,5,County Road,Urban,Minor Arterial,County Highway Agency,This section IS NOT on the NHS,No Special Jurisdiction,Motor Vehicle In-Transport,Front-to-Rear,No,Intersection-Related,T-Intersection,On Roadway,,Daylight,Clear,No,Not Applicable,40.50677778,-107.53616667,MOFFAT (81),NOT APPLICABLE
80019,2022,1,0,0,1,1,0,1,1,Colorado,January,23,Sunday,9:00am-9:59am,0,State Highway,Rural,Major Collector,State Highway Agency,This section IS NOT on the NHS,No Special Jurisdiction,"Post, Pole or Other Supports",The First Harmful Event was Not a Collision with a Motor Vehicle in Transport,No,Non-Junction,Not an Intersection,On Roadside,,Daylight,Clear,No,Not Applicable,40.42648889,-103.80272222,MORGAN (87),NOT APPLICABLE
80020,2022,1,0,0,1,1,0,1,1,Colorado,January,26,Wednesday,5:00pm-5:59pm,0,State Highway,Urban,Principal Arterial - Other,State Highway Agency,This section IS ON the NHS,No Special Jurisdiction,Culvert,The First Harmful Event was Not a Collision with a Motor Vehicle in Transport,No,Non-Junction,Not an Intersection,On Roadside,,Daylight,Clear,No,Not Applicable,37.37871111,-108.55463889,MONTEZUMA (83),NOT APPLICABLE
80021,2022,1,0,0,1,1,0,1,1,Colorado,January,27,Thursday,3:00am-3:59am,0,County Road,Rural,Major Collector,County Highway Agency,This section IS NOT on the NHS,No Special Jurisdiction,Guardrail Face,The First Harmful Event was Not a Collision with a Motor Vehicle in Transport,No,Non-Junction,Not an Intersection,On Roadside,,Dark - Not Lighted,Clear,No,Not Applicable,37.23894444,-102.27684722,BACA (9),NOT APPLICABLE
80022,2022,1,0,0,3,3,0,4,4,Colorado,January,29,Saturday,6:00pm-6:59pm,45,Local Street - Municipality,Urban,Principal Arterial - Other,City or Municipal Highway Agency,This section IS ON the NHS,No Special Jurisdiction,Motor Vehicle In-Transport,Front-to-Front,No,Intersection,Four-Way Intersection,On Roadway,,Dark - Lighted,Clear,No,Not Applicable,39.67718611,-104.772375,ARAPAHOE (5),AURORA
80023,2022,1,0,0,2,2,0,2,2,Colorado,January,29,Saturday,6:00pm-6:59pm,45,Local Street - Municipality,Urban,Local,City or Municipal Highway Agency,This section IS NOT on the NHS,No Special Jurisdiction,Motor Vehicle In-Transport,Front-to-Front,No,Non-Junction,Not an Intersection,On Roadway,,Dark - Lighted,Clear,No,Not Applicable,39.72495556,-104.74205556,ARAPAHOE (5),AURORA
80024,2022,1,0,0,1,1,0,1,1,Colorado,January,29,Saturday,10:00pm-10:59pm,20,Local Street - Municipality,Urban,Principal Arterial - Other,City or Municipal Highway Agency,This section IS ON the NHS,No Special Jurisdiction,Tree (Standing Only),The First Harmful Event was Not a Collision with a Motor Vehicle in Transport,No,Non-Junction,Not an Intersection,On Median,,Dark - Lighted,Clear,No,Not Applicable,39.88516667,-104.98003333,ADAMS (1),THORNTON
80025,2022,1,0,0,1,1,0,1,1,Colorado,January,30,Sunday,0:00am-0:59am,48,Interstate,Urban,Interstate,State Highway Agency,This section IS ON the NHS,No Special Jurisdiction,Concrete Traffic Barrier,The First Harmful Event was Not a Collision with a Motor Vehicle in Transport,No,Non-Junction,Not an Intersection,On Median,Construction,Dark - Not Lighted,Clear,No,Not Applicable,40.42902778,-104.99265278,LARIMER (69),LOVELAND
80026,2022,1,0,0,1,1,0,1,1,Colorado,January,30,Sunday,3:00pm-3:59pm,59,Interstate,Rural,Interstate,State Highway Agency,This section IS ON the NHS,No Special Jurisdiction,"Post, Pole or Other Supports",The First Harmful Event was Not a Collision with a Motor Vehicle in Transport,No,Non-Junction,Not an Intersection,On Median,,Daylight,Clear,No,Not Applicable,37.01786111,-104.48408889,LAS ANIMAS (71),NOT APPLICABLE
80027,2022,1,0,0,1,1,0,1,1,Colorado,January,30,Sunday,10:00pm-10:59pm,20,County Road,Urban,Minor Arterial,County Highway Agency,This section IS NOT on the NHS,No Special Jurisdiction,Other Fixed Object,The First Harmful Event was Not a Collision with a Motor Vehicle in Transport,No,Intersection-Related,Four-Way Intersection,On Roadside,,Dark - Lighted,Clear,No,Not Applicable,39.82738333,-105.01058333,ADAMS (1),NOT APPLICABLE
80028,2022,1,0,0,2,2,0,2,2,Colorado,January,15,Saturday,12:00pm-12:59pm,44,Local Street - Municipality,Urban,Principal Arterial - Other,City or Municipal Highway Agency,This section IS ON the NHS,No Special Jurisdiction,Motor Vehicle In-Transport,Front-to-Front,No,Intersection,T-Intersection,On Roadway,,Daylight,Clear,No,Not Applicable,38.86762778,-104.7775,EL PASO (41),COLORADO SPRINGS
80029,2022,1,0,0,1,1,0,1,1,Colorado,January,31,Monday,1:00pm-1:59pm,25,County Road,Rural,Major Collector,County Highway Agency,This section IS NOT on the NHS,No Special Jurisdiction,Rollover/Overturn,The First Harmful Event was Not a Collision with a Motor Vehicle in Transport,No,Non-Junction,Not an Intersection,On Roadside,,Daylight,Clear,No,Not Applicable,37.29397222,-102.27703333,BACA (9),NOT APPLICABLE
80030,2022,1,0,0,3,3,0,6,6,Colorado,January,31,Monday,8:00pm-8:59pm,55,Interstate,Urban,Interstate,State Highway Agency,This section IS ON the NHS,No Special Jurisdiction,Motor Vehicle In-Transport,Sideswipe - Same Direction,No,Non-Junction,Not an Intersection,On Roadway,Construction,Dark - Not Lighted,Clear,No,Not Applicable,40.31231944,-104.98033333,WELD (123),NOT APPLICABLE
80031,2022,1,0,0,2,2,0,3,3,Colorado,January,25,Tuesday,0:00am-0:59am,42,Interstate,Urban,Interstate,State Highway Agency,This section IS ON the NHS,No Special Jurisdiction,Motor Vehicle In-Transport,Front-to-Front,No,Non-Junction,Not an Intersection,On Roadway,,Dark - Lighted,Clear,No,Not Applicable,38.271975,-104.60474167,PUEBLO (101),PUEBLO
80032,2022,1,0,0,2,2,0,2,2,Colorado,January,29,Saturday,0:00am-0:59am,20,Interstate,Urban,Interstate,State Highway Agency,This section IS ON the NHS,No Special Jurisdiction,Guardrail Face,The First Harmful Event was Not a Collision with a Motor Vehicle in Transport,No,Non-Junction,Not an Intersection,On Roadside,,Dark - Lighted,Clear,No,Not Applicable,38.25687778,-104.60646389,PUEBLO (101),PUEBLO
80033,2022,1,0,0,2,2,0,2,2,Colorado,January,31,Monday,7:00pm-7:59pm,2,Local Street - Municipality,Urban,Local,City or Municipal Highway Agency,This section IS NOT on the NHS,No Special Jurisdiction,Motor Vehicle In-Transport,Front-to-Front,No,Non-Junction,Not an Intersection,On Roadway,,Dark - Lighted,Cloudy,No,Not Applicable,39.60072222,-104.70301944,ARAPAHOE (5),AURORA
80034,2022,1,1,1,3,2,1,2,2,Colorado,January,3,Monday,7:00pm-7:59pm,24,U.S. Highway,Rural,Principal Arterial - Other Freeways and Expressways,State Highway Agency,This section IS ON the NHS,No Special Jurisdiction,Parked Motor Vehicle,The First Harmful Event was Not a Collision with a Motor Vehicle in Transport,No,Non-Junction,Not an Intersection,On Shoulder,,Dark - Not Lighted,Snow,No,Not Applicable,40.16713889,-104.81520833,WELD (123),PLATTEVILLE
80035,2022,1,0,0,1,1,0,1,1,Colorado,January,30,Sunday,9:00am-9:59am,47,Local Street - Municipality,Urban,Minor Arterial,City or Municipal Highway Agency,This section IS NOT on the NHS,No Special Jurisdiction,Curb,The First Harmful Event was Not a Collision with a Motor Vehicle in Transport,No,Intersection-Related,Four-Way Intersection,On Roadside,,Daylight,Clear,No,Not Applicable,39.84911667,-104.99704444,ADAMS (1),FEDERAL HEIGHTS
80036,2022,1,1,1,1,1,0,1,1,Colorado,January,21,Friday,10:00pm-10:59pm,50,State Highway,Urban,Principal Arterial - Other,State Highway Agency,This section IS ON the NHS,No Special Jurisdiction,Pedestrian,The First Harmful Event was Not a Collision with a Motor Vehicle in Transport,No,Non-Junction,Not an Intersection,On Roadway,,Dark - Lighted,Not Reported,No,Not Applicable,39.68266667,-105.02498889,DENVER (31),DENVER
80037,2022,1,0,0,3,3,0,4,4,Colorado,January,14,Friday,11:00am-11:59am,14,Local Street - Municipality,Urban,Principal Arterial - Other,City or Municipal Highway Agency,This section IS ON the NHS,No Special Jurisdiction,Motor Vehicle In-Transport,Front-to-Front,No,Intersection,T-Intersection,On Roadway,,Daylight,Cloudy,No,Not Applicable,39.70891667,-104.87545,DENVER (31),DENVER
80038,2022,1,0,0,1,1,0,1,1,Colorado,January,11,Tuesday,12:00pm-12:59pm,32,Local Street - Municipality,Urban,Principal Arterial - Other Freeways and Expressways,City or Municipal Highway Agency,This section IS ON the NHS,No Special Jurisdiction,"Post, Pole or Other Supports",The First Harmful Event was Not a Collision with a Motor Vehicle in Transport,No,Non-Junction,Not an Intersection,On Median,,Daylight,Clear,No,Not Applicable,39.78962778,-104.78921111,DENVER (31),DENVER
80039,2022,1,1,1,1,1,0,1,1,Colorado,February,1,Tuesday,5:00am-5:59am,28,Local Street - Municipality,Urban,Minor Arterial,City or Municipal Highway Agency,This section IS NOT on the NHS,No Special Jurisdiction,Non-Motorist on Personal Conveyance,The First Harmful Event was Not a Collision with a Motor Vehicle in Transport,No,Non-Junction,Not an Intersection,On Roadway,,Dark - Not Lighted,Clear,No,Not Applicable,40.40343889,-104.73510833,WELD (123),GREELEY
80040,2022,2,0,0,2,2,0,3,3,Colorado,February,1,Tuesday,10:00am-10:59am,5,State Highway,Rural,Major Collector,State Highway Agency,This section IS NOT on the NHS,No Special Jurisdiction,Motor Vehicle In-Transport,Sideswipe - Same Direction,No,Driveway Access Related,Not an Intersection,On Roadway,,Daylight,Clear,No,Not Applicable,37.12473333,-104.72163333,LAS ANIMAS (71),NOT APPLICABLE
80041,2022,1,0,0,2,2,0,2,2,Colorado,February,1,Tuesday,2:00pm-2:59pm,15,State Highway,Rural,Principal Arterial - Other,State Highway Agency,This section IS ON the NHS,No Special Jurisdiction,Motor Vehicle In-Transport,Angle,No,Intersection,Four-Way Intersection,On Roadway,,Daylight,Cloudy,No,Not Applicable,40.62388056,-103.353925,LOGAN (75),NOT APPLICABLE
80042,2022,1,0,0,3,3,0,4,4,Colorado,February,1,Tuesday,4:00pm-4:59pm,19,U.S. Highway,Rural,Principal Arterial - Other,State Highway Agency,This section IS ON the NHS,No Special Jurisdiction,Motor Vehicle In-Transport,Angle,No,Non-Junction,Not an Intersection,On Roadway,,Daylight,Snow,No,Not Applicable,40.02943056,-105.10264444,BOULDER (13),NOT APPLICABLE
80043,2022,1,0,0,2,2,0,3,3,Colorado,February,1,Tuesday,4:00pm-4:59pm,37,U.S. Highway,Rural,Principal Arterial - Other Freeways and Expressways,State Highway Agency,This section IS ON the NHS,No Special Jurisdiction,Motor Vehicle In-Transport,Front-to-Front,No,Non-Junction,Not an Intersection,On Roadway,,Dark - Not Lighted,Snow,No,Not Applicable,40.24315833,-105.10286111,BOULDER (13),NOT APPLICABLE
80044,2022,1,0,0,2,2,0,3,3,Colorado,February,2,Wednesday,5:00pm-5:59pm,35,Interstate,Rural,Interstate,State Highway Agency,This section IS ON the NHS,No Special Jurisdiction,Motor Vehicle In-Transport,Front-to-Rear,Yes,Entrance/Exit Ramp,Not an Intersection,On Roadway,,Dark - Lighted,Snow,No,Not Applicable,39.74085278,-105.49656111,CLEAR CREEK (19),IDAHO SPRINGS
80045,2022,1,0,0,2,2,0,3,3,Colorado,February,5,Saturday,3:00am-3:59am,35,U.S. Highway,Rural,Major Collector,State Highway Agency,This section IS NOT on the NHS,No Special Jurisdiction,Motor Vehicle In-Transport,Front-to-Front,No,Non-Junction,Not an Intersection,On Roadway,,Dark - Not Lighted,Clear,No,Not Applicable,39.75625,-104.46205556,ADAMS (1),NOT APPLICABLE
80046,2022,1,0,0,1,1,0,1,1,Colorado,February,6,Sunday,11:00am-11:59am,24,Interstate,Urban,Interstate,State Highway Agency,This section IS ON the NHS,No Special Jurisdiction,Concrete Traffic Barrier,The First Harmful Event was Not a Collision with a Motor Vehicle in Transport,Yes,Entrance/Exit Ramp Related,Not an Intersection,On Roadside,,Daylight,Clear,No,Not Applicable,39.73766667,-105.01362222,DENVER (31),DENVER
80047,2022,1,1,1,1,1,0,1,1,Colorado,February,6,Sunday,2:00am-2:59am,4,Local Street - Municipality,Urban,Local,City or Municipal Highway Agency,This section IS NOT on the NHS,No Special Jurisdiction,Pedestrian,The First Harmful Event was Not a Collision with a Motor Vehicle in Transport,No,Non-Junction,Not an Intersection,On Roadway,,Dark - Lighted,Clear,No,Not Applicable,39.70546111,-105.02386667,DENVER (31),DENVER
80048,2022,1,0,0,1,1,0,1,1,Colorado,February,7,Monday,11:00pm-11:59pm,6,Local Street - Municipality,Urban,Major Collector,City or Municipal Highway Agency,This section IS NOT on the NHS,No Special Jurisdiction,Curb,The First Harmful Event was Not a Collision with a Motor Vehicle in Transport,No,Non-Junction,Not an Intersection,On Roadside,,Dark - Lighted,Clear,No,Not Applicable,39.6895,-105.07839444,JEFFERSON (59),LAKEWOOD
80049,2022,1,0,0,1,1,0,1,1,Colorado,February,9,Wednesday,7:00pm-7:59pm,32,State Highway,Rural,Major Collector,State Highway Agency,This section IS NOT on the NHS,No Special Jurisdiction,Traffic Sign Support,The First Harmful Event was Not a Collision with a Motor Vehicle in Transport,No,Non-Junction,Not an Intersection,On Roadside,,Dark - Not Lighted,Clear,No,Not Applicable,38.13933889,-104.81598611,PUEBLO (101),NOT APPLICABLE
80050,2022,1,2,2,2,2,0,1,1,Colorado,February,10,Thursday,8:00am-8:59am,35,State Highway,Rural,Principal Arterial - Other,State Highway Agency,This section IS ON the NHS,No Special Jurisdiction,Pedestrian,The First Harmful Event was Not a Collision with a Motor Vehicle in Transport,No,Non-Junction,Not an Intersection,On Shoulder,Construction,Daylight,Clear,No,Not Applicable,37.19551111,-107.76451667,LA PLATA (67),NOT APPLICABLE
80051,2022,1,0,0,2,2,0,3,3,Colorado,February,12,Saturday,12:00pm-12:59pm,22,Local Street - Municipality,Urban,Minor Arterial,City or Municipal Highway Agency,This section IS NOT on the NHS,No Special Jurisdiction,Motor Vehicle In-Transport,Angle,No,Intersection,Four-Way Intersection,On Roadway,,Daylight,Clear,No,Not Applicable,39.76073611,-104.96601944,DENVER (31),DENVER