ST_CASE,YEAR,FATALS,PEDS,PERNOTMVIT,VE_TOTAL,VE_FORMS,PVH_INVL,PERSONS,PERMVIT,STATENAME,MONTHNAME,DAYNAME,DAY_WEEKNAME,HOURNAME,MINUTENAME,ROUTENAME,RUR_URBNAME,FUNC_SYSNAME,RD_OWNERNAME,NHSNAME,SP_JURNAME,HARM_EVNAME,MAN_COLLNAME,RELJCT1NAME,RELJCT2NAME,TYP_INTNAME,REL_ROADNAME,WRK_ZONENAME,LGT_CONDNAME,WEATHERNAME,SCH_BUSNAME,RAILNAME,LATITUDE,LONGITUD,COUNTYNAME,CITYNAME
80119,2022,1,0,0,2,2,0,6,6,Colorado,March,28,Monday,3:00pm-3:59pm,0,U.S. Highway,Rural,Principal Arterial - Other,State Highway Agency,This section IS ON the NHS,No Special Jurisdiction,Motor Vehicle In-Transport,Angle,No,Intersection,T-Intersection,On Roadway,,Daylight,Clear,No,Not Applicable,38.75191667,-108.15688889,DELTA (29),NOT APPLICABLE
80120,2022,1,0,0,2,2,0,2,2,Colorado,March,24,Thursday,10:00am-10:59am,32,Local Street - Municipality,Urban,Minor Arterial,City or Municipal Highway Agency,This section IS NOT on the NHS,No Special Jurisdiction,Motor Vehicle In-Transport,Angle,No,Intersection,Four-Way Intersection,On Roadway,,Daylight,Clear,No,Not Applicable,39.72414167,-105.00014444,DENVER (31),DENVER
80121,2022,1,0,0,2,2,0,3,3,Colorado,March,31,Thursday,4:00pm-4:59pm,51,Local Street - Municipality,Urban,Principal Arterial - Other,City or Municipal Highway Agency,This section IS ON the NHS,No Special Jurisdiction,Motor Vehicle In-Transport,Angle,No,Intersection,T-Intersection,On Roadway,,Daylight,Clear,No,Not Applicable,39.696625,-104.86830833,DENVER (31),DENVER
80122,2022,1,0,0,2,2,0,2,2,Colorado,March,31,Thursday,11:00am-11:59am,15,State Highway,Urban,Principal Arterial - Other,State Highway Agency,This section IS ON the NHS,No Special Jurisdiction,Motor Vehicle In-Transport,Angle,No,Intersection,T-Intersection,On Roadway,,Daylight,Clear,No,Not Applicable,39.74565278,-105.10968056,JEFFERSON (59),LAKEWOOD
80123,2022,1,0,0,2,2,0,2,2,Colorado,January,24,Monday,9:00am-9:59am,1,Local Street - Municipality,Urban,Principal Arterial - Other,City or Municipal Highway Agency,This section IS ON the NHS,No Special Jurisdiction,Motor Vehicle In-Transport,Angle,No,Non-Junction,Not an Intersection,On Roadway,,Daylight,Clear,No,Not Applicable,38.91515,-104.68285556,EL PASO (41),COLORADO SPRINGS
80124,2022,1,0,0,2,2,0,2,2,Colorado,April,2,Saturday,9:00am-9:59am,50,U.S. Highway,Rural,Principal Arterial - Other,State Highway Agency,This section IS ON the NHS,No Special Jurisdiction,Motor Vehicle In-Transport,Angle,No,Intersection,Four-Way Intersection,On Roadway,,Daylight,Clear,No,Not Applicable,38.39168056,-104.9683,FREMONT (43),NOT APPLICABLE
80125,2022,2,0,0,2,2,0,3,3,Colorado,April,2,Saturday,11:00am-11:59am,46,State Highway,Rural,Minor Arterial,State Highway Agency,This section IS NOT on the NHS,No Special Jurisdiction,Motor Vehicle In-Transport,Front-to-Front,No,Non-Junction,Not an Intersection,On Roadway,,Daylight,Clear,No,Not Applicable,38.50158889,-104.95692778,FREMONT (43),NOT APPLICABLE
80126,2022,2,0,0,1,1,0,2,2,Colorado,April,2,Saturday,4:00pm-4:59pm,25,Local Street - Municipality,Urban,Major Collector,City or Municipal Highway Agency,This section IS NOT on the NHS,No Special Jurisdiction,Tree (Standing Only),The First Harmful Event was Not a Collision with a Motor Vehicle in Transport,No,Non-Junction,Not an Intersection,Outside Trafficway,,Daylight,Clear,No,Not Applicable,39.84176111,-105.04095833,ADAMS (1),WESTMINSTER
80127,2022,1,0,0,1,1,0,1,1,Colorado,April,2,Saturday,5:00pm-5:59pm,50,Local Street - Municipality,Urban,Local,City or Municipal Highway Agency,This section IS NOT on the NHS,No Special Jurisdiction,Curb,The First Harmful Event was Not a Collision with a Motor Vehicle in Transport,No,Non-Junction,Not an Intersection,On Roadside,,Daylight,Clear,No,Not Applicable,38.85790556,-104.70900833,EL PASO (41),NOT APPLICABLE
80128,2022,1,0,0,2,2,0,2,2,Colorado,April,1,Friday,0:00am-0:59am,37,State Highway,Urban,Principal Arterial - Other,State Highway Agency,This section IS ON the NHS,No Special Jurisdiction,Motor Vehicle In-Transport,Angle,No,Intersection,Four-Way Intersection,On Roadway,,Dark - Lighted,Clear,No,Not Applicable,39.76186667,-104.94047778,DENVER (31),DENVER
80129,2022,1,1,1,1,1,0,1,1,Colorado,April,1,Friday,10:00pm-10:59pm,46,Local Street - Municipality,Urban,Principal Arterial - Other,City or Municipal Highway Agency,This section IS ON the NHS,No Special Jurisdiction,Pedestrian,The First Harmful Event was Not a Collision with a Motor Vehicle in Transport,No,Intersection-Related,Four-Way Intersection,On Roadway,,Dark - Lighted,Clear,No,Not Applicable,39.72732778,-104.98758333,DENVER (31),DENVER
80130,2022,1,0,0,2,2,0,5,5,Colorado,April,2,Saturday,8:00pm-8:59pm,1,U.S. Highway,Rural,Principal Arterial - Other,State Highway Agency,This section IS ON the NHS,No Special Jurisdiction,Motor Vehicle In-Transport,Angle,No,Intersection,Four-Way Intersection,On Roadway,,Dark - Lighted,Clear,No,Not Applicable,37.28361111,-105.95884444,CONEJOS (21),NOT APPLICABLE
80131,2022,1,0,0,4,4,0,9,9,Colorado,April,3,Sunday,12:00pm-12:59pm,6,County Road,Urban,Minor Arterial,County Highway Agency,This section IS NOT on the NHS,No Special Jurisdiction,Motor Vehicle In-Transport,Angle,No,Intersection,Four-Way Intersection,On Roadway,,Daylight,Clear,No,Not Applicable,39.09175556,-108.45953333,MESA (77),NOT APPLICABLE
80132,2022,1,0,0,2,2,0,2,2,Colorado,April,1,Friday,8:00pm-8:59pm,52,State Highway,Urban,Principal Arterial - Other Freeways and Expressways,State Highway Agency,This section IS ON the NHS,No Special Jurisdiction,Motor Vehicle In-Transport,Front-to-Rear,No,Non-Junction,Not an Intersection,On Roadway,,Dark - Not Lighted,Clear,No,Not Applicable,38.30268611,-104.57864444,PUEBLO (101),PUEBLO
80133,2022,1,0,0,1,1,0,1,1,Colorado,April,5,Tuesday,3:00am-3:59am,40,Local Street - Frontage Road,Rural,Interstate,State Highway Agency,This section IS ON the NHS,No Special Jurisdiction,Rollover/Overturn,The First Harmful Event was Not a Collision with a Motor Vehicle in Transport,No,Non-Junction,Not an Intersection,On Roadway,,Dark - Not Lighted,Clear,No,Not Applicable,39.28381389,-103.04613889,KIT CARSON (63),NOT APPLICABLE
80134,2022,1,4,4,1,1,0,1,1,Colorado,April,2,Saturday,6:00pm-6:59pm,37,Local Street - Municipality,Urban,Major Collector,City or Municipal Highway Agency,This section IS NOT on the NHS,No Special Jurisdiction,Pedestrian,The First Harmful Event was Not a Collision with a Motor Vehicle in Transport,No,Non-Junction,Not an Intersection,On Roadway,,Daylight,Clear,No,Not Applicable,40.46521667,-104.87534167,WELD (123),WINDSOR
80135,2022,2,0,0,4,4,0,7,7,Colorado,April,8,Friday,8:00pm-8:59pm,16,State Highway,Urban,Principal Arterial - Other,State Highway Agency,This section IS ON the NHS,No Special Jurisdiction,Motor Vehicle In-Transport,Angle,No,Intersection,Four-Way Intersection,On Roadway,,Dark - Lighted,Clear,No,Not Applicable,39.72548611,-104.81048611,ARAPAHOE (5),AURORA
80136,2022,1,0,0,1,1,0,1,1,Colorado,April,9,Saturday,12:00pm-12:59pm,55,State Highway,Rural,Minor Arterial,State Highway Agency,This section IS NOT on the NHS,No Special Jurisdiction,Rollover/Overturn,The First Harmful Event was Not a Collision with a Motor Vehicle in Transport,No,Non-Junction,Not an Intersection,On Shoulder,,Daylight,Clear,No,Not Applicable,39.88024444,-105.31042778,JEFFERSON (59),NOT APPLICABLE
80137,2022,2,0,0,3,3,0,4,4,Colorado,April,9,Saturday,11:00pm-11:59pm,20,State Highway,Urban,Principal Arterial - Other Freeways and Expressways,State Highway Agency,This section IS ON the NHS,No Special Jurisdiction,Motor Vehicle In-Transport,Front-to-Front,No,Non-Junction,Not an Intersection,On Roadway,,Dark - Lighted,Clear,No,Not Applicable,40.04116111,-105.24465,BOULDER (13),NOT APPLICABLE
80138,2022,1,1,1,1,1,0,1,1,Colorado,April,3,Sunday,9:00pm-9:59pm,45,Local Street - Municipality,Urban,Principal Arterial - Other,City or Municipal Highway Agency,This section IS ON the NHS,No Special Jurisdiction,Pedestrian,The First Harmful Event was Not a Collision with a Motor Vehicle in Transport,No,Non-Junction,Not an Intersection,On Roadway,,Dark - Not Lighted,Clear,No,Not Applicable,39.70506944,-104.79080556,ARAPAHOE (5),AURORA
80139,2022,1,0,0,3,3,0,5,5,Colorado,April,7,Thursday,7:00am-7:59am,12,Local Street - Municipality,Urban,Minor Arterial,City or Municipal Highway Agency,This section IS NOT on the NHS,No Special Jurisdiction,Motor Vehicle In-Transport,Front-to-Rear,No,Intersection-Related,Four-Way Intersection,On Roadway,,Dawn,Clear,No,Not Applicable,39.06280278,-108.51597222,MESA (77),GRAND JUNCTION
80140,2022,1,1,1,1,1,0,1,1,Colorado,April,7,Thursday,9:00pm-9:59pm,6,State Highway,Urban,Principal Arterial - Other,State Highway Agency,This section IS ON the NHS,No Special Jurisdiction,Pedestrian,The First Harmful Event was Not a Collision with a Motor Vehicle in Transport,No,Non-Junction,Not an Intersection,On Roadway,,Dark - Not Lighted,Clear,No,Not Applicable,39.72861667,-105.10978889,JEFFERSON (59),LAKEWOOD
80141,2022,1,0,0,1,1,0,1,1,Colorado,April,11,Monday,6:00am-6:59am,57,County Road,Urban,Major Collector,County Highway Agency,This section IS NOT on the NHS,No Special Jurisdiction,Other Object (not fixed),The First Harmful Event was Not a Collision with a Motor Vehicle in Transport,No,Non-Junction,Not an Intersection,Outside Trafficway,,Dark - Not Lighted,Clear,No,Not Applicable,40.54532222,-105.14666667,LARIMER (69),NOT APPLICABLE
80142,2022,1,0,0,1,1,0,3,3,Colorado,April,12,Tuesday,6:00pm-6:59pm,20,State Highway,Urban,Principal Arterial - Other Freeways and Expressways,State Highway Agency,This section IS ON the NHS,No Special Jurisdiction,Cable Barrier,The First Harmful Event was Not a Collision with a Motor Vehicle in Transport,Yes,Other location within Interchange Area,Not an Intersection,On Median,,Daylight,Clear,No,Not Applicable,39.67878056,-104.72565556,ARAPAHOE (5),NOT APPLICABLE
80143,2022,1,1,1,1,1,0,1,1,Colorado,April,8,Friday,7:00pm-7:59pm,0,U.S. Highway,Urban,Principal Arterial - Other,State Highway Agency,This section IS ON the NHS,No Special Jurisdiction,Non-Motorist on Personal Conveyance,The First Harmful Event was Not a Collision with a Motor Vehicle in Transport,No,Intersection-Related,Four-Way Intersection,On Roadway,,Daylight,Clear,No,Not Applicable,39.74002778,-104.96358333,DENVER (31),DENVER
80144,2022,1,0,0,1,1,0,1,1,Colorado,April,14,Thursday,7:00pm-7:59pm,5,County Road,Rural,Local,County Highway Agency,This section IS NOT on the NHS,No Special Jurisdiction,Rollover/Overturn,The First Harmful Event was Not a Collision with a Motor Vehicle in Transport,No,Non-Junction,Not an Intersection,On Roadway,,Daylight,Cloudy,No,Not Applicable,37.3711,-108.60670833,MONTEZUMA (83),NOT APPLICABLE
80145,2022,1,0,0,5,5,0,5,5,Colorado,April,15,Friday,3:00pm-3:59pm,12,State Highway,Urban,Principal Arterial - Other,State Highway Agency,This section IS ON the NHS,No Special Jurisdiction,Motor Vehicle In-Transport,Sideswipe - Same Direction,No,Non-Junction,Not an Intersection,On Roadway,,Daylight,Clear,No,Not Applicable,39.44638889,-104.75981389,DOUGLAS (35),NOT APPLICABLE
80146,2022,1,0,0,2,2,0,4,4,Colorado,April,17,Sunday,12:00pm-12:59pm,27,Local Street - Municipality,Urban,Minor Arterial,City or Municipal Highway Agency,This section IS NOT on the NHS,No Special Jurisdiction,Motor Vehicle In-Transport,Angle,No,Intersection,Four-Way Intersection,On Roadway,,Daylight,Clear,No,Not Applicable,39.73871111,-104.89873889,DENVER (31),DENVER
80147,2022,1,0,0,4,4,0,5,5,Colorado,April,17,Sunday,2:00pm-2:59pm,20,U.S. Highway,Rural,Principal Arterial - Other,State Highway Agency,This section IS ON the NHS,No Special Jurisdiction,Rollover/Overturn,The First Harmful Event was Not a Collision with a Motor Vehicle in Transport,No,Non-Junction,Not an Intersection,On Median,,Daylight,Severe Crosswinds,No,Not Applicable,39.60935,-105.23188889,JEFFERSON (59),NOT APPLICABLE
80148,2022,1,1,1,1,1,0,1,1,Colorado,April,19,Tuesday,9:00pm-9:59pm,7,U.S. Highway,Urban,Principal Arterial - Other Freeways and Expressways,State Highway Agency,This section IS ON the NHS,No Special Jurisdiction,Pedestrian,The First Harmful Event was Not a Collision with a Motor Vehicle in Transport,No,Non-Junction,Not an Intersection,On Roadway,,Dark - Lighted,Clear,No,Not Applicable,39.95989722,-105.17074722,BOULDER (13),NOT APPLICABLE
80149,2022,1,0,0,1,1,0,1,1,Colorado,April,20,Wednesday,3:00am-3:59am,6,State Highway,Urban,Principal Arterial - Other Freeways and Expressways,State Highway Agency,This section IS ON the NHS,No Special Jurisdiction,Rollover/Overturn,The First Harmful Event was Not a Collision with a Motor Vehicle in Transport,No,Non-Junction,Not an Intersection,On Roadside,,Dark - Not Lighted,Clear,No,Not Applicable,39.77104444,-105.18694444,JEFFERSON (59),NOT APPLICABLE
80150,2022,1,0,0,1,1,0,2,2,Colorado,April,20,Wednesday,10:00pm-10:59pm,25,Interstate,Urban,Interstate,State Highway Agency,This section IS ON the NHS,No Special Jurisdiction,Rollover/Overturn,The First Harmful Event was Not a Collision with a Motor Vehicle in Transport,No,Non-Junction,Not an Intersection,On Roadside,,Dark - Not Lighted,Clear,No,Not Applicable,39.07410278,-104.85816389,EL PASO (41),NOT APPLICABLE
80151,2022,1,0,0,1,1,0,1,1,Colorado,April,20,Wednesday,10:00pm-10:59pm,40,County Road,Rural,Minor Collector,County Highway Agency,This section IS NOT on the NHS,No Special Jurisdiction,Rollover/Overturn,The First Harmful Event was Not a Collision with a Motor Vehicle in Transport,No,Non-Junction,Not an Intersection,On Roadside,,Dark - Lighted,Clear,No,Not Applicable,37.0729,-105.39061389,COSTILLA (23),NOT APPLICABLE
80152,2022,1,0,0,3,3,0,2,2,Colorado,April,1,Friday,6:00am-6:59am,15,County Road,Rural,Minor Collector,County Highway Agency,This section IS NOT on the NHS,No Special Jurisdiction,Motor Vehicle In-Transport,Sideswipe - Same Direction,No,Non-Junction,Not an Intersection,On Roadway,,Dark - Not Lighted,Clear,No,Not Applicable,38.83111111,-104.25885556,EL PASO (41),NOT APPLICABLE
80153,2022,1,0,0,1,1,0,1,1,Colorado,April,21,Thursday,1:00am-1:59am,55,Local Street - Municipality,Urban,Major Collector,City or Municipal Highway Agency,This section IS NOT on the NHS,No Special Jurisdiction,Curb,The First Harmful Event was Not a Collision with a Motor Vehicle in Transport,No,Intersection-Related,T-Intersection,On Median,,Dark - Lighted,Clear,No,Not Applicable,39.79837778,-105.0674,JEFFERSON (59),ARVADA
80154,2022,1,0,0,1,1,0,2,2,Colorado,April,21,Thursday,5:00am-5:59am,3,U.S. Highway,Rural,Principal Arterial - Other,State Highway Agency,This section IS ON the NHS,No Special Jurisdiction,"Post, Pole or Other Supports",The First Harmful Event was Not a Collision with a Motor Vehicle in Transport,No,Non-Junction,Not an Intersection,On Roadside,,Dark - Not Lighted,Clear,No,Not Applicable,37.41206944,-106.89708889,MINERAL (79),NOT APPLICABLE
80155,2022,1,0,0,1,1,0,1,1,Colorado,April,20,Wednesday,11:00pm-11:59pm,0,State Highway,Urban,Minor Arterial,State Highway Agency,This section IS NOT on the NHS,No Special Jurisdiction,Culvert,The First Harmful Event was Not a Collision with a Motor Vehicle in Transport,No,Non-Junction,Not an Intersection,On Roadside,,Dark - Not Lighted,Clear,No,Not Applicable,38.47449167,-107.88988611,MONTROSE (85),NOT APPLICABLE
80156,2022,1,0,0,2,2,0,5,5,Colorado,April,22,Friday,2:00pm-2:59pm,41,Interstate,Rural,Interstate,State Highway Agency,This section IS ON the NHS,No Special Jurisdiction,Motor Vehicle In-Transport,Front-to-Front,No,Non-Junction,Not an Intersection,On Roadway,,Daylight,Severe Crosswinds,No,Not Applicable,40.37991111,-103.39218889,WASHINGTON (121),NOT APPLICABLE
80157,2022,1,0,0,3,3,0,3,3,Colorado,April,4,Monday,12:00pm-12:59pm,38,Local Street - Municipality,Urban,Principal Arterial - Other,City or Municipal Highway Agency,This section IS ON the NHS,No Special Jurisdiction,Motor Vehicle In-Transport,Front-to-Front,No,Non-Junction,Not an Intersection,On Roadway,,Daylight,Clear,No,Not Applicable,38.85934444,-104.79429167,EL PASO (41),COLORADO SPRINGS
80158,2022,1,0,0,1,1,0,1,1,Colorado,April,11,Monday,10:00pm-10:59pm,44,Local Street - Municipality,Urban,Principal Arterial - Other,City or Municipal Highway Agency,This section IS ON the NHS,No Special Jurisdiction,Tree (Standing Only),The First Harmful Event was Not a Collision with a Motor Vehicle in Transport,No,Non-Junction,Not an Intersection,On Roadside,,Dark - Not Lighted,Clear,No,Not Applicable,39.79802222,-104.82891389,DENVER (31),DENVER
80159,2022,1,0,0,1,1,0,1,1,Colorado,April,15,Friday,6:00am-6:59am,18,U.S. Highway,Urban,Principal Arterial - Other Freeways and Expressways,State Highway Agency,This section IS ON the NHS,No Special Jurisdiction,Rollover/Overturn,The First Harmful Event was Not a Collision with a Motor Vehicle in Transport,No,Non-Junction,Not an Intersection,On Roadside,,Daylight,Clear,No,Not Applicable,40.05874722,-104.81883333,WELD (123),FORT LUPTON
80160,2022,1,0,0,2,2,0,2,2,Colorado,April,12,Tuesday,12:00pm-12:59pm,17,Local Street - Municipality,Urban,Minor Arterial,City or Municipal Highway Agency,This section IS NOT on the NHS,No Special Jurisdiction,Motor Vehicle In-Transport,Angle,No,Intersection,Four-Way Intersection,On Roadway,,Daylight,Clear,No,Not Applicable,39.76921944,-105.00807222,DENVER (31),DENVER
80161,2022,1,0,0,2,2,0,3,3,Colorado,April,26,Tuesday,11:00pm-11:59pm,6,Local Street - Municipality,Urban,Principal Arterial - Other,City or Municipal Highway Agency,This section IS ON the NHS,No Special Jurisdiction,Rollover/Overturn,The First Harmful Event was Not a Collision with a Motor Vehicle in Transport,No,Intersection-Related,Four-Way Intersection,On Roadway,,Dark - Lighted,Clear,No,Not Applicable,39.68586111,-104.79111111,ARAPAHOE (5),AURORA
80162,2022,1,0,0,2,2,0,2,2,Colorado,April,27,Wednesday,3:00am-3:59am,5,Interstate,Urban,Interstate,State Highway Agency,This section IS ON the NHS,No Special Jurisdiction,Motor Vehicle In-Transport,Front-to-Rear,No,Non-Junction,Not an Intersection,On Roadway,,Dark - Not Lighted,Clear,No,Not Applicable,39.88076667,-104.88580556,ADAMS (1),NOT APPLICABLE
80163,2022,2,0,0,2,2,0,3,3,Colorado,April,27,Wednesday,10:00pm-10:59pm,19,U.S. Highway,Rural,Principal Arterial - Other,State Highway Agency,This section IS ON the NHS,No Special Jurisdiction,Motor Vehicle In-Transport,Front-to-Front,No,Non-Junction,Not an Intersection,On Roadway,,Dark - Not Lighted,Clear,No,Not Applicable,37.22109167,-107.62822222,LA PLATA (67),NOT APPLICABLE
80164,2022,1,0,0,3,3,0,4,4,Colorado,April,29,Friday,5:00pm-5:59pm,35,State Highway,Rural,Minor Arterial,State Highway Agency,This section IS NOT on the NHS,No Special Jurisdiction,Motor Vehicle In-Transport,Front-to-Front,No,Non-Junction,Not an Intersection,On Roadway,,Daylight,Clear,No,Not Applicable,39.349,-106.22118889,LAKE (65),NOT APPLICABLE
80165,2022,1,0,0,1,1,0,1,1,Colorado,April,30,Saturday,3:00am-3:59am,0,Interstate,Urban,Interstate,State Highway Agency,This section IS ON the NHS,No Special Jurisdiction,Utility Pole/Light Support,The First Harmful Event was Not a Collision with a Motor Vehicle in Transport,No,Non-Junction,Not an Intersection,On Roadside,,Dark - Lighted,Clear,No,Not Applicable,39.09291667,-104.86308611,EL PASO (41),NOT APPLICABLE
80166,2022,2,0,0,1,1,0,3,3,Colorado,April,30,Saturday,2:00pm-2:59pm,3,State Highway,Urban,Principal Arterial - Other Freeways and Expressways,State Highway Agency,This section IS ON the NHS,No Special Jurisdiction,Traffic Sign Support,The First Harmful Event was Not a Collision with a Motor Vehicle in Transport,Yes,Other location within Interchange Area,Not an Intersection,On Median,,Daylight,Clear,No,Not Applicable,39.55874444,-105.00111111,DOUGLAS (35),NOT APPLICABLE
80167,2022,1,0,0,1,1,0,1,1,Colorado,April,30,Saturday,11:00pm-11:59pm,53,County Road,Rural,Major Collector,County Highway Agency,This section IS NOT on the NHS,No Special Jurisdiction,"Post, Pole or Other Supports",The First Harmful Event was Not a Collision with a Motor Vehicle in Transport,No,Non-Junction,Not an Intersection,On Roadside,,Dark - Not Lighted,Clear,No,Not Applicable,40.54068056,-103.34908333,LOGAN (75),NOT APPLICABLE
80168,2022,1,0,0,2,2,0,3,3,Colorado,April,8,Friday,6:00pm-6:59pm,10,Local Street - Municipality,Urban,Major Collector,City or Municipal Highway Agency,This section IS NOT on the NHS,No Special Jurisdiction,Motor Vehicle In-Transport,Angle,No,Intersection,Four-Way Intersection,On Roadway,,Daylight,Clear,No,Not Applicable,39.75078889,-104.98498889,DENVER (31),DENVER
80169,2022,1,0,0,2,2,0,2,2,Colorado,April,9,Saturday,3:00am-3:59am,15,State Highway,Urban,Principal Arterial - Other,State Highway Agency,This section IS ON the NHS,No Special Jurisdiction,Motor Vehicle In-Transport,Angle,No,Intersection,Four-Way Intersection,On Roadway,,Dark - Lighted,Clear,No,Not Applicable,39.71131667,-105.05322778,DENVER (31),DENVER
80170,2022,2,0,0,2,2,0,7,7,Colorado,April,23,Saturday,2:00am-2:59am,24,State Highway,Urban,Principal Arterial - Other,State Highway Agency,This section IS ON the NHS,No Special Jurisdiction,Curb,The First Harmful Event was Not a Collision with a Motor Vehicle in Transport,No,Non-Junction,Not an Intersection,On Median,,Dark - Lighted,Clear,No,Not Applicable,38.27053889,-104.62002222,PUEBLO (101),PUEBLO
80171,2022,1,0,0,3,3,0,3,3,Colorado,April,4,Monday,2:00pm-2:59pm,27,Local Street - Municipality,Urban,Principal Arterial - Other,City or Municipal Highway Agency,This section IS ON the NHS,No Special Jurisdiction,Motor Vehicle In-Transport,Angle,No,Intersection,Four-Way Intersection,On Roadway,,Daylight,Clear,No,Not Applicable,38.83578333,-104.7575,EL PASO (41),COLORADO SPRINGS
80172,2022,1,0,0,1,1,0,2,2,Colorado,April,7,Thursday,0:00am-0:59am,59,Local Street - Municipality,Urban,Local,City or Municipal Highway Agency,This section IS NOT on the NHS,No Special Jurisdiction,Rollover/Overturn,The First Harmful Event was Not a Collision with a Motor Vehicle in Transport,Yes,Entrance/Exit Ramp Related,Not an Intersection,On Median,,Dark - Lighted,Clear,No,Not Applicable,38.79986111,-104.77925,EL PASO (41),COLORADO SPRINGS
80173,2022,1,0,0,1,1,0,1,1,Colorado,April,20,Wednesday,3:00pm-3:59pm,51,State Highway,Rural,Principal Arterial - Other,State Highway Agency,This section IS ON the NHS,No Special Jurisdiction,Rollover/Overturn,The First Harmful Event was Not a Collision with a Motor Vehicle in Transport,No,Non-Junction,Not an Intersection,On Roadway,,Daylight,Clear,No,Not Applicable,39.98640556,-104.94576944,ADAMS (1),THORNTON
80174,2022,1,0,0,3,3,0,5,5,Colorado,April,26,Tuesday,11:00am-11:59am,22,U.S. Highway,Rural,Principal Arterial - Other,State Highway Agency,This section IS ON the NHS,No Special Jurisdiction,Motor Vehicle In-Transport,Angle,No,Intersection,Four-Way Intersection,On Roadway,,Daylight,Clear,No,Not Applicable,38.06421667,-103.74766667,OTERO (89),NOT APPLICABLE
80175,2022,1,0,0,2,2,0,2,2,Colorado,April,8,Friday,11:00am-11:59am,56,Local Street - Municipality,Urban,Principal Arterial - Other,City or Municipal Highway Agency,This section IS ON the NHS,No Special Jurisdiction,Motor Vehicle In-Transport,Angle,No,Intersection,Four-Way Intersection,On Roadway,,Daylight,Clear,No,Not Applicable,38.94022778,-104.74827778,EL PASO (41),COLORADO SPRINGS
80176,2022,1,0,0,2,2,0,2,2,Colorado,April,17,Sunday,9:00am-9:59am,4,State Highway,Rural,Major Collector,State Highway Agency,This section IS NOT on the NHS,No Special Jurisdiction,"Motor Vehicle In-Transport Strikes or is Struck by Cargo, Persons or Objects Set-in-Motion from/by Another Motor Vehicle In Transport",Other,No,Non-Junction,Not an Intersection,On Roadway,,Daylight,Clear,No,Not Applicable,40.58136944,-104.3412,WELD (123),NOT APPLICABLE
80177,2022,1,1,1,1,1,0,2,2,Colorado,April,23,Saturday,10:00pm-10:59pm,11,U.S. Highway,Urban,Principal Arterial - Other,State Highway Agency,This section IS ON the NHS,No Special Jurisdiction,Pedestrian,The First Harmful Event was Not a Collision with a Motor Vehicle in Transport,No,Non-Junction,Not an Intersection,On Roadway,,Dark - Lighted,Clear,No,Not Applicable,39.74008333,-104.85442778,ARAPAHOE (5),AURORA
80178,2022,1,1,1,1,1,0,3,3,Colorado,April,25,Monday,8:00pm-8:59pm,55,State Highway,Urban,Principal Arterial - Other,State Highway Agency,This section IS ON the NHS,No Special Jurisdiction,Pedestrian,The First Harmful Event was Not a Collision with a Motor Vehicle in Transport,No,Intersection-Related,Four-Way Intersection,On Roadway,,Dark - Lighted,Cloudy,No,Not Applicable,39.70736111,-104.86589167,ARAPAHOE (5),AURORA
80179,2022,2,0,0,2,2,0,5,5,Colorado,April,26,Tuesday,10:00pm-10:59pm,14,Local Street - Municipality,Urban,Minor Arterial,City or Municipal Highway Agency,This section IS NOT on the NHS,No Special Jurisdiction,Motor Vehicle In-Transport,Angle,No,Intersection,Four-Way Intersection,On Roadway,,Dark - Lighted,Clear,No,Not Applicable,38.94442222,-104.79229444,EL PASO (41),COLORADO SPRINGS
80180,2022,1,0,0,2,2,0,2,2,Colorado,April,28,Thursday,0:00am-0:59am,2,Local Street - Municipality,Urban,Principal Arterial - Other,City or Municipal Highway Agency,This section IS ON the NHS,No Special Jurisdiction,Motor Vehicle In-Transport,Front-to-Front,No,Non-Junction,Not an Intersection,On Roadway,,Dark - Not Lighted,Clear,No,Not Applicable,38.80483333,-104.66595556,EL PASO (41),COLORADO SPRINGS
80181,2022,1,0,0,2,2,0,2,2,Colorado,February,20,Sunday,8:00am-8:59am,20,Interstate,Rural,Interstate,State Highway Agency,This section IS ON the NHS,No Special Jurisdiction,Motor Vehicle In-Transport,Sideswipe - Opposite Direction,No,Non-Junction,Not an Intersection,On Roadway,,Daylight,Clear,No,Not Applicable,39.29298889,-108.22305556,MESA (77),NOT APPLICABLE
80182,2022,1,1,1,1,1,0,2,2,Colorado,May,5,Thursday,1:00pm-1:59pm,8,Interstate,Urban,Interstate,State Highway Agency,This section IS ON the NHS,No Special Jurisdiction,Pedestrian,The First Harmful Event was Not a Collision with a Motor Vehicle in Transport,No,Non-Junction,Not an Intersection,On Shoulder,,Daylight,Clear,No,Not Applicable,38.39713611,-104.6184,PUEBLO (101),NOT APPLICABLE
80183,2022,1,0,0,1,1,0,1,1,Colorado,May,6,Friday,2:00pm-2:59pm,36,County Road,Rural,Local,County Highway Agency,This section IS NOT on the NHS,No Special Jurisdiction,Guardrail Face,The First Harmful Event was Not a Collision with a Motor Vehicle in Transport,No,Non-Junction,Not an Intersection,On Roadside,,Daylight,Cloudy,No,Not Applicable,38.42972222,-104.60011111,PUEBLO (101),NOT APPLICABLE