ST_CASE,YEAR,FATALS,PEDS,PERNOTMVIT,VE_TOTAL,VE_FORMS,PVH_INVL,PERSONS,PERMVIT,STATENAME,MONTHNAME,DAYNAME,DAY_WEEKNAME,HOURNAME,MINUTENAME,ROUTENAME,RUR_URBNAME,FUNC_SYSNAME,RD_OWNERNAME,NHSNAME,SP_JURNAME,HARM_EVNAME,MAN_COLLNAME,RELJCT1NAME,RELJCT2NAME,TYP_INTNAME,REL_ROADNAME,WRK_ZONENAME,LGT_CONDNAME,WEATHERNAME,SCH_BUSNAME,RAILNAME,LATITUDE,LONGITUD,COUNTYNAME,CITYNAME
80184,2022,1,0,0,1,1,0,1,1,Colorado,May,7,Saturday,1:00pm-1:59pm,8,County Road,Rural,Minor Collector,County Highway Agency,This section IS NOT on the NHS,No Special Jurisdiction,Rollover/Overturn,The First Harmful Event was Not a Collision with a Motor Vehicle in Transport,No,Non-Junction,Not an Intersection,On Roadway,,Daylight,Clear,No,Not Applicable,39.49773056,-105.22555556,JEFFERSON (59),NOT APPLICABLE
80185,2022,1,0,0,3,3,0,5,5,Colorado,May,7,Saturday,5:00pm-5:59pm,31,U.S. Highway,Rural,Minor Arterial,State Highway Agency,This section IS NOT on the NHS,No Special Jurisdiction,Motor Vehicle In-Transport,Front-to-Rear,No,Intersection-Related,T-Intersection,On Roadway,,Daylight,Cloudy,No,Not Applicable,38.95972222,-106.20233889,CHAFFEE (15),NOT APPLICABLE
80186,2022,1,0,0,1,1,0,1,1,Colorado,May,7,Saturday,10:00pm-10:59pm,30,U.S. Highway,Rural,Principal Arterial - Other,State Highway Agency,This section IS ON the NHS,No Special Jurisdiction,Guardrail End,The First Harmful Event was Not a Collision with a Motor Vehicle in Transport,No,Non-Junction,Not an Intersection,On Roadside,,Dark - Not Lighted,Clear,No,Not Applicable,39.12267778,-104.15996944,EL PASO (41),NOT APPLICABLE
80187,2022,1,1,1,1,1,0,1,1,Colorado,May,9,Monday,1:00am-1:59am,59,Interstate,Urban,Interstate,State Highway Agency,This section IS ON the NHS,No Special Jurisdiction,Pedestrian,The First Harmful Event was Not a Collision with a Motor Vehicle in Transport,No,Non-Junction,Not an Intersection,On Roadway,,Dark - Lighted,Clear,No,Not Applicable,39.95711667,-104.98813611,ADAMS (1),WESTMINSTER
80188,2022,1,1,1,1,1,0,1,1,Colorado,May,6,Friday,2:00am-2:59am,30,County Road,Rural,Local,County Highway Agency,This section IS NOT on the NHS,No Special Jurisdiction,Pedestrian,The First Harmful Event was Not a Collision with a Motor Vehicle in Transport,No,Non-Junction,Not an Intersection,On Roadway,,Dark - Not Lighted,Clear,No,Not Applicable,37.76138889,-106.10310556,SAGUACHE (109),NOT APPLICABLE
80189,2022,1,0,0,2,2,0,2,2,Colorado,May,6,Friday,9:00pm-9:59pm,12,County Road,Urban,Minor Arterial,County Highway Agency,This section IS NOT on the NHS,No Special Jurisdiction,Curb,The First Harmful Event was Not a Collision with a Motor Vehicle in Transport,No,Non-Junction,Not an Intersection,On Median,,Dark - Not Lighted,Clear,No,Not Applicable,38.32838056,-104.74171111,PUEBLO (101),NOT APPLICABLE
80190,2022,1,0,0,2,2,0,5,5,Colorado,May,8,Sunday,6:00pm-6:59pm,54,Local Street - Municipality,Urban,Principal Arterial - Other,City or Municipal Highway Agency,This section IS ON the NHS,No Special Jurisdiction,Motor Vehicle In-Transport,Angle,No,Intersection,Four-Way Intersection,On Roadway,,Daylight,Clear,No,Not Applicable,39.84896111,-104.97780556,ADAMS (1),THORNTON
80191,2022,1,0,0,2,2,0,2,2,Colorado,May,10,Tuesday,6:00am-6:59am,58,U.S. Highway,Urban,Principal Arterial - Other,State Highway Agency,This section IS ON the NHS,No Special Jurisdiction,Motor Vehicle In-Transport,Angle,No,Intersection,T-Intersection,On Roadway,,Daylight,Clear,No,Not Applicable,40.48694444,-105.07749167,LARIMER (69),FORT COLLINS
80192,2022,1,0,0,1,1,0,1,1,Colorado,May,10,Tuesday,9:00pm-9:59pm,25,Interstate,Urban,Interstate,State Highway Agency,This section IS ON the NHS,No Special Jurisdiction,Rollover/Overturn,The First Harmful Event was Not a Collision with a Motor Vehicle in Transport,Yes,Entrance/Exit Ramp Related,Not an Intersection,On Roadside,,Dark - Lighted,Clear,No,Not Applicable,39.81666667,-104.98541667,ADAMS (1),NOT APPLICABLE
80193,2022,1,0,0,5,5,0,11,11,Colorado,May,13,Friday,9:00am-9:59am,51,Interstate,Urban,Interstate,State Highway Agency,This section IS ON the NHS,No Special Jurisdiction,Motor Vehicle In-Transport,Front-to-Rear,Yes,Through Roadway,Not an Intersection,On Roadway,,Daylight,Clear,No,Not Applicable,39.77653333,-104.87396111,DENVER (31),DENVER
80194,2022,1,0,0,3,3,0,6,6,Colorado,May,14,Saturday,1:00pm-1:59pm,48,U.S. Highway,Rural,Minor Arterial,State Highway Agency,This section IS NOT on the NHS,No Special Jurisdiction,Motor Vehicle In-Transport,Sideswipe - Opposite Direction,No,Non-Junction,Not an Intersection,On Roadway,,Daylight,Clear,No,Not Applicable,39.01759444,-105.39402222,PARK (93),NOT APPLICABLE
80195,2022,1,0,0,2,2,0,3,3,Colorado,May,14,Saturday,9:00pm-9:59pm,17,U.S. Highway,Urban,Principal Arterial - Other,State Highway Agency,This section IS ON the NHS,No Special Jurisdiction,Motor Vehicle In-Transport,Angle,No,Intersection,Four-Way Intersection,On Roadway,,Dark - Lighted,Clear,No,Not Applicable,39.74030556,-104.8006,ADAMS (1),AURORA
80196,2022,1,0,0,1,1,0,1,1,Colorado,May,15,Sunday,5:00pm-5:59pm,30,County Road,Rural,Minor Collector,County Highway Agency,This section IS NOT on the NHS,No Special Jurisdiction,Ditch,The First Harmful Event was Not a Collision with a Motor Vehicle in Transport,No,Non-Junction,Not an Intersection,On Roadside,,Daylight,Clear,No,Not Applicable,39.28228333,-104.9441,DOUGLAS (35),NOT APPLICABLE
80197,2022,1,0,0,2,2,0,2,2,Colorado,May,14,Saturday,10:00am-10:59am,20,Local Street - Municipality,Urban,Major Collector,City or Municipal Highway Agency,This section IS NOT on the NHS,No Special Jurisdiction,Rollover/Overturn,The First Harmful Event was Not a Collision with a Motor Vehicle in Transport,No,Intersection,Four-Way Intersection,On Roadway,,Daylight,Clear,No,Not Applicable,40.40241667,-104.67798889,WELD (123),GREELEY
80198,2022,1,0,0,1,1,0,2,2,Colorado,May,16,Monday,9:00pm-9:59pm,4,County Road,Rural,Minor Collector,County Highway Agency,This section IS NOT on the NHS,No Special Jurisdiction,Tree (Standing Only),The First Harmful Event was Not a Collision with a Motor Vehicle in Transport,No,Non-Junction,Not an Intersection,On Roadside,,Dark - Not Lighted,Clear,No,Not Applicable,39.63519444,-105.41131667,CLEAR CREEK (19),NOT APPLICABLE
80199,2022,1,0,0,2,2,0,4,4,Colorado,May,14,Saturday,12:00pm-12:59pm,22,State Highway,Urban,Principal Arterial - Other,State Highway Agency,This section IS ON the NHS,No Special Jurisdiction,Motor Vehicle In-Transport,Angle,No,Intersection,T-Intersection,On Roadway,,Daylight,Clear,No,Not Applicable,40.20334444,-105.09780556,BOULDER (13),LONGMONT
80200,2022,1,0,0,2,2,0,2,2,Colorado,May,20,Friday,6:00am-6:59am,58,U.S. Highway,Urban,Principal Arterial - Other Freeways and Expressways,State Highway Agency,This section IS ON the NHS,No Special Jurisdiction,Curb,The First Harmful Event was Not a Collision with a Motor Vehicle in Transport,No,Intersection-Related,Four-Way Intersection,On Roadside,,Dawn,Rain,No,Not Applicable,40.34924444,-105.07393889,LARIMER (69),LOVELAND
80201,2022,1,1,1,1,1,0,1,1,Colorado,May,18,Wednesday,9:00pm-9:59pm,10,Local Street - Municipality,Urban,Minor Arterial,City or Municipal Highway Agency,This section IS NOT on the NHS,No Special Jurisdiction,Pedestrian,The First Harmful Event was Not a Collision with a Motor Vehicle in Transport,No,Non-Junction,Not an Intersection,On Roadway,,Dark - Lighted,Clear,No,Not Applicable,39.84893333,-104.99223889,ADAMS (1),THORNTON
80202,2022,1,1,1,2,2,0,2,2,Colorado,May,17,Tuesday,9:00pm-9:59pm,45,U.S. Highway,Urban,Principal Arterial - Other,State Highway Agency,This section IS ON the NHS,No Special Jurisdiction,Pedestrian,The First Harmful Event was Not a Collision with a Motor Vehicle in Transport,No,Non-Junction,Not an Intersection,On Roadway,,Dark - Lighted,Clear,No,Not Applicable,39.74009722,-104.936425,DENVER (31),DENVER
80203,2022,1,0,0,1,1,0,1,1,Colorado,May,21,Saturday,0:00am-0:59am,10,Interstate,Rural,Interstate,State Highway Agency,This section IS ON the NHS,No Special Jurisdiction,Guardrail Face,The First Harmful Event was Not a Collision with a Motor Vehicle in Transport,No,Non-Junction,Not an Intersection,On Median,,Dark - Not Lighted,Clear,No,Not Applicable,39.73977222,-104.58461111,ADAMS (1),NOT APPLICABLE
80204,2022,1,0,0,2,2,0,6,6,Colorado,May,21,Saturday,6:00am-6:59am,5,U.S. Highway,Rural,Principal Arterial - Other,State Highway Agency,This section IS ON the NHS,No Special Jurisdiction,Motor Vehicle In-Transport,Front-to-Front,No,Non-Junction,Not an Intersection,On Roadway,,Dawn,Clear,No,Not Applicable,37.28433333,-108.0265,LA PLATA (67),NOT APPLICABLE
80205,2022,1,0,0,2,2,0,3,3,Colorado,May,21,Saturday,6:00am-6:59am,21,Local Street - Municipality,Urban,Principal Arterial - Other,City or Municipal Highway Agency,This section IS ON the NHS,No Special Jurisdiction,Motor Vehicle In-Transport,Angle,No,Intersection,Four-Way Intersection,On Roadway,,Dawn,Rain,No,Not Applicable,39.73685,-104.98733333,DENVER (31),DENVER
80206,2022,1,0,0,1,1,0,1,1,Colorado,May,22,Sunday,5:00am-5:59am,10,State Highway,Rural,Principal Arterial - Other,State Highway Agency,This section IS ON the NHS,No Special Jurisdiction,"Post, Pole or Other Supports",The First Harmful Event was Not a Collision with a Motor Vehicle in Transport,No,Non-Junction,Not an Intersection,On Roadside,,Dark - Not Lighted,Clear,No,Not Applicable,39.27225,-106.89204722,PITKIN (97),NOT APPLICABLE
80207,2022,1,0,0,2,2,0,4,4,Colorado,May,22,Sunday,4:00am-4:59am,13,Local Street - Municipality,Urban,Minor Arterial,City or Municipal Highway Agency,This section IS NOT on the NHS,No Special Jurisdiction,Motor Vehicle In-Transport,Angle,No,Intersection,Four-Way Intersection,On Roadway,,Dark - Lighted,Clear,No,Not Applicable,39.77321944,-104.8097,DENVER (31),DENVER
80208,2022,1,0,0,2,2,0,3,3,Colorado,May,20,Friday,9:00am-9:59am,4,U.S. Highway,Urban,Principal Arterial - Other,State Highway Agency,This section IS ON the NHS,No Special Jurisdiction,Motor Vehicle In-Transport,Front-to-Front,No,Non-Junction,Not an Intersection,On Roadway,,Daylight,Clear,No,Not Applicable,37.28381111,-107.87732778,LA PLATA (67),DURANGO
80209,2022,1,1,1,1,1,0,1,1,Colorado,May,5,Thursday,8:00pm-8:59pm,43,State Highway,Urban,Minor Arterial,State Highway Agency,This section IS NOT on the NHS,No Special Jurisdiction,Pedestrian,The First Harmful Event was Not a Collision with a Motor Vehicle in Transport,No,Non-Junction,Not an Intersection,On Roadway,,Dark - Lighted,Clear,No,Not Applicable,40.25617222,-103.80156667,MORGAN (87),FORT MORGAN
80210,2022,1,0,0,1,1,0,1,1,Colorado,May,12,Thursday,9:00pm-9:59pm,42,State Highway,Urban,Principal Arterial - Other,State Highway Agency,This section IS ON the NHS,No Special Jurisdiction,Other Traffic Barrier,The First Harmful Event was Not a Collision with a Motor Vehicle in Transport,No,Intersection-Related,T-Intersection,On Roadside,,Dark - Lighted,Clear,No,Not Applicable,39.7782,-105.138,JEFFERSON (59),WHEAT RIDGE
80211,2022,1,0,0,3,3,0,5,5,Colorado,May,16,Monday,0:00am-0:59am,2,U.S. Highway,Urban,Principal Arterial - Other Freeways and Expressways,State Highway Agency,This section IS ON the NHS,No Special Jurisdiction,Motor Vehicle In-Transport,Front-to-Rear,Yes,Through Roadway,Not an Intersection,On Roadway,,Dark - Lighted,Clear,No,Not Applicable,39.72553889,-105.07923889,JEFFERSON (59),LAKEWOOD
80212,2022,1,0,0,1,1,0,1,1,Colorado,May,15,Sunday,8:00am-8:59am,43,Interstate,Urban,Interstate,State Highway Agency,This section IS ON the NHS,No Special Jurisdiction,Traffic Sign Support,The First Harmful Event was Not a Collision with a Motor Vehicle in Transport,Yes,Other location within Interchange Area,Not an Intersection,On Roadside,,Daylight,Clear,No,Not Applicable,39.69353889,-104.82863333,ARAPAHOE (5),AURORA
80213,2022,1,1,1,1,1,0,1,1,Colorado,May,16,Monday,10:00pm-10:59pm,35,U.S. Highway,Urban,Principal Arterial - Other,State Highway Agency,This section IS ON the NHS,No Special Jurisdiction,Pedestrian,The First Harmful Event was Not a Collision with a Motor Vehicle in Transport,No,Intersection-Related,Four-Way Intersection,On Roadway,,Dark - Lighted,Clear,No,Not Applicable,39.74011944,-104.85395,ARAPAHOE (5),AURORA
80214,2022,1,0,0,1,1,0,1,1,Colorado,May,26,Thursday,9:00pm-9:59pm,20,U.S. Highway,Rural,Minor Arterial,State Highway Agency,This section IS NOT on the NHS,No Special Jurisdiction,Rollover/Overturn,The First Harmful Event was Not a Collision with a Motor Vehicle in Transport,No,Non-Junction,Not an Intersection,On Roadside,,Dark - Not Lighted,Clear,No,Not Applicable,37.38344444,-102.64777778,BACA (9),NOT APPLICABLE
80215,2022,1,0,0,3,3,0,3,3,Colorado,May,20,Friday,5:00pm-5:59pm,31,U.S. Highway,Rural,Principal Arterial - Other,State Highway Agency,This section IS ON the NHS,No Special Jurisdiction,Motor Vehicle In-Transport,Front-to-Front,No,Non-Junction,Not an Intersection,On Roadway,,Daylight,Snow,No,Not Applicable,38.95805,-105.10901944,TELLER (119),NOT APPLICABLE
80216,2022,1,0,0,1,1,0,1,1,Colorado,May,27,Friday,3:00pm-3:59pm,17,State Highway,Rural,Principal Arterial - Other,State Highway Agency,This section IS ON the NHS,No Special Jurisdiction,Rollover/Overturn,The First Harmful Event was Not a Collision with a Motor Vehicle in Transport,No,Non-Junction,Not an Intersection,On Roadside,,Daylight,Clear,No,Not Applicable,37.67271111,-105.87233333,ALAMOSA (3),NOT APPLICABLE
80217,2022,1,0,0,1,1,0,1,1,Colorado,May,27,Friday,11:00am-11:59am,45,State Highway,Rural,Minor Arterial,State Highway Agency,This section IS NOT on the NHS,No Special Jurisdiction,Fence,The First Harmful Event was Not a Collision with a Motor Vehicle in Transport,No,Non-Junction,Not an Intersection,Outside Trafficway,,Daylight,Clear,No,Not Applicable,39.63515,-108.78896667,GARFIELD (45),NOT APPLICABLE
80218,2022,1,0,0,1,1,0,1,1,Colorado,May,29,Sunday,5:00pm-5:59pm,17,Interstate,Rural,Interstate,State Highway Agency,This section IS ON the NHS,No Special Jurisdiction,Rollover/Overturn,The First Harmful Event was Not a Collision with a Motor Vehicle in Transport,No,Non-Junction,Not an Intersection,On Median,,Daylight,Clear,No,Not Applicable,38.47221111,-104.61394444,PUEBLO (101),NOT APPLICABLE
80219,2022,1,0,0,2,2,0,4,4,Colorado,May,29,Sunday,9:00pm-9:59pm,10,U.S. Highway,Rural,Principal Arterial - Other,State Highway Agency,This section IS ON the NHS,No Special Jurisdiction,Motor Vehicle In-Transport,Angle,No,Intersection,T-Intersection,On Roadway,,Dark - Lighted,Clear,No,Not Applicable,38.11413056,-102.63151667,PROWERS (99),NOT APPLICABLE
80220,2022,1,0,0,1,1,0,2,2,Colorado,May,30,Monday,1:00pm-1:59pm,26,County Road,Urban,Local,County Highway Agency,This section IS NOT on the NHS,No Special Jurisdiction,Rollover/Overturn,The First Harmful Event was Not a Collision with a Motor Vehicle in Transport,No,Non-Junction,Not an Intersection,On Roadway,,Daylight,Clear,No,Not Applicable,39.42397222,-108.04668889,GARFIELD (45),NOT APPLICABLE
80221,2022,1,0,0,3,3,0,4,4,Colorado,May,30,Monday,0:00am-0:59am,44,State Highway,Urban,Minor Arterial,State Highway Agency,This section IS NOT on the NHS,No Special Jurisdiction,Motor Vehicle In-Transport,Angle,Yes,Intersection,"Five Point, or More",On Roadway,Construction,Dark - Lighted,Clear,No,Not Applicable,39.78083333,-104.96672222,DENVER (31),DENVER
80222,2022,1,0,0,1,1,0,1,1,Colorado,May,12,Thursday,11:00am-11:59am,45,State Highway,Rural,Minor Arterial,State Highway Agency,This section IS NOT on the NHS,No Special Jurisdiction,Rollover/Overturn,The First Harmful Event was Not a Collision with a Motor Vehicle in Transport,No,Non-Junction,Not an Intersection,On Roadway,,Daylight,Clear,No,Not Applicable,40.71988056,-103.13266389,LOGAN (75),NOT APPLICABLE
80223,2022,1,0,0,2,1,1,1,1,Colorado,May,31,Tuesday,2:00pm-2:59pm,2,Local Street - Municipality,Urban,Principal Arterial - Other,City or Municipal Highway Agency,This section IS ON the NHS,No Special Jurisdiction,Other Fixed Object,The First Harmful Event was Not a Collision with a Motor Vehicle in Transport,No,Non-Junction,Not an Intersection,On Roadside,,Daylight,Rain,No,Not Applicable,39.66205556,-104.98748333,ARAPAHOE (5),ENGLEWOOD
80224,2022,1,0,0,1,1,0,1,1,Colorado,May,31,Tuesday,0:00am-0:59am,15,State Highway,Rural,Minor Arterial,State Highway Agency,This section IS NOT on the NHS,No Special Jurisdiction,"Post, Pole or Other Supports",The First Harmful Event was Not a Collision with a Motor Vehicle in Transport,No,Non-Junction,Not an Intersection,On Roadside,,Dark - Not Lighted,Clear,No,Not Applicable,37.99739167,-107.29528056,HINSDALE (53),NOT APPLICABLE
80225,2022,1,0,0,1,1,0,1,1,Colorado,May,31,Tuesday,11:00am-11:59am,32,Interstate,Urban,Interstate,State Highway Agency,This section IS ON the NHS,No Special Jurisdiction,Rollover/Overturn,The First Harmful Event was Not a Collision with a Motor Vehicle in Transport,No,Non-Junction,Not an Intersection,On Median,,Daylight,Clear,No,Not Applicable,39.10253889,-108.45133333,MESA (77),NOT APPLICABLE
80226,2022,1,0,0,2,2,0,5,5,Colorado,May,25,Wednesday,8:00pm-8:59pm,8,U.S. Highway,Urban,Principal Arterial - Other,State Highway Agency,This section IS ON the NHS,No Special Jurisdiction,Motor Vehicle In-Transport,Angle,No,Intersection,Four-Way Intersection,On Roadway,,Dusk,Clear,No,Not Applicable,37.34884444,-108.56369444,MONTEZUMA (83),CORTEZ
80227,2022,1,0,0,2,2,0,2,2,Colorado,May,18,Wednesday,7:00pm-7:59pm,48,State Highway,Urban,Principal Arterial - Other,State Highway Agency,This section IS ON the NHS,No Special Jurisdiction,Motor Vehicle In-Transport,Angle,No,Intersection,Four-Way Intersection,On Roadway,,Dusk,Clear,No,Not Applicable,39.86760556,-105.08761944,JEFFERSON (59),WESTMINSTER
80228,2022,1,0,0,3,3,0,5,5,Colorado,May,5,Thursday,6:00pm-6:59pm,43,State Highway,Urban,Principal Arterial - Other,State Highway Agency,This section IS ON the NHS,No Special Jurisdiction,Motor Vehicle In-Transport,Angle,No,Intersection,T-Intersection,On Roadway,,Daylight,Clear,No,Not Applicable,39.66776389,-105.02519167,DENVER (31),DENVER
80229,2022,1,0,0,1,1,0,1,1,Colorado,May,21,Saturday,6:00pm-6:59pm,1,Local Street - Township,Rural,Local,Town or Township Highway Agency,This section IS NOT on the NHS,No Special Jurisdiction,Tree (Standing Only),The First Harmful Event was Not a Collision with a Motor Vehicle in Transport,No,Non-Junction,Not an Intersection,On Roadside,,Daylight,Clear,No,Not Applicable,37.94066667,-107.86588333,SAN MIGUEL (113),Other
80230,2022,1,0,0,1,1,0,1,1,Colorado,May,26,Thursday,12:00pm-12:59pm,44,Local Street - Township,Rural,Major Collector,Town or Township Highway Agency,This section IS NOT on the NHS,No Special Jurisdiction,Rollover/Overturn,The First Harmful Event was Not a Collision with a Motor Vehicle in Transport,No,Non-Junction,Not an Intersection,On Roadside,,Daylight,Clear,No,Not Applicable,40.52322222,-104.89707222,WELD (123),SEVERANCE
80231,2022,1,0,0,2,2,0,3,3,Colorado,May,24,Tuesday,1:00pm-1:59pm,0,Local Street - Municipality,Urban,Minor Arterial,City or Municipal Highway Agency,This section IS NOT on the NHS,No Special Jurisdiction,Motor Vehicle In-Transport,Angle,No,Intersection,T-Intersection,On Roadway,,Daylight,Clear,No,Not Applicable,39.67119444,-104.9037,DENVER (31),DENVER
80232,2022,1,1,1,1,1,0,1,1,Colorado,May,11,Wednesday,4:00pm-4:59pm,51,State Highway,Urban,Principal Arterial - Other,State Highway Agency,This section IS ON the NHS,No Special Jurisdiction,Pedestrian,The First Harmful Event was Not a Collision with a Motor Vehicle in Transport,No,Intersection-Related,Four-Way Intersection,On Roadway,,Daylight,Clear,No,Not Applicable,39.78366667,-104.94039444,DENVER (31),DENVER
80233,2022,2,0,0,1,1,0,2,2,Colorado,May,16,Monday,2:00am-2:59am,46,Local Street - Municipality,Urban,Principal Arterial - Other,City or Municipal Highway Agency,This section IS ON the NHS,No Special Jurisdiction,Utility Pole/Light Support,The First Harmful Event was Not a Collision with a Motor Vehicle in Transport,No,Non-Junction,Not an Intersection,On Roadside,,Dark - Lighted,Clear,No,Not Applicable,38.88587778,-104.74902778,EL PASO (41),COLORADO SPRINGS
80234,2022,1,0,0,1,1,0,1,1,Colorado,May,25,Wednesday,5:00pm-5:59pm,53,Local Street - Municipality,Urban,Local,City or Municipal Highway Agency,This section IS NOT on the NHS,No Special Jurisdiction,Curb,The First Harmful Event was Not a Collision with a Motor Vehicle in Transport,No,Non-Junction,Not an Intersection,On Roadside,,Daylight,Clear,No,Not Applicable,38.89820278,-104.71903611,EL PASO (41),COLORADO SPRINGS
80235,2022,1,0,0,1,1,0,1,1,Colorado,May,4,Wednesday,0:00am-0:59am,1,Local Street - Municipality,Urban,Major Collector,City or Municipal Highway Agency,This section IS NOT on the NHS,No Special Jurisdiction,Curb,The First Harmful Event was Not a Collision with a Motor Vehicle in Transport,No,Intersection-Related,T-Intersection,On Roadside,,Dark - Lighted,Rain,No,Not Applicable,39.69038889,-104.99917778,DENVER (31),DENVER
80236,2022,1,0,0,1,1,0,1,1,Colorado,May,2,Monday,1:00pm-1:59pm,15,State Highway,Rural,Major Collector,State Highway Agency,This section IS NOT on the NHS,No Special Jurisdiction,Culvert,The First Harmful Event was Not a Collision with a Motor Vehicle in Transport,No,Non-Junction,Not an Intersection,On Roadside,,Daylight,Clear,No,Not Applicable,38.14711944,-106.34183333,SAGUACHE (109),NOT APPLICABLE
80237,2022,1,0,0,1,1,0,1,1,Colorado,March,15,Tuesday,7:00pm-7:59pm,41,Local Street - Municipality,Urban,Local,City or Municipal Highway Agency,This section IS NOT on the NHS,No Special Jurisdiction,Rollover/Overturn,The First Harmful Event was Not a Collision with a Motor Vehicle in Transport,No,Driveway Access Related,Not an Intersection,On Roadway,,Dark - Lighted,Clear,No,Not Applicable,39.82216667,-104.93791667,ADAMS (1),COMMERCE CITY
80238,2022,1,0,0,1,1,0,1,1,Colorado,April,20,Wednesday,2:00am-2:59am,30,County Road,Rural,Local,County Highway Agency,This section IS NOT on the NHS,No Special Jurisdiction,Fence,The First Harmful Event was Not a Collision with a Motor Vehicle in Transport,No,Intersection-Related,T-Intersection,Outside Trafficway,,Dark - Not Lighted,Clear,No,Not Applicable,38.93655,-103.4232,LINCOLN (73),NOT APPLICABLE
80239,2022,1,0,0,2,2,0,3,3,Colorado,June,1,Wednesday,11:00am-11:59am,15,County Road,Urban,Principal Arterial - Other,County Highway Agency,This section IS ON the NHS,No Special Jurisdiction,Motor Vehicle In-Transport,Front-to-Front,No,Non-Junction,Not an Intersection,On Roadway,,Daylight,Clear,No,Not Applicable,39.98684722,-105.18373611,BOULDER (13),NOT APPLICABLE
80240,2022,1,0,0,2,2,0,2,2,Colorado,June,1,Wednesday,10:00pm-10:59pm,17,U.S. Highway,Urban,Principal Arterial - Other,State Highway Agency,This section IS ON the NHS,No Special Jurisdiction,Motor Vehicle In-Transport,Angle,No,Intersection,Four-Way Intersection,On Roadway,,Dark - Lighted,Clear,No,Not Applicable,40.20334444,-105.10257778,BOULDER (13),LONGMONT
80241,2022,1,0,0,2,2,0,4,4,Colorado,June,4,Saturday,2:00am-2:59am,54,State Highway,Rural,Principal Arterial - Other,State Highway Agency,This section IS ON the NHS,No Special Jurisdiction,Motor Vehicle In-Transport,Front-to-Rear,No,Driveway Access Related,Not an Intersection,On Roadway,,Dark - Not Lighted,Clear,No,Not Applicable,40.58157778,-104.82766111,WELD (123),NOT APPLICABLE
80242,2022,1,0,0,3,3,0,3,3,Colorado,June,4,Saturday,11:00am-11:59am,30,County Road,Urban,Minor Arterial,County Highway Agency,This section IS NOT on the NHS,No Special Jurisdiction,Motor Vehicle In-Transport,Angle,No,Intersection,T-Intersection,On Roadway,,Daylight,Clear,No,Not Applicable,38.83896667,-104.69,EL PASO (41),NOT APPLICABLE
80243,2022,1,0,0,2,2,0,2,2,Colorado,June,7,Tuesday,3:00pm-3:59pm,39,U.S. Highway,Rural,Principal Arterial - Other,State Highway Agency,This section IS ON the NHS,No Special Jurisdiction,Motor Vehicle In-Transport,Front-to-Front,No,Driveway Access Related,Not an Intersection,On Roadside,,Daylight,Clear,No,Not Applicable,40.29101111,-104.22396111,WELD (123),NOT APPLICABLE
80244,2022,1,1,1,2,1,1,0,0,Colorado,June,6,Monday,10:00am-10:59am,27,County Road,Urban,Local,County Highway Agency,This section IS NOT on the NHS,No Special Jurisdiction,Parked Motor Vehicle,The First Harmful Event was Not a Collision with a Motor Vehicle in Transport,No,Driveway Access Related,Not an Intersection,In Parking Lane/Zone,,Daylight,Clear,No,Not Applicable,39.54531667,-104.90505,DOUGLAS (35),NOT APPLICABLE
80245,2022,1,0,0,1,1,0,2,2,Colorado,June,8,Wednesday,0:00am-0:59am,36,Local Street - Municipality,Urban,Principal Arterial - Other,City or Municipal Highway Agency,This section IS ON the NHS,No Special Jurisdiction,Rollover/Overturn,The First Harmful Event was Not a Collision with a Motor Vehicle in Transport,No,Non-Junction,Not an Intersection,On Roadway,,Dark - Not Lighted,Clear,No,Not Applicable,39.83350556,-104.89788889,ADAMS (1),COMMERCE CITY
80246,2022,1,0,0,1,1,0,4,4,Colorado,June,8,Wednesday,6:00am-6:59am,22,Interstate,Rural,Interstate,State Highway Agency,This section IS ON the NHS,No Special Jurisdiction,Guardrail End,The First Harmful Event was Not a Collision with a Motor Vehicle in Transport,No,Non-Junction,Not an Intersection,On Roadside,,Daylight,Clear,No,Not Applicable,40.96733889,-104.92066389,WELD (123),NOT APPLICABLE
80247,2022,1,0,0,1,1,0,1,1,Colorado,June,9,Thursday,6:00pm-6:59pm,17,State Highway,Rural,Major Collector,State Highway Agency,This section IS NOT on the NHS,No Special Jurisdiction,Other Object (not fixed),The First Harmful Event was Not a Collision with a Motor Vehicle in Transport,No,Non-Junction,Not an Intersection,On Roadside,,Daylight,Clear,No,Not Applicable,39.71137222,-105.58708333,CLEAR CREEK (19),NOT APPLICABLE
80248,2022,1,0,0,2,2,0,3,3,Colorado,June,10,Friday,5:00pm-5:59pm,52,County Road,Urban,Local,County Highway Agency,This section IS NOT on the NHS,No Special Jurisdiction,Motor Vehicle In-Transport,Front-to-Front,No,Non-Junction,Not an Intersection,On Roadway,,Daylight,Clear,No,Not Applicable,40.38349167,-105.05430556,LARIMER (69),NOT APPLICABLE
80249,2022,1,0,0,1,1,0,1,1,Colorado,June,11,Saturday,12:00pm-12:59pm,19,State Highway,Rural,Minor Arterial,State Highway Agency,This section IS NOT on the NHS,No Special Jurisdiction,Tree (Standing Only),The First Harmful Event was Not a Collision with a Motor Vehicle in Transport,No,Non-Junction,Not an Intersection,On Roadside,,Daylight,Clear,No,Not Applicable,39.10473889,-108.13636111,MESA (77),NOT APPLICABLE