ST_CASE,YEAR,FATALS,PEDS,PERNOTMVIT,VE_TOTAL,VE_FORMS,PVH_INVL,PERSONS,PERMVIT,STATENAME,MONTHNAME,DAYNAME,DAY_WEEKNAME,HOURNAME,MINUTENAME,ROUTENAME,RUR_URBNAME,FUNC_SYSNAME,RD_OWNERNAME,NHSNAME,SP_JURNAME,HARM_EVNAME,MAN_COLLNAME,RELJCT1NAME,RELJCT2NAME,TYP_INTNAME,REL_ROADNAME,WRK_ZONENAME,LGT_CONDNAME,WEATHERNAME,SCH_BUSNAME,RAILNAME,LATITUDE,LONGITUD,COUNTYNAME,CITYNAME
80250,2022,1,0,0,2,2,0,6,6,Colorado,June,11,Saturday,1:00am-1:59am,12,State Highway,Urban,Principal Arterial - Other Freeways and Expressways,State Highway Agency,This section IS ON the NHS,No Special Jurisdiction,Motor Vehicle In-Transport,Angle,No,Non-Junction,Not an Intersection,On Roadway,,Dark - Not Lighted,Cloudy,No,Not Applicable,38.28336111,-104.55618333,PUEBLO (101),NOT APPLICABLE
80251,2022,2,0,0,2,2,0,5,5,Colorado,June,11,Saturday,8:00pm-8:59pm,6,U.S. Highway,Rural,Principal Arterial - Other,State Highway Agency,This section IS ON the NHS,No Special Jurisdiction,Motor Vehicle In-Transport,Front-to-Front,No,Non-Junction,Not an Intersection,On Roadway,,Daylight,Clear,No,Not Applicable,40.49271944,-107.33688889,ROUTT (107),NOT APPLICABLE
80252,2022,1,1,1,2,2,0,2,2,Colorado,June,12,Sunday,10:00pm-10:59pm,10,U.S. Highway,Urban,Principal Arterial - Other,State Highway Agency,This section IS ON the NHS,No Special Jurisdiction,Pedestrian,The First Harmful Event was Not a Collision with a Motor Vehicle in Transport,No,Non-Junction,Not an Intersection,On Roadway,,Dark - Not Lighted,Clear,No,Not Applicable,40.49224167,-105.07743611,LARIMER (69),FORT COLLINS
80253,2022,5,0,0,4,4,0,10,10,Colorado,June,13,Monday,1:00pm-1:59pm,27,Interstate,Rural,Interstate,State Highway Agency,This section IS ON the NHS,No Special Jurisdiction,Motor Vehicle In-Transport,Front-to-Rear,Yes,Through Roadway,Not an Intersection,On Roadway,,Daylight,Clear,No,Not Applicable,40.20098333,-104.97997222,WELD (123),MEAD
80254,2022,1,0,0,1,1,0,1,1,Colorado,June,13,Monday,2:00pm-2:59pm,43,U.S. Highway,Rural,Principal Arterial - Other,State Highway Agency,This section IS ON the NHS,No Special Jurisdiction,Rollover/Overturn,The First Harmful Event was Not a Collision with a Motor Vehicle in Transport,No,Non-Junction,Not an Intersection,On Shoulder,,Daylight,Clear,No,Not Applicable,40.24672222,-105.30873333,BOULDER (13),NOT APPLICABLE
80255,2022,1,0,0,3,3,0,3,3,Colorado,June,13,Monday,2:00pm-2:59pm,18,Interstate,Urban,Interstate,State Highway Agency,This section IS ON the NHS,No Special Jurisdiction,Motor Vehicle In-Transport,Front-to-Rear,No,Non-Junction,Not an Intersection,On Roadway,,Daylight,Clear,No,Not Applicable,40.07436111,-104.98025278,WELD (123),DACONO
80256,2022,2,0,0,2,2,0,6,6,Colorado,June,16,Thursday,0:00am-0:59am,10,State Highway,Urban,Principal Arterial - Other,State Highway Agency,This section IS ON the NHS,No Special Jurisdiction,Motor Vehicle In-Transport,Front-to-Rear,No,Non-Junction,Not an Intersection,On Roadway,,Dark - Not Lighted,Clear,No,Not Applicable,39.44115556,-104.75984444,DOUGLAS (35),NOT APPLICABLE
80257,2022,1,0,0,1,1,0,1,1,Colorado,June,15,Wednesday,11:00pm-11:59pm,0,State Highway,Rural,Minor Arterial,State Highway Agency,This section IS NOT on the NHS,No Special Jurisdiction,Boulder,The First Harmful Event was Not a Collision with a Motor Vehicle in Transport,No,Non-Junction,Not an Intersection,On Roadside,,Dark - Not Lighted,Clear,No,Not Applicable,39.66840278,-105.26373889,JEFFERSON (59),NOT APPLICABLE
80258,2022,2,0,0,1,1,0,2,2,Colorado,June,16,Thursday,2:00pm-2:59pm,25,State Highway,Rural,Major Collector,State Highway Agency,This section IS NOT on the NHS,No Special Jurisdiction,"Post, Pole or Other Supports",The First Harmful Event was Not a Collision with a Motor Vehicle in Transport,No,Non-Junction,Not an Intersection,On Roadside,,Daylight,Clear,No,Not Applicable,38.04194444,-108.58161111,SAN MIGUEL (113),NOT APPLICABLE
80259,2022,1,0,0,1,1,0,1,1,Colorado,June,16,Thursday,2:00pm-2:59pm,46,U.S. Highway,Rural,Principal Arterial - Other,State Highway Agency,This section IS ON the NHS,No Special Jurisdiction,Rollover/Overturn,The First Harmful Event was Not a Collision with a Motor Vehicle in Transport,No,Driveway Access Related,Not an Intersection,On Roadside,,Daylight,Clear,No,Not Applicable,37.30372222,-106.96923333,ARCHULETA (7),NOT APPLICABLE
80260,2022,1,0,0,1,1,0,3,3,Colorado,June,5,Sunday,1:00am-1:59am,58,Local Street - Municipality,Urban,Principal Arterial - Other Freeways and Expressways,City or Municipal Highway Agency,This section IS ON the NHS,No Special Jurisdiction,"Post, Pole or Other Supports",The First Harmful Event was Not a Collision with a Motor Vehicle in Transport,No,Non-Junction,Not an Intersection,On Roadside,,Dark - Lighted,Clear,No,Not Applicable,39.818,-104.78720556,DENVER (31),DENVER
80261,2022,1,0,0,1,1,0,1,1,Colorado,June,18,Saturday,9:00pm-9:59pm,30,County Road,Rural,Major Collector,County Highway Agency,This section IS NOT on the NHS,No Special Jurisdiction,Tree (Standing Only),The First Harmful Event was Not a Collision with a Motor Vehicle in Transport,No,Non-Junction,Not an Intersection,On Roadside,,Dark - Not Lighted,Clear,No,Not Applicable,40.78234444,-105.56218889,LARIMER (69),NOT APPLICABLE
80262,2022,1,0,0,1,1,0,1,1,Colorado,June,18,Saturday,10:00pm-10:59pm,25,State Highway,Rural,Minor Arterial,State Highway Agency,This section IS NOT on the NHS,No Special Jurisdiction,Tree (Standing Only),The First Harmful Event was Not a Collision with a Motor Vehicle in Transport,No,Non-Junction,Not an Intersection,On Roadside,,Dark - Not Lighted,Clear,No,Not Applicable,38.67211111,-104.85698333,EL PASO (41),NOT APPLICABLE
80263,2022,1,0,0,1,1,0,1,1,Colorado,June,19,Sunday,3:00pm-3:59pm,15,County Road,Rural,Major Collector,County Highway Agency,This section IS NOT on the NHS,No Special Jurisdiction,Fence,The First Harmful Event was Not a Collision with a Motor Vehicle in Transport,No,Non-Junction,Not an Intersection,Outside Trafficway,,Daylight,Rain,No,Not Applicable,38.26158333,-108.53467222,MONTROSE (85),NOT APPLICABLE
80264,2022,1,0,0,2,2,0,2,2,Colorado,June,20,Monday,9:00am-9:59am,0,State Highway,Rural,Major Collector,State Highway Agency,This section IS NOT on the NHS,No Special Jurisdiction,Motor Vehicle In-Transport,Angle,No,Intersection,Four-Way Intersection,On Roadway,,Daylight,Clear,No,Not Applicable,37.42982222,-106.03932778,ALAMOSA (3),NOT APPLICABLE
80265,2022,1,0,0,1,1,0,3,3,Colorado,June,16,Thursday,10:00pm-10:59pm,35,County Road,Rural,Major Collector,County Highway Agency,This section IS NOT on the NHS,No Special Jurisdiction,Rollover/Overturn,The First Harmful Event was Not a Collision with a Motor Vehicle in Transport,No,Non-Junction,Not an Intersection,On Roadway,,Dark - Not Lighted,Clear,No,Not Applicable,37.19513889,-105.92846111,CONEJOS (21),NOT APPLICABLE
80266,2022,1,0,0,2,2,0,2,2,Colorado,June,19,Sunday,5:00pm-5:59pm,20,U.S. Highway,Rural,Principal Arterial - Other,State Highway Agency,This section IS ON the NHS,No Special Jurisdiction,Motor Vehicle In-Transport,Front-to-Front,No,Non-Junction,Not an Intersection,On Roadway,,Daylight,Clear,No,Not Applicable,40.09775833,-106.0479,GRAND (49),NOT APPLICABLE
80267,2022,1,0,0,2,2,0,2,2,Colorado,June,14,Tuesday,3:00pm-3:59pm,0,Interstate,Rural,Interstate,State Highway Agency,This section IS ON the NHS,No Special Jurisdiction,Motor Vehicle In-Transport,Sideswipe - Same Direction,No,Non-Junction,Not an Intersection,On Roadway,,Daylight,Clear,No,Not Applicable,39.19018056,-108.28103889,MESA (77),NOT APPLICABLE
80268,2022,1,1,1,1,1,0,3,3,Colorado,June,4,Saturday,8:00am-8:59am,37,Local Street - Municipality,Urban,Principal Arterial - Other,City or Municipal Highway Agency,This section IS ON the NHS,No Special Jurisdiction,Pedestrian,The First Harmful Event was Not a Collision with a Motor Vehicle in Transport,No,Non-Junction,Not an Intersection,In Parking Lane/Zone,,Daylight,Clear,No,Not Applicable,39.636,-104.98796667,ARAPAHOE (5),ENGLEWOOD
80269,2022,1,0,0,1,1,0,1,1,Colorado,June,7,Tuesday,7:00pm-7:59pm,10,Local Street - Municipality,Urban,Local,City or Municipal Highway Agency,This section IS NOT on the NHS,No Special Jurisdiction,Traffic Sign Support,The First Harmful Event was Not a Collision with a Motor Vehicle in Transport,No,Non-Junction,Not an Intersection,On Median,,Dusk,Clear,No,Not Applicable,39.51986111,-104.833775,DOUGLAS (35),LONE TREE
80270,2022,1,0,0,2,2,0,2,2,Colorado,June,16,Thursday,10:00pm-10:59pm,13,State Highway,Urban,Principal Arterial - Other,State Highway Agency,This section IS ON the NHS,No Special Jurisdiction,Motor Vehicle In-Transport,Angle,Yes,Intersection,T-Intersection,On Roadway,,Dark - Lighted,Clear,No,Not Applicable,39.72670278,-105.10976667,JEFFERSON (59),LAKEWOOD
80271,2022,1,0,0,2,2,0,3,3,Colorado,June,10,Friday,4:00pm-4:59pm,30,State Highway,Rural,Minor Arterial,State Highway Agency,This section IS NOT on the NHS,No Special Jurisdiction,Motor Vehicle In-Transport,Angle,No,Non-Junction,Not an Intersection,On Roadway,,Daylight,Clear,No,Not Applicable,38.79802222,-107.84455,DELTA (29),NOT APPLICABLE
80272,2022,1,1,1,1,1,0,2,2,Colorado,June,19,Sunday,9:00pm-9:59pm,46,Local Street - Municipality,Urban,Minor Arterial,City or Municipal Highway Agency,This section IS NOT on the NHS,No Special Jurisdiction,Pedestrian,The First Harmful Event was Not a Collision with a Motor Vehicle in Transport,No,Non-Junction,Not an Intersection,On Roadway,,Dark - Lighted,Clear,No,Not Applicable,40.19161111,-105.13096944,BOULDER (13),LONGMONT
80273,2022,1,0,0,2,2,0,3,3,Colorado,June,22,Wednesday,4:00pm-4:59pm,57,Local Street - Municipality,Urban,Minor Arterial,City or Municipal Highway Agency,This section IS NOT on the NHS,No Special Jurisdiction,Rollover/Overturn,The First Harmful Event was Not a Collision with a Motor Vehicle in Transport,No,Intersection,Four-Way Intersection,On Roadway,,Daylight,Clear,No,Not Applicable,39.95772778,-105.03439444,BROOMFIELD (14),BROOMFIELD
80274,2022,1,0,0,3,3,0,3,3,Colorado,June,23,Thursday,12:00pm-12:59pm,50,U.S. Highway,Rural,Principal Arterial - Other,State Highway Agency,This section IS ON the NHS,No Special Jurisdiction,Motor Vehicle In-Transport,Front-to-Front,No,Non-Junction,Not an Intersection,On Roadway,,Daylight,Clear,No,Not Applicable,38.04221111,-106.14205,SAGUACHE (109),NOT APPLICABLE
80275,2022,1,0,0,1,1,0,1,1,Colorado,June,24,Friday,1:00pm-1:59pm,4,County Road,Rural,Minor Arterial,County Highway Agency,This section IS NOT on the NHS,No Special Jurisdiction,Culvert,The First Harmful Event was Not a Collision with a Motor Vehicle in Transport,No,Non-Junction,Not an Intersection,On Roadside,,Daylight,Cloudy,No,Not Applicable,40.24103889,-104.90474167,WELD (123),NOT APPLICABLE
80276,2022,1,0,0,2,2,0,5,5,Colorado,June,24,Friday,7:00pm-7:59pm,35,U.S. Highway,Rural,Principal Arterial - Other,State Highway Agency,This section IS ON the NHS,No Special Jurisdiction,Motor Vehicle In-Transport,Angle,No,Intersection,Four-Way Intersection,On Roadway,,Daylight,Clear,No,Not Applicable,40.0366,-105.10295556,BOULDER (13),LAFAYETTE
80277,2022,1,0,0,2,2,0,3,3,Colorado,June,25,Saturday,6:00pm-6:59pm,37,State Highway,Rural,Minor Arterial,State Highway Agency,This section IS NOT on the NHS,No Special Jurisdiction,Rollover/Overturn,The First Harmful Event was Not a Collision with a Motor Vehicle in Transport,No,Non-Junction,Not an Intersection,On Roadway,,Daylight,Clear,No,Not Applicable,39.89535,-105.33908333,JEFFERSON (59),NOT APPLICABLE
80278,2022,1,0,0,2,2,0,2,2,Colorado,June,25,Saturday,0:00am-0:59am,23,Interstate,Rural,Interstate,State Highway Agency,This section IS ON the NHS,No Special Jurisdiction,Motor Vehicle In-Transport,Front-to-Front,No,Non-Junction,Not an Intersection,On Roadway,,Dark - Not Lighted,Clear,No,Not Applicable,39.34526944,-103.84978889,ELBERT (39),NOT APPLICABLE
80279,2022,1,0,0,2,2,0,2,2,Colorado,June,26,Sunday,10:00pm-10:59pm,14,County Road,Urban,Major Collector,County Highway Agency,This section IS NOT on the NHS,No Special Jurisdiction,Motor Vehicle In-Transport,Angle,No,Driveway Access Related,Not an Intersection,On Roadway,,Dark - Lighted,Clear,No,Not Applicable,39.36279167,-104.86535833,DOUGLAS (35),NOT APPLICABLE
80280,2022,1,1,1,1,1,0,1,1,Colorado,June,16,Thursday,0:00am-0:59am,53,Local Street - Municipality,Urban,Principal Arterial - Other,City or Municipal Highway Agency,This section IS ON the NHS,No Special Jurisdiction,Pedestrian,The First Harmful Event was Not a Collision with a Motor Vehicle in Transport,No,Non-Junction,Not an Intersection,On Roadway,,Dark - Lighted,Clear,No,Not Applicable,39.64666667,-104.98767778,ARAPAHOE (5),ENGLEWOOD
80281,2022,2,0,0,2,2,0,2,2,Colorado,June,28,Tuesday,4:00pm-4:59pm,59,U.S. Highway,Rural,Principal Arterial - Other,State Highway Agency,This section IS ON the NHS,No Special Jurisdiction,Motor Vehicle In-Transport,Front-to-Front,No,Non-Junction,Not an Intersection,On Roadway,,Daylight,Clear,No,Not Applicable,40.59886111,-104.73765833,WELD (123),NOT APPLICABLE
80282,2022,1,0,0,2,2,0,2,2,Colorado,June,26,Sunday,11:00pm-11:59pm,48,U.S. Highway,Urban,Principal Arterial - Other,State Highway Agency,This section IS ON the NHS,No Special Jurisdiction,Motor Vehicle In-Transport,Front-to-Rear,No,Intersection-Related,Four-Way Intersection,On Roadway,,Dark - Lighted,Clear,No,Not Applicable,39.86366944,-105.02515833,ADAMS (1),WESTMINSTER
80283,2022,1,0,0,2,2,0,7,7,Colorado,June,28,Tuesday,7:00pm-7:59pm,23,County Road,Urban,Minor Arterial,County Highway Agency,This section IS NOT on the NHS,No Special Jurisdiction,Motor Vehicle In-Transport,Angle,No,Intersection,Four-Way Intersection,On Roadway,,Daylight,Clear,No,Not Applicable,39.59492778,-104.777925,ARAPAHOE (5),NOT APPLICABLE
80284,2022,1,1,1,1,1,0,2,2,Colorado,June,16,Thursday,2:00am-2:59am,4,State Highway,Urban,Principal Arterial - Other,State Highway Agency,This section IS ON the NHS,No Special Jurisdiction,Pedestrian,The First Harmful Event was Not a Collision with a Motor Vehicle in Transport,No,Intersection-Related,Four-Way Intersection,On Roadway,,Dark - Lighted,Clear,No,Not Applicable,39.55843333,-104.77982778,DOUGLAS (35),PARKER
80285,2022,1,0,0,1,1,0,2,2,Colorado,June,19,Sunday,5:00am-5:59am,36,U.S. Highway,Urban,Principal Arterial - Other Freeways and Expressways,State Highway Agency,This section IS ON the NHS,No Special Jurisdiction,Guardrail Face,The First Harmful Event was Not a Collision with a Motor Vehicle in Transport,No,Non-Junction,Not an Intersection,On Roadside,,Dawn,Clear,No,Not Applicable,39.75066111,-105.22932778,JEFFERSON (59),GOLDEN
80286,2022,1,0,0,1,1,0,3,3,Colorado,June,19,Sunday,4:00pm-4:59pm,5,U.S. Highway,Rural,Principal Arterial - Other Freeways and Expressways,State Highway Agency,This section IS ON the NHS,No Special Jurisdiction,Cable Barrier,The First Harmful Event was Not a Collision with a Motor Vehicle in Transport,No,Non-Junction,Not an Intersection,On Median,,Daylight,Clear,No,Not Applicable,40.15291667,-104.81255556,WELD (123),FORT LUPTON
80287,2022,1,0,0,2,2,0,6,6,Colorado,June,28,Tuesday,2:00pm-2:59pm,59,U.S. Highway,Rural,Minor Arterial,State Highway Agency,This section IS NOT on the NHS,No Special Jurisdiction,Motor Vehicle In-Transport,Angle,No,Intersection-Related,T-Intersection,On Roadway,,Daylight,Clear,No,Not Applicable,39.07585833,-106.28096111,LAKE (65),NOT APPLICABLE
80288,2022,1,0,0,2,2,0,2,2,Colorado,June,24,Friday,9:00pm-9:59pm,33,Local Street - Municipality,Urban,Minor Arterial,City or Municipal Highway Agency,This section IS NOT on the NHS,No Special Jurisdiction,Motor Vehicle In-Transport,Front-to-Front,No,Non-Junction,Not an Intersection,On Roadway,,Dark - Lighted,Clear,No,Not Applicable,39.09241667,-108.561575,MESA (77),GRAND JUNCTION
80289,2022,1,0,0,2,2,0,3,3,Colorado,June,9,Thursday,10:00pm-10:59pm,18,U.S. Highway,Urban,Principal Arterial - Other,State Highway Agency,This section IS ON the NHS,No Special Jurisdiction,Motor Vehicle In-Transport,Sideswipe - Same Direction,No,Non-Junction,Not an Intersection,On Roadway,,Dark - Lighted,Clear,No,Not Applicable,38.26380556,-104.60698056,PUEBLO (101),PUEBLO
80290,2022,2,0,0,2,2,0,3,3,Colorado,June,9,Thursday,7:00pm-7:59pm,48,State Highway,Urban,Principal Arterial - Other,State Highway Agency,This section IS ON the NHS,No Special Jurisdiction,Motor Vehicle In-Transport,Angle,No,Intersection,T-Intersection,On Roadway,,Daylight,Clear,No,Not Applicable,38.99871111,-104.78095556,EL PASO (41),COLORADO SPRINGS
80291,2022,1,0,0,2,2,0,2,2,Colorado,June,9,Thursday,8:00pm-8:59pm,43,Local Street - Municipality,Urban,Principal Arterial - Other,City or Municipal Highway Agency,This section IS ON the NHS,No Special Jurisdiction,Motor Vehicle In-Transport,Angle,No,Intersection,Four-Way Intersection,On Roadway,,Dusk,Clear,No,Not Applicable,38.84236111,-104.82118333,EL PASO (41),COLORADO SPRINGS
80292,2022,1,0,0,2,2,0,5,5,Colorado,June,11,Saturday,3:00pm-3:59pm,33,U.S. Highway,Urban,Principal Arterial - Other Freeways and Expressways,State Highway Agency,This section IS ON the NHS,No Special Jurisdiction,Motor Vehicle In-Transport,Front-to-Rear,Yes,Through Roadway,Not an Intersection,On Roadway,,Daylight,Clear,No,Not Applicable,39.83020556,-105.00455,ADAMS (1),NOT APPLICABLE
80293,2022,1,0,0,2,2,0,2,2,Colorado,June,18,Saturday,8:00am-8:59am,59,Local Street - Municipality,Urban,Minor Arterial,City or Municipal Highway Agency,This section IS NOT on the NHS,No Special Jurisdiction,Motor Vehicle In-Transport,Front-to-Front,No,Intersection,T-Intersection,On Roadway,,Daylight,Clear,No,Not Applicable,38.80558333,-104.76079444,EL PASO (41),COLORADO SPRINGS
80294,2022,1,0,0,2,2,0,3,3,Colorado,June,18,Saturday,10:00pm-10:59pm,47,Local Street - Municipality,Urban,Principal Arterial - Other,City or Municipal Highway Agency,This section IS ON the NHS,No Special Jurisdiction,Motor Vehicle In-Transport,Angle,No,Intersection,Four-Way Intersection,On Roadway,,Dark - Lighted,Clear,No,Not Applicable,38.8591,-104.8205,EL PASO (41),COLORADO SPRINGS
80295,2022,1,0,0,2,2,0,2,2,Colorado,June,24,Friday,3:00pm-3:59pm,33,Local Street - Municipality,Urban,Principal Arterial - Other,City or Municipal Highway Agency,This section IS ON the NHS,No Special Jurisdiction,Rollover/Overturn,The First Harmful Event was Not a Collision with a Motor Vehicle in Transport,No,Intersection,Four-Way Intersection,On Roadway,,Daylight,Clear,No,Not Applicable,38.93286667,-104.80803889,EL PASO (41),COLORADO SPRINGS
80296,2022,1,0,0,1,1,0,1,1,Colorado,June,27,Monday,8:00am-8:59am,36,Local Street - Municipality,Urban,Local,City or Municipal Highway Agency,This section IS NOT on the NHS,No Special Jurisdiction,Curb,The First Harmful Event was Not a Collision with a Motor Vehicle in Transport,No,Non-Junction,Not an Intersection,On Roadside,,Daylight,Clear,No,Not Applicable,38.94165,-104.74836111,EL PASO (41),COLORADO SPRINGS
80297,2022,1,1,1,1,1,0,1,1,Colorado,June,22,Wednesday,6:00am-6:59am,52,State Highway,Urban,Principal Arterial - Other,State Highway Agency,This section IS ON the NHS,No Special Jurisdiction,Pedalcyclist,The First Harmful Event was Not a Collision with a Motor Vehicle in Transport,No,Non-Junction,Not an Intersection,On Roadway,,Daylight,Clear,No,Not Applicable,40.00024167,-105.05763889,BOULDER (13),LAFAYETTE
80298,2022,1,0,0,1,1,0,1,1,Colorado,June,24,Friday,4:00pm-4:59pm,9,County Road,Rural,Major Collector,County Highway Agency,This section IS NOT on the NHS,No Special Jurisdiction,Utility Pole/Light Support,The First Harmful Event was Not a Collision with a Motor Vehicle in Transport,No,Non-Junction,Not an Intersection,On Roadside,,Daylight,Clear,No,Not Applicable,40.232525,-103.9168,MORGAN (87),NOT APPLICABLE
80299,2022,1,0,0,1,1,0,1,1,Colorado,June,4,Saturday,1:00am-1:59am,20,Local Street - Municipality,Urban,Minor Arterial,City or Municipal Highway Agency,This section IS NOT on the NHS,No Special Jurisdiction,Fell/Jumped from Vehicle,The First Harmful Event was Not a Collision with a Motor Vehicle in Transport,No,Non-Junction,Not an Intersection,On Roadside,,Dark - Not Lighted,Clear,No,Not Applicable,38.69406111,-104.66627222,EL PASO (41),FOUNTAIN
80300,2022,1,0,0,3,3,0,3,3,Colorado,June,28,Tuesday,11:00pm-11:59pm,4,State Highway,Urban,Principal Arterial - Other Freeways and Expressways,State Highway Agency,This section IS ON the NHS,No Special Jurisdiction,Rollover/Overturn,The First Harmful Event was Not a Collision with a Motor Vehicle in Transport,Yes,Through Roadway,Not an Intersection,On Roadway,,Dark - Lighted,Clear,No,Not Applicable,39.78597222,-104.89999444,DENVER (31),DENVER
80301,2022,2,0,0,1,1,0,2,2,Colorado,June,29,Wednesday,9:00pm-9:59pm,55,State Highway,Urban,Principal Arterial - Other,State Highway Agency,This section IS ON the NHS,No Special Jurisdiction,Traffic Signal Support,The First Harmful Event was Not a Collision with a Motor Vehicle in Transport,No,Intersection-Related,Four-Way Intersection,On Roadside,,Dark - Lighted,Clear,No,Not Applicable,39.52694444,-104.76643889,DOUGLAS (35),PARKER
80302,2022,1,0,0,1,1,0,1,1,Colorado,June,12,Sunday,6:00am-6:59am,21,Local Street - Municipality,Urban,Minor Arterial,City or Municipal Highway Agency,This section IS NOT on the NHS,No Special Jurisdiction,Tree (Standing Only),The First Harmful Event was Not a Collision with a Motor Vehicle in Transport,No,Non-Junction,Not an Intersection,On Roadside,,Daylight,Clear,No,Not Applicable,40.51161667,-105.09607778,LARIMER (69),FORT COLLINS
80303,2022,1,0,0,3,3,0,4,4,Colorado,July,2,Saturday,5:00pm-5:59pm,19,State Highway,Rural,Minor Arterial,State Highway Agency,This section IS NOT on the NHS,No Special Jurisdiction,Rollover/Overturn,The First Harmful Event was Not a Collision with a Motor Vehicle in Transport,No,Non-Junction,Not an Intersection,On Roadway,,Daylight,Severe Crosswinds,No,Not Applicable,38.03514444,-105.39803333,CUSTER (27),NOT APPLICABLE
80304,2022,1,0,0,3,3,0,3,3,Colorado,July,2,Saturday,5:00pm-5:59pm,44,County Road,Urban,Minor Arterial,County Highway Agency,This section IS NOT on the NHS,No Special Jurisdiction,Motor Vehicle In-Transport,Front-to-Front,No,Non-Junction,Not an Intersection,On Roadway,,Daylight,Clear,No,Not Applicable,39.6821,-105.19848333,JEFFERSON (59),NOT APPLICABLE
80305,2022,1,1,1,4,1,3,1,1,Colorado,July,2,Saturday,1:00am-1:59am,39,Local Street - Municipality,Urban,Principal Arterial - Other,City or Municipal Highway Agency,This section IS ON the NHS,No Special Jurisdiction,Pedestrian,The First Harmful Event was Not a Collision with a Motor Vehicle in Transport,No,Intersection-Related,T-Intersection,On Roadway,,Dark - Lighted,Clear,No,Not Applicable,39.71753333,-104.98751389,DENVER (31),DENVER
80306,2022,1,0,0,1,1,0,1,1,Colorado,July,3,Sunday,2:00pm-2:59pm,15,County Road,Rural,Minor Arterial,County Highway Agency,This section IS NOT on the NHS,No Special Jurisdiction,Rollover/Overturn,The First Harmful Event was Not a Collision with a Motor Vehicle in Transport,No,Non-Junction,Not an Intersection,On Roadside,,Daylight,Cloudy,No,Not Applicable,38.97386667,-104.66872222,EL PASO (41),NOT APPLICABLE
80307,2022,2,0,0,2,2,0,2,2,Colorado,July,5,Tuesday,3:00am-3:59am,18,U.S. Highway,Rural,Principal Arterial - Other,State Highway Agency,This section IS ON the NHS,No Special Jurisdiction,Motor Vehicle In-Transport,Front-to-Front,No,Non-Junction,Not an Intersection,On Roadway,,Dark - Not Lighted,Clear,No,Not Applicable,40.28206111,-104.14575,MORGAN (87),NOT APPLICABLE
80308,2022,1,0,0,1,1,0,1,1,Colorado,July,5,Tuesday,5:00pm-5:59pm,50,State Highway,Rural,Minor Collector,State Highway Agency,This section IS NOT on the NHS,No Special Jurisdiction,Tree (Standing Only),The First Harmful Event was Not a Collision with a Motor Vehicle in Transport,No,Non-Junction,Not an Intersection,On Roadside,,Daylight,Cloudy,No,Not Applicable,39.22263889,-106.38465278,LAKE (65),NOT APPLICABLE
80309,2022,1,0,0,2,2,0,3,3,Colorado,July,2,Saturday,12:00pm-12:59pm,10,State Highway,Urban,Principal Arterial - Other,State Highway Agency,This section IS ON the NHS,No Special Jurisdiction,Motor Vehicle In-Transport,Front-to-Front,No,Non-Junction,Not an Intersection,On Roadway,,Daylight,Clear,No,Not Applicable,39.74293333,-105.10951389,JEFFERSON (59),LAKEWOOD
80310,2022,1,0,0,2,2,0,2,2,Colorado,July,1,Friday,7:00am-7:59am,30,U.S. Highway,Urban,Principal Arterial - Other Freeways and Expressways,State Highway Agency,This section IS ON the NHS,No Special Jurisdiction,Motor Vehicle In-Transport,Front-to-Front,No,Intersection,Four-Way Intersection,On Roadway,,Daylight,Clear,No,Not Applicable,38.81627778,-104.72987778,EL PASO (41),COLORADO SPRINGS
80311,2022,1,0,0,1,1,0,1,1,Colorado,July,7,Thursday,7:00pm-7:59pm,56,County Road,Rural,Minor Collector,County Highway Agency,This section IS NOT on the NHS,No Special Jurisdiction,Traffic Sign Support,The First Harmful Event was Not a Collision with a Motor Vehicle in Transport,No,Non-Junction,Not an Intersection,On Roadside,,Daylight,Clear,No,Not Applicable,40.59905556,-103.48670278,LOGAN (75),NOT APPLICABLE
80312,2022,1,0,0,1,1,0,2,2,Colorado,July,3,Sunday,1:00pm-1:59pm,0,State Highway,Rural,Minor Arterial,State Highway Agency,This section IS NOT on the NHS,No Special Jurisdiction,Rollover/Overturn,The First Harmful Event was Not a Collision with a Motor Vehicle in Transport,No,Non-Junction,Not an Intersection,On Shoulder,,Daylight,Clear,No,Not Applicable,39.16466111,-107.24864444,PITKIN (97),NOT APPLICABLE
80313,2022,1,0,0,1,1,0,1,1,Colorado,July,9,Saturday,12:00pm-12:59pm,45,State Highway,Rural,Minor Arterial,State Highway Agency,This section IS NOT on the NHS,No Special Jurisdiction,Rollover/Overturn,The First Harmful Event was Not a Collision with a Motor Vehicle in Transport,No,Non-Junction,Not an Intersection,On Roadside,,Daylight,Clear,No,Not Applicable,38.17757222,-105.12205,CUSTER (27),NOT APPLICABLE
80314,2022,1,1,1,1,1,0,1,1,Colorado,July,9,Saturday,8:00pm-8:59pm,13,Local Street - Municipality,Urban,Local,City or Municipal Highway Agency,This section IS NOT on the NHS,No Special Jurisdiction,Pedestrian,The First Harmful Event was Not a Collision with a Motor Vehicle in Transport,No,Non-Junction,Not an Intersection,On Roadway,,Daylight,Clear,No,Not Applicable,40.07805556,-104.93207222,WELD (123),DACONO
80315,2022,1,0,0,1,1,0,1,1,Colorado,July,4,Monday,6:00pm-6:59pm,55,U.S. Highway,Urban,Principal Arterial - Other Freeways and Expressways,State Highway Agency,This section IS ON the NHS,No Special Jurisdiction,Guardrail Face,The First Harmful Event was Not a Collision with a Motor Vehicle in Transport,No,Non-Junction,Not an Intersection,On Median,,Daylight,Clear,No,Not Applicable,38.27148611,-104.55135556,PUEBLO (101),PUEBLO