ST_CASE,YEAR,FATALS,PEDS,PERNOTMVIT,VE_TOTAL,VE_FORMS,PVH_INVL,PERSONS,PERMVIT,STATENAME,MONTHNAME,DAYNAME,DAY_WEEKNAME,HOURNAME,MINUTENAME,ROUTENAME,RUR_URBNAME,FUNC_SYSNAME,RD_OWNERNAME,NHSNAME,SP_JURNAME,HARM_EVNAME,MAN_COLLNAME,RELJCT1NAME,RELJCT2NAME,TYP_INTNAME,REL_ROADNAME,WRK_ZONENAME,LGT_CONDNAME,WEATHERNAME,SCH_BUSNAME,RAILNAME,LATITUDE,LONGITUD,COUNTYNAME,CITYNAME
80316,2022,1,0,0,1,1,0,1,1,Colorado,July,11,Monday,2:00pm-2:59pm,1,Local Street - Municipality,Urban,Principal Arterial - Other,City or Municipal Highway Agency,This section IS ON the NHS,No Special Jurisdiction,Curb,The First Harmful Event was Not a Collision with a Motor Vehicle in Transport,No,Non-Junction,Not an Intersection,On Roadside,,Daylight,Clear,No,Not Applicable,39.68222222,-105.16055556,JEFFERSON (59),LAKEWOOD
80317,2022,1,0,0,1,1,0,1,1,Colorado,July,11,Monday,2:00pm-2:59pm,21,County Road,Rural,Minor Collector,County Highway Agency,This section IS NOT on the NHS,No Special Jurisdiction,Rollover/Overturn,The First Harmful Event was Not a Collision with a Motor Vehicle in Transport,No,Non-Junction,Not an Intersection,On Roadside,,Daylight,Clear,No,Not Applicable,39.76197222,-105.52236111,CLEAR CREEK (19),NOT APPLICABLE
80318,2022,1,0,0,1,1,0,1,1,Colorado,July,11,Monday,3:00am-3:59am,30,Interstate,Rural,Interstate,State Highway Agency,This section IS ON the NHS,No Special Jurisdiction,Fence,The First Harmful Event was Not a Collision with a Motor Vehicle in Transport,No,Non-Junction,Not an Intersection,Outside Trafficway,,Dark - Not Lighted,Clear,No,Not Applicable,39.71030556,-106.71530556,EAGLE (37),NOT APPLICABLE
80319,2022,1,0,0,2,2,0,7,7,Colorado,July,17,Sunday,3:00am-3:59am,10,Interstate,Urban,Interstate,State Highway Agency,This section IS ON the NHS,No Special Jurisdiction,Motor Vehicle In-Transport,Front-to-Rear,Yes,Through Roadway,Not an Intersection,On Roadway,,Dark - Lighted,Clear,No,Not Applicable,39.85181389,-104.98631111,ADAMS (1),THORNTON
80320,2022,1,0,0,2,2,0,3,3,Colorado,July,12,Tuesday,8:00am-8:59am,23,Local Street - Municipality,Urban,Principal Arterial - Other,City or Municipal Highway Agency,This section IS ON the NHS,No Special Jurisdiction,Motor Vehicle In-Transport,Angle,No,Intersection,Four-Way Intersection,On Roadway,,Daylight,Clear,No,Not Applicable,38.83260833,-104.78462778,EL PASO (41),COLORADO SPRINGS
80321,2022,1,0,0,1,1,0,1,1,Colorado,July,13,Wednesday,9:00pm-9:59pm,40,Interstate,Rural,Interstate,State Highway Agency,This section IS ON the NHS,No Special Jurisdiction,Rollover/Overturn,The First Harmful Event was Not a Collision with a Motor Vehicle in Transport,No,Non-Junction,Not an Intersection,On Roadside,,Dark - Not Lighted,Clear,No,Not Applicable,39.53361111,-107.69209444,GARFIELD (45),NOT APPLICABLE
80322,2022,1,0,0,2,1,1,2,2,Colorado,July,15,Friday,0:00am-0:59am,30,Local Street - Municipality,Urban,Local,City or Municipal Highway Agency,This section IS NOT on the NHS,No Special Jurisdiction,Parked Motor Vehicle,The First Harmful Event was Not a Collision with a Motor Vehicle in Transport,No,Non-Junction,Not an Intersection,In Parking Lane/Zone,,Dark - Lighted,Clear,No,Not Applicable,39.74202222,-104.87666667,ADAMS (1),AURORA
80323,2022,1,0,0,1,1,0,1,1,Colorado,July,16,Saturday,9:00pm-9:59pm,15,U.S. Highway,Rural,Principal Arterial - Other,State Highway Agency,This section IS ON the NHS,No Special Jurisdiction,Rollover/Overturn,The First Harmful Event was Not a Collision with a Motor Vehicle in Transport,No,Non-Junction,Not an Intersection,On Roadside,,Dark - Not Lighted,Clear,No,Not Applicable,37.64666111,-107.80722222,SAN JUAN (111),NOT APPLICABLE
80324,2022,1,0,0,1,1,0,1,1,Colorado,July,17,Sunday,0:00am-0:59am,50,U.S. Highway,Rural,Principal Arterial - Other,State Highway Agency,This section IS ON the NHS,No Special Jurisdiction,Embankment,The First Harmful Event was Not a Collision with a Motor Vehicle in Transport,No,Non-Junction,Not an Intersection,On Roadside,,Dark - Not Lighted,Clear,No,Not Applicable,38.53891111,-106.85475556,GUNNISON (51),NOT APPLICABLE
80325,2022,2,0,0,1,1,0,2,2,Colorado,July,17,Sunday,6:00am-6:59am,35,County Road,Rural,Minor Collector,County Highway Agency,This section IS NOT on the NHS,No Special Jurisdiction,Embankment,The First Harmful Event was Not a Collision with a Motor Vehicle in Transport,No,Non-Junction,Not an Intersection,On Roadside,,Daylight,Clear,No,Not Applicable,37.34916667,-102.44725,BACA (9),NOT APPLICABLE
80326,2022,1,0,0,1,1,0,1,1,Colorado,July,15,Friday,8:00pm-8:59pm,56,County Road,Rural,Major Collector,County Highway Agency,This section IS NOT on the NHS,No Special Jurisdiction,Boulder,The First Harmful Event was Not a Collision with a Motor Vehicle in Transport,No,Non-Junction,Not an Intersection,On Roadside,,Dark - Not Lighted,Clear,No,Not Applicable,39.2755,-108.20478889,MESA (77),NOT APPLICABLE
80327,2022,1,0,0,1,1,0,1,1,Colorado,July,14,Thursday,4:00pm-4:59pm,39,State Highway,Rural,Minor Arterial,State Highway Agency,This section IS NOT on the NHS,No Special Jurisdiction,Embankment,The First Harmful Event was Not a Collision with a Motor Vehicle in Transport,No,Non-Junction,Not an Intersection,On Roadside,,Daylight,Clear,No,Not Applicable,38.95472222,-108.47490556,MESA (77),NOT APPLICABLE
80328,2022,1,0,0,1,1,0,1,1,Colorado,July,18,Monday,10:00pm-10:59pm,15,Interstate,Urban,Interstate,State Highway Agency,This section IS ON the NHS,No Special Jurisdiction,Guardrail Face,The First Harmful Event was Not a Collision with a Motor Vehicle in Transport,Yes,Other location within Interchange Area,Not an Intersection,On Roadside,,Dark - Lighted,Clear,No,Not Applicable,39.78719444,-105.07741944,JEFFERSON (59),ARVADA
80329,2022,1,0,0,2,2,0,4,4,Colorado,July,19,Tuesday,2:00pm-2:59pm,43,State Highway,Urban,Principal Arterial - Other Freeways and Expressways,State Highway Agency,This section IS ON the NHS,No Special Jurisdiction,Motor Vehicle In-Transport,Angle,No,Intersection,T-Intersection,On Roadway,,Daylight,Clear,No,Not Applicable,38.29216111,-104.66335556,PUEBLO (101),NOT APPLICABLE
80330,2022,1,0,0,2,2,0,3,3,Colorado,July,3,Sunday,4:00am-4:59am,57,Interstate,Urban,Interstate,State Highway Agency,This section IS ON the NHS,No Special Jurisdiction,Motor Vehicle In-Transport,Front-to-Front,No,Non-Junction,Not an Intersection,On Roadway,,Dawn,Clear,No,Not Applicable,39.828,-104.94510556,ADAMS (1),NOT APPLICABLE
80331,2022,1,0,0,2,2,0,2,2,Colorado,July,18,Monday,0:00am-0:59am,19,Local Street - Municipality,Urban,Minor Arterial,City or Municipal Highway Agency,This section IS NOT on the NHS,No Special Jurisdiction,Motor Vehicle In-Transport,Angle,Yes,Intersection,Four-Way Intersection,On Roadway,,Dark - Lighted,Clear,No,Not Applicable,38.81547222,-104.8246,EL PASO (41),COLORADO SPRINGS
80332,2022,2,0,0,1,1,0,3,3,Colorado,July,20,Wednesday,3:00pm-3:59pm,2,County Road,Rural,Local,County Highway Agency,This section IS NOT on the NHS,No Special Jurisdiction,Rollover/Overturn,The First Harmful Event was Not a Collision with a Motor Vehicle in Transport,No,Non-Junction,Not an Intersection,On Roadway,,Daylight,Clear,No,Not Applicable,37.35606111,-105.97759167,CONEJOS (21),NOT APPLICABLE
80333,2022,1,0,0,1,1,0,2,2,Colorado,July,21,Thursday,7:00pm-7:59pm,4,County Road,Rural,Major Collector,County Highway Agency,This section IS NOT on the NHS,No Special Jurisdiction,Utility Pole/Light Support,The First Harmful Event was Not a Collision with a Motor Vehicle in Transport,No,Non-Junction,Not an Intersection,On Roadside,,Daylight,Clear,No,Not Applicable,39.1643,-108.66856944,MESA (77),NOT APPLICABLE
80334,2022,1,0,0,2,2,0,3,3,Colorado,July,23,Saturday,8:00am-8:59am,23,State Highway,Rural,Major Collector,State Highway Agency,This section IS NOT on the NHS,No Special Jurisdiction,Motor Vehicle In-Transport,Angle,No,Intersection,Four-Way Intersection,On Roadway,,Daylight,Clear,No,Not Applicable,38.08452222,-103.52819167,OTERO (89),NOT APPLICABLE
80335,2022,1,0,0,2,2,0,2,2,Colorado,July,23,Saturday,5:00am-5:59am,45,Interstate,Rural,Interstate,State Highway Agency,This section IS ON the NHS,No Special Jurisdiction,Motor Vehicle In-Transport,Front-to-Rear,No,Non-Junction,Not an Intersection,On Roadway,,Dawn,Clear,No,Not Applicable,38.1747,-104.63443333,PUEBLO (101),NOT APPLICABLE
80336,2022,2,0,0,2,2,0,5,5,Colorado,July,23,Saturday,11:00pm-11:59pm,53,U.S. Highway,Urban,Principal Arterial - Other Freeways and Expressways,State Highway Agency,This section IS ON the NHS,No Special Jurisdiction,Motor Vehicle In-Transport,Front-to-Front,Yes,Through Roadway,Not an Intersection,On Roadway,,Dark - Lighted,Clear,No,Not Applicable,39.70347222,-104.99516389,DENVER (31),DENVER
80337,2022,1,0,0,2,2,0,2,2,Colorado,July,25,Monday,0:00am-0:59am,50,Interstate,Rural,Interstate,State Highway Agency,This section IS ON the NHS,No Special Jurisdiction,Motor Vehicle In-Transport,Front-to-Rear,No,Non-Junction,Not an Intersection,On Roadway,,Dark - Not Lighted,Clear,No,Not Applicable,39.44111111,-108.06296667,GARFIELD (45),NOT APPLICABLE
80338,2022,1,1,1,1,1,0,1,1,Colorado,July,5,Tuesday,8:00pm-8:59pm,55,U.S. Highway,Urban,Principal Arterial - Other,State Highway Agency,This section IS ON the NHS,No Special Jurisdiction,Pedestrian,The First Harmful Event was Not a Collision with a Motor Vehicle in Transport,No,Non-Junction,Not an Intersection,On Roadway,,Dark - Lighted,Clear,No,Not Applicable,39.73993889,-104.96183889,DENVER (31),DENVER
80339,2022,1,0,0,1,1,0,3,3,Colorado,July,19,Tuesday,0:00am-0:59am,55,Interstate,Urban,Interstate,State Highway Agency,This section IS ON the NHS,No Special Jurisdiction,Rollover/Overturn,The First Harmful Event was Not a Collision with a Motor Vehicle in Transport,Yes,Entrance/Exit Ramp Related,Not an Intersection,On Roadway,,Dark - Lighted,Clear,No,Not Applicable,39.72479444,-105.01566667,DENVER (31),DENVER
80340,2022,1,0,0,2,2,0,3,3,Colorado,July,25,Monday,10:00pm-10:59pm,44,County Road,Urban,Principal Arterial - Other,County Highway Agency,This section IS ON the NHS,No Special Jurisdiction,Motor Vehicle In-Transport,Front-to-Front,No,Intersection,Four-Way Intersection,On Roadway,,Dark - Lighted,Clear,No,Not Applicable,39.83450556,-105.00619444,ADAMS (1),NOT APPLICABLE
80341,2022,1,0,0,1,1,0,1,1,Colorado,July,24,Sunday,1:00pm-1:59pm,35,Local Street - Municipality,Urban,Principal Arterial - Other,City or Municipal Highway Agency,This section IS ON the NHS,No Special Jurisdiction,Curb,The First Harmful Event was Not a Collision with a Motor Vehicle in Transport,No,Non-Junction,Not an Intersection,On Roadside,,Daylight,Clear,No,Not Applicable,39.58102778,-105.03262778,ARAPAHOE (5),LITTLETON
80342,2022,1,0,0,1,1,0,1,1,Colorado,July,26,Tuesday,1:00pm-1:59pm,30,State Highway,Rural,Major Collector,State Highway Agency,This section IS NOT on the NHS,No Special Jurisdiction,Tree (Standing Only),The First Harmful Event was Not a Collision with a Motor Vehicle in Transport,No,Non-Junction,Not an Intersection,On Roadside,,Daylight,Clear,No,Not Applicable,37.16405556,-108.10763333,LA PLATA (67),NOT APPLICABLE
80343,2022,1,1,1,3,3,0,6,6,Colorado,July,29,Friday,9:00pm-9:59pm,4,Interstate,Rural,Interstate,State Highway Agency,This section IS ON the NHS,No Special Jurisdiction,Pedestrian,The First Harmful Event was Not a Collision with a Motor Vehicle in Transport,No,Non-Junction,Not an Intersection,On Roadway,,Dark - Not Lighted,Clear,No,Not Applicable,39.73824722,-104.47490278,ADAMS (1),NOT APPLICABLE
80344,2022,2,0,0,2,2,0,4,4,Colorado,July,30,Saturday,4:00pm-4:59pm,47,U.S. Highway,Rural,Principal Arterial - Other,Town or Township Highway Agency,This section IS ON the NHS,No Special Jurisdiction,Motor Vehicle In-Transport,Front-to-Front,No,Non-Junction,Not an Intersection,On Roadway,,Daylight,Clear,No,Not Applicable,40.32992222,-104.42468333,WELD (123),NOT APPLICABLE
80345,2022,1,1,1,1,1,0,2,2,Colorado,July,30,Saturday,5:00pm-5:59pm,20,State Highway,Urban,Principal Arterial - Other,State Highway Agency,This section IS ON the NHS,No Special Jurisdiction,Non-Motorist on Personal Conveyance,The First Harmful Event was Not a Collision with a Motor Vehicle in Transport,No,Intersection-Related,T-Intersection,On Roadway,,Daylight,Cloudy,No,Not Applicable,40.5809,-105.04483889,LARIMER (69),NOT APPLICABLE
80346,2022,1,0,0,1,1,0,1,1,Colorado,July,30,Saturday,7:00pm-7:59pm,20,State Highway,Urban,Principal Arterial - Other Freeways and Expressways,State Highway Agency,This section IS ON the NHS,No Special Jurisdiction,Guardrail Face,The First Harmful Event was Not a Collision with a Motor Vehicle in Transport,Yes,Other location within Interchange Area,Not an Intersection,On Roadside,,Daylight,Clear,No,Not Applicable,39.60899722,-105.15240833,JEFFERSON (59),NOT APPLICABLE
80347,2022,1,0,0,2,2,0,2,2,Colorado,July,31,Sunday,0:00am-0:59am,4,U.S. Highway,Urban,Principal Arterial - Other,State Highway Agency,This section IS ON the NHS,No Special Jurisdiction,Rollover/Overturn,The First Harmful Event was Not a Collision with a Motor Vehicle in Transport,No,Intersection-Related,Four-Way Intersection,On Roadway,,Dark - Lighted,Clear,No,Not Applicable,39.79445556,-105.02515556,ADAMS (1),NOT APPLICABLE
80348,2022,1,0,0,1,1,0,4,4,Colorado,July,31,Sunday,0:00am-0:59am,36,County Road,Rural,Local,County Highway Agency,This section IS NOT on the NHS,No Special Jurisdiction,Tree (Standing Only),The First Harmful Event was Not a Collision with a Motor Vehicle in Transport,No,Non-Junction,Not an Intersection,On Roadside,,Dark - Not Lighted,Rain,No,Not Applicable,37.23578056,-107.94028889,LA PLATA (67),NOT APPLICABLE
80349,2022,1,0,0,1,1,0,1,1,Colorado,July,23,Saturday,4:00pm-4:59pm,46,Interstate,Rural,Interstate,State Highway Agency,This section IS ON the NHS,No Special Jurisdiction,Guardrail Face,The First Harmful Event was Not a Collision with a Motor Vehicle in Transport,No,Non-Junction,Not an Intersection,On Median,,Daylight,Clear,No,Not Applicable,39.27222222,-108.24774722,MESA (77),NOT APPLICABLE
80350,2022,1,1,1,1,1,0,1,1,Colorado,July,20,Wednesday,9:00pm-9:59pm,20,U.S. Highway,Urban,Principal Arterial - Other,State Highway Agency,This section IS ON the NHS,No Special Jurisdiction,Pedestrian,The First Harmful Event was Not a Collision with a Motor Vehicle in Transport,No,Intersection-Related,Four-Way Intersection,On Roadway,,Dark - Lighted,Clear,No,Not Applicable,38.54319722,-106.93889722,GUNNISON (51),GUNNISON
80351,2022,1,0,0,1,1,0,1,1,Colorado,July,30,Saturday,10:00am-10:59am,27,U.S. Highway,Rural,Principal Arterial - Other,State Highway Agency,This section IS ON the NHS,No Special Jurisdiction,Concrete Traffic Barrier,The First Harmful Event was Not a Collision with a Motor Vehicle in Transport,No,Non-Junction,Not an Intersection,On Median,,Daylight,Clear,No,Not Applicable,38.81120556,-108.292,DELTA (29),NOT APPLICABLE
80352,2022,1,0,0,1,1,0,1,1,Colorado,July,24,Sunday,12:00pm-12:59pm,46,Interstate,Urban,Interstate,State Highway Agency,This section IS ON the NHS,No Special Jurisdiction,Concrete Traffic Barrier,The First Harmful Event was Not a Collision with a Motor Vehicle in Transport,No,Non-Junction,Not an Intersection,On Roadside,,Daylight,Rain,No,Not Applicable,39.54924444,-107.32215,GARFIELD (45),GLENWOOD SPRINGS
80353,2022,1,0,0,2,2,0,5,5,Colorado,July,30,Saturday,0:00am-0:59am,27,Local Street - Municipality,Urban,Principal Arterial - Other,City or Municipal Highway Agency,This section IS ON the NHS,No Special Jurisdiction,Motor Vehicle In-Transport,Angle,Yes,Intersection,Four-Way Intersection,On Roadway,,Dark - Lighted,Clear,No,Not Applicable,39.77288889,-104.78993333,ADAMS (1),Other
80354,2022,1,0,0,2,2,0,2,2,Colorado,July,18,Monday,6:00pm-6:59pm,50,State Highway,Urban,Principal Arterial - Other,State Highway Agency,This section IS ON the NHS,No Special Jurisdiction,Motor Vehicle In-Transport,Angle,No,Driveway Access Related,Not an Intersection,On Roadway,,Daylight,Clear,No,Not Applicable,39.67910556,-104.86588333,ARAPAHOE (5),AURORA
80355,2022,1,0,0,1,1,0,1,1,Colorado,July,23,Saturday,5:00pm-5:59pm,12,Interstate,Urban,Interstate,State Highway Agency,This section IS ON the NHS,No Special Jurisdiction,Guardrail End,The First Harmful Event was Not a Collision with a Motor Vehicle in Transport,Yes,Entrance/Exit Ramp Related,Not an Intersection,On Roadside,,Daylight,Clear,No,Not Applicable,39.592825,-104.88318611,ARAPAHOE (5),GREENWOOD VILLAGE
80356,2022,1,0,0,3,3,0,7,7,Colorado,July,28,Thursday,7:00pm-7:59pm,13,U.S. Highway,Urban,Principal Arterial - Other,State Highway Agency,This section IS ON the NHS,No Special Jurisdiction,Motor Vehicle In-Transport,Angle,Yes,Intersection,Four-Way Intersection,On Roadway,,Daylight,Clear,No,Not Applicable,39.95800556,-105.09044444,BOULDER (13),LAFAYETTE
80357,2022,1,1,1,1,1,0,1,1,Colorado,July,22,Friday,11:00pm-11:59pm,15,County Road,Urban,Local,County Highway Agency,This section IS NOT on the NHS,No Special Jurisdiction,Pedalcyclist,The First Harmful Event was Not a Collision with a Motor Vehicle in Transport,No,Non-Junction,Not an Intersection,On Roadway,,Dark - Lighted,Clear,No,Not Applicable,39.09416667,-108.50591389,MESA (77),NOT APPLICABLE
80358,2022,1,1,1,4,4,0,4,4,Colorado,July,23,Saturday,10:00pm-10:59pm,57,State Highway,Urban,Principal Arterial - Other,State Highway Agency,This section IS ON the NHS,No Special Jurisdiction,Pedestrian,The First Harmful Event was Not a Collision with a Motor Vehicle in Transport,No,Non-Junction,Not an Intersection,On Roadway,,Dark - Lighted,Clear,No,Not Applicable,39.717,-105.05324444,DENVER (31),DENVER
80359,2022,2,0,0,2,2,0,3,3,Colorado,May,30,Monday,3:00am-3:59am,21,Interstate,Urban,Interstate,State Highway Agency,This section IS ON the NHS,No Special Jurisdiction,Motor Vehicle In-Transport,Front-to-Front,Yes,Entrance/Exit Ramp,Not an Intersection,On Roadway,,Dark - Lighted,Clear,No,Not Applicable,39.77222222,-104.82924444,DENVER (31),DENVER
80360,2022,1,1,1,1,1,0,1,1,Colorado,July,3,Sunday,10:00pm-10:59pm,0,Local Street - Municipality,Urban,Principal Arterial - Other Freeways and Expressways,City or Municipal Highway Agency,This section IS ON the NHS,No Special Jurisdiction,Pedestrian,The First Harmful Event was Not a Collision with a Motor Vehicle in Transport,No,Non-Junction,Not an Intersection,On Roadway,,Dark - Lighted,Clear,No,Not Applicable,39.766975,-104.90259444,DENVER (31),DENVER
80362,2022,1,1,1,1,1,0,1,1,Colorado,August,2,Tuesday,2:00am-2:59am,0,U.S. Highway,Urban,Principal Arterial - Other,State Highway Agency,This section IS ON the NHS,No Special Jurisdiction,Pedestrian,The First Harmful Event was Not a Collision with a Motor Vehicle in Transport,No,Intersection,T-Intersection,On Roadway,,Dark - Not Lighted,Clear,No,Not Applicable,38.24560556,-104.58166667,PUEBLO (101),NOT APPLICABLE
80363,2022,1,0,0,1,1,0,1,1,Colorado,August,2,Tuesday,3:00pm-3:59pm,57,County Road,Urban,Local,County Highway Agency,This section IS NOT on the NHS,No Special Jurisdiction,Curb,The First Harmful Event was Not a Collision with a Motor Vehicle in Transport,No,Non-Junction,Not an Intersection,On Roadside,,Daylight,Clear,No,Not Applicable,39.55135556,-104.84763889,DOUGLAS (35),NOT APPLICABLE
80364,2022,1,0,0,2,2,0,3,3,Colorado,August,2,Tuesday,5:00pm-5:59pm,6,Local Street - Municipality,Urban,Local,City or Municipal Highway Agency,This section IS NOT on the NHS,No Special Jurisdiction,Motor Vehicle In-Transport,Angle,No,Intersection,Four-Way Intersection,On Roadway,,Daylight,Cloudy,No,Not Applicable,40.39835,-105.05324444,LARIMER (69),LOVELAND
80365,2022,1,1,1,1,1,0,1,1,Colorado,August,3,Wednesday,1:00am-1:59am,27,Local Street - Municipality,Urban,Minor Arterial,City or Municipal Highway Agency,This section IS NOT on the NHS,No Special Jurisdiction,Non-Motorist on Personal Conveyance,The First Harmful Event was Not a Collision with a Motor Vehicle in Transport,No,Non-Junction,Not an Intersection,On Roadway,,Dark - Lighted,Clear,No,Not Applicable,40.16398611,-105.08481944,BOULDER (13),LONGMONT
80366,2022,1,0,0,1,1,0,4,4,Colorado,August,3,Wednesday,3:00pm-3:59pm,5,Interstate,Rural,Interstate,State Highway Agency,This section IS ON the NHS,No Special Jurisdiction,Rollover/Overturn,The First Harmful Event was Not a Collision with a Motor Vehicle in Transport,No,Non-Junction,Not an Intersection,On Roadside,,Daylight,Clear,No,Not Applicable,40.91966944,-102.46259167,SEDGWICK (115),NOT APPLICABLE
80367,2022,1,0,0,1,1,0,1,1,Colorado,August,3,Wednesday,4:00pm-4:59pm,39,County Road,Rural,Minor Collector,County Highway Agency,This section IS NOT on the NHS,No Special Jurisdiction,Railway Vehicle,The First Harmful Event was Not a Collision with a Motor Vehicle in Transport,No,Railway Grade Crossing,Not an Intersection,On Roadway,,Daylight,Clear,No,805295V,40.42825,-103.43638889,WASHINGTON (121),NOT APPLICABLE
80368,2022,1,0,0,1,1,0,1,1,Colorado,August,5,Friday,5:00pm-5:59pm,43,State Highway,Rural,Minor Arterial,State Highway Agency,This section IS NOT on the NHS,No Special Jurisdiction,Rollover/Overturn,The First Harmful Event was Not a Collision with a Motor Vehicle in Transport,No,Non-Junction,Not an Intersection,On Roadside,,Daylight,Clear,No,Not Applicable,37.778,-106.84265833,MINERAL (79),NOT APPLICABLE
80369,2022,1,1,1,1,1,0,1,1,Colorado,August,5,Friday,10:00pm-10:59pm,9,State Highway,Urban,Principal Arterial - Other,State Highway Agency,This section IS ON the NHS,No Special Jurisdiction,Pedestrian,The First Harmful Event was Not a Collision with a Motor Vehicle in Transport,Yes,Through Roadway,Not an Intersection,On Roadway,,Dark - Lighted,Clear,No,Not Applicable,39.79761667,-105.05316944,JEFFERSON (59),NOT APPLICABLE
80370,2022,2,0,0,2,2,0,5,5,Colorado,August,5,Friday,11:00pm-11:59pm,50,Local Street - Frontage Road,Rural,Interstate,State Highway Agency,This section IS ON the NHS,No Special Jurisdiction,Motor Vehicle In-Transport,Front-to-Front,No,Non-Junction,Not an Intersection,On Roadway,,Dark - Not Lighted,Clear,No,Not Applicable,39.33739167,-104.87686389,DOUGLAS (35),NOT APPLICABLE
80371,2022,1,0,0,2,2,0,2,2,Colorado,August,6,Saturday,5:00pm-5:59pm,10,State Highway,Urban,Principal Arterial - Other Freeways and Expressways,State Highway Agency,This section IS ON the NHS,No Special Jurisdiction,Motor Vehicle In-Transport,Angle,No,Intersection,Four-Way Intersection,On Roadway,,Daylight,Clear,No,Not Applicable,39.59882778,-105.09126667,JEFFERSON (59),NOT APPLICABLE
80372,2022,1,1,1,1,1,0,4,4,Colorado,August,6,Saturday,9:00pm-9:59pm,25,County Road,Rural,Local,County Highway Agency,This section IS NOT on the NHS,No Special Jurisdiction,Pedestrian,The First Harmful Event was Not a Collision with a Motor Vehicle in Transport,No,Non-Junction,Not an Intersection,On Roadway,,Dark - Not Lighted,Clear,No,Not Applicable,39.19098889,-108.77576667,MESA (77),NOT APPLICABLE
80373,2022,1,1,1,1,1,0,1,1,Colorado,August,7,Sunday,2:00am-2:59am,22,Local Street - Municipality,Urban,Minor Arterial,City or Municipal Highway Agency,This section IS NOT on the NHS,No Special Jurisdiction,Pedalcyclist,The First Harmful Event was Not a Collision with a Motor Vehicle in Transport,No,Non-Junction,Not an Intersection,On Roadway,,Dark - Lighted,Clear,No,Not Applicable,37.29198333,-107.86148333,LA PLATA (67),DURANGO
80374,2022,1,0,0,2,2,0,2,2,Colorado,August,8,Monday,4:00pm-4:59pm,15,State Highway,Urban,Principal Arterial - Other,State Highway Agency,This section IS ON the NHS,No Special Jurisdiction,Motor Vehicle In-Transport,Angle,No,Driveway Access Related,Not an Intersection,On Roadway,,Daylight,Clear,No,Not Applicable,39.54032222,-105.0913,JEFFERSON (59),NOT APPLICABLE
80375,2022,1,0,0,2,2,0,3,3,Colorado,August,8,Monday,6:00pm-6:59pm,0,Interstate,Rural,Interstate,State Highway Agency,This section IS ON the NHS,No Special Jurisdiction,Bridge Overhead Structure,The First Harmful Event was Not a Collision with a Motor Vehicle in Transport,Yes,Through Roadway,Not an Intersection,On Roadway,,Daylight,Clear,No,Not Applicable,40.23343056,-104.97997778,WELD (123),MEAD
80376,2022,3,0,0,1,1,0,5,5,Colorado,August,10,Wednesday,0:00am-0:59am,39,County Road,Rural,Local,County Highway Agency,This section IS NOT on the NHS,No Special Jurisdiction,Fence,The First Harmful Event was Not a Collision with a Motor Vehicle in Transport,No,Non-Junction,Not an Intersection,Outside Trafficway,,Dark - Not Lighted,Clear,No,Not Applicable,40.62430556,-104.94180556,WELD (123),NOT APPLICABLE
80377,2022,1,1,1,1,1,0,1,1,Colorado,August,3,Wednesday,6:00pm-6:59pm,51,Local Street - Municipality,Urban,Minor Arterial,City or Municipal Highway Agency,This section IS NOT on the NHS,No Special Jurisdiction,Pedalcyclist,The First Harmful Event was Not a Collision with a Motor Vehicle in Transport,No,Intersection,T-Intersection,On Roadway,,Daylight,Clear,No,Not Applicable,39.08271667,-108.56105,MESA (77),GRAND JUNCTION
80378,2022,1,0,0,2,2,0,2,2,Colorado,August,11,Thursday,4:00pm-4:59pm,9,County Road,Rural,Minor Collector,County Highway Agency,This section IS NOT on the NHS,No Special Jurisdiction,Motor Vehicle In-Transport,Front-to-Front,No,Non-Junction,Not an Intersection,On Roadway,,Daylight,Clear,No,Not Applicable,38.70255556,-105.31281111,TELLER (119),NOT APPLICABLE
80379,2022,2,0,0,1,1,0,2,2,Colorado,August,13,Saturday,12:00pm-12:59pm,20,Interstate,Rural,Interstate,State Highway Agency,This section IS ON the NHS,No Special Jurisdiction,"Post, Pole or Other Supports",The First Harmful Event was Not a Collision with a Motor Vehicle in Transport,No,Non-Junction,Not an Intersection,On Median,,Daylight,Clear,No,Not Applicable,38.10829167,-104.6787,PUEBLO (101),NOT APPLICABLE
80380,2022,1,0,0,1,1,0,1,1,Colorado,August,12,Friday,4:00pm-4:59pm,7,State Highway,Rural,Principal Arterial - Other,State Highway Agency,This section IS ON the NHS,No Special Jurisdiction,Rollover/Overturn,The First Harmful Event was Not a Collision with a Motor Vehicle in Transport,No,Non-Junction,Not an Intersection,On Roadside,,Daylight,Clear,No,Not Applicable,40.14416667,-103.58518889,MORGAN (87),NOT APPLICABLE
80381,2022,1,0,0,1,1,0,1,1,Colorado,August,12,Friday,8:00pm-8:59pm,30,County Road,Trafficway Not in State Inventory,Trafficway Not in State Inventory,Trafficway Not in State Inventory,This section IS NOT on the NHS,No Special Jurisdiction,Rollover/Overturn,The First Harmful Event was Not a Collision with a Motor Vehicle in Transport,No,Non-Junction,Not an Intersection,On Roadside,,Dark - Not Lighted,Rain,No,Not Applicable,39.72114722,-107.65339444,GARFIELD (45),NOT APPLICABLE