ST_CASE,YEAR,FATALS,PEDS,PERNOTMVIT,VE_TOTAL,VE_FORMS,PVH_INVL,PERSONS,PERMVIT,STATENAME,MONTHNAME,DAYNAME,DAY_WEEKNAME,HOURNAME,MINUTENAME,ROUTENAME,RUR_URBNAME,FUNC_SYSNAME,RD_OWNERNAME,NHSNAME,SP_JURNAME,HARM_EVNAME,MAN_COLLNAME,RELJCT1NAME,RELJCT2NAME,TYP_INTNAME,REL_ROADNAME,WRK_ZONENAME,LGT_CONDNAME,WEATHERNAME,SCH_BUSNAME,RAILNAME,LATITUDE,LONGITUD,COUNTYNAME,CITYNAME
80382,2022,1,0,0,1,1,0,1,1,Colorado,August,12,Friday,7:00pm-7:59pm,15,County Road,Rural,Minor Collector,County Highway Agency,This section IS NOT on the NHS,No Special Jurisdiction,Fence,The First Harmful Event was Not a Collision with a Motor Vehicle in Transport,No,Non-Junction,Not an Intersection,Outside Trafficway,,Daylight,Cloudy,No,Not Applicable,38.99291111,-107.85798333,DELTA (29),NOT APPLICABLE
80383,2022,1,0,0,3,3,0,3,3,Colorado,August,15,Monday,5:00pm-5:59pm,15,Interstate,Rural,Interstate,State Highway Agency,This section IS ON the NHS,No Special Jurisdiction,Motor Vehicle In-Transport,Front-to-Rear,No,Non-Junction,Not an Intersection,On Roadway,,Daylight,Clear,No,Not Applicable,39.64690556,-107.03961389,EAGLE (37),NOT APPLICABLE
80384,2022,1,0,0,2,2,0,2,2,Colorado,August,13,Saturday,7:00am-7:59am,22,Local Street - Municipality,Urban,Principal Arterial - Other,City or Municipal Highway Agency,This section IS ON the NHS,No Special Jurisdiction,Motor Vehicle In-Transport,Angle,No,Intersection,Four-Way Intersection,On Roadway,,Daylight,Clear,No,Not Applicable,39.73386111,-104.99351111,DENVER (31),DENVER
80385,2022,1,0,0,2,2,0,3,3,Colorado,August,13,Saturday,1:00pm-1:59pm,0,State Highway,Rural,Minor Arterial,State Highway Agency,This section IS NOT on the NHS,No Special Jurisdiction,Motor Vehicle In-Transport,Angle,No,Non-Junction,Not an Intersection,On Roadway,,Daylight,Clear,No,Not Applicable,40.54240278,-104.90809167,WELD (123),SEVERANCE
80386,2022,1,0,0,1,1,0,1,1,Colorado,August,16,Tuesday,10:00am-10:59am,0,State Highway,Rural,Major Collector,State Highway Agency,This section IS NOT on the NHS,No Special Jurisdiction,Tree (Standing Only),The First Harmful Event was Not a Collision with a Motor Vehicle in Transport,No,Non-Junction,Not an Intersection,Outside Trafficway,,Daylight,Cloudy,No,Not Applicable,39.10584444,-106.55280556,LAKE (65),NOT APPLICABLE
80387,2022,1,0,0,2,2,0,3,3,Colorado,August,17,Wednesday,11:00am-11:59am,50,U.S. Highway,Rural,Principal Arterial - Other,State Highway Agency,This section IS ON the NHS,No Special Jurisdiction,Motor Vehicle In-Transport,Front-to-Front,No,Non-Junction,Not an Intersection,On Roadway,,Daylight,Clear,No,Not Applicable,40.41218611,-105.19985,LARIMER (69),NOT APPLICABLE
80388,2022,1,0,0,2,2,0,2,2,Colorado,August,17,Wednesday,6:00pm-6:59pm,27,Local Street - Municipality,Urban,Minor Arterial,City or Municipal Highway Agency,This section IS NOT on the NHS,No Special Jurisdiction,Motor Vehicle In-Transport,Angle,No,Intersection,T-Intersection,On Roadway,,Daylight,Clear,No,Not Applicable,39.84231667,-105.03888333,ADAMS (1),WESTMINSTER
80389,2022,1,0,0,1,1,0,2,2,Colorado,August,19,Friday,5:00am-5:59am,19,Interstate,Rural,Interstate,State Highway Agency,This section IS ON the NHS,No Special Jurisdiction,Rollover/Overturn,The First Harmful Event was Not a Collision with a Motor Vehicle in Transport,No,Non-Junction,Not an Intersection,On Median,,Dawn,Clear,No,Not Applicable,37.54035278,-104.70986944,HUERFANO (55),NOT APPLICABLE
80390,2022,1,0,0,2,2,0,3,3,Colorado,August,20,Saturday,2:00pm-2:59pm,42,Interstate,Rural,Interstate,State Highway Agency,This section IS ON the NHS,No Special Jurisdiction,Traffic Sign Support,The First Harmful Event was Not a Collision with a Motor Vehicle in Transport,No,Non-Junction,Not an Intersection,On Median,,Daylight,Rain,No,Not Applicable,37.40105,-104.61953611,LAS ANIMAS (71),NOT APPLICABLE
80391,2022,1,0,0,1,1,0,1,1,Colorado,August,20,Saturday,2:00am-2:59am,5,Interstate,Urban,Interstate,State Highway Agency,This section IS ON the NHS,No Special Jurisdiction,Rollover/Overturn,The First Harmful Event was Not a Collision with a Motor Vehicle in Transport,No,Non-Junction,Not an Intersection,On Roadway,Construction,Dark - Lighted,Clear,No,Not Applicable,40.48650278,-104.99196667,LARIMER (69),NOT APPLICABLE
80392,2022,1,2,2,3,3,0,5,5,Colorado,August,7,Sunday,1:00am-1:59am,55,State Highway,Urban,Principal Arterial - Other Freeways and Expressways,State Highway Agency,This section IS ON the NHS,No Special Jurisdiction,Motor Vehicle In-Transport,Sideswipe - Same Direction,Yes,Intersection-Related,Four-Way Intersection,On Roadway,,Dark - Lighted,Clear,No,Not Applicable,39.725125,-105.02543889,DENVER (31),DENVER
80393,2022,1,0,0,1,1,0,1,1,Colorado,August,21,Sunday,11:00am-11:59am,40,County Road,Rural,Major Collector,County Highway Agency,This section IS NOT on the NHS,No Special Jurisdiction,Tree (Standing Only),The First Harmful Event was Not a Collision with a Motor Vehicle in Transport,No,Non-Junction,Not an Intersection,On Roadside,,Daylight,Clear,No,Not Applicable,38.92426667,-105.22481111,TELLER (119),NOT APPLICABLE
80394,2022,1,1,1,1,1,0,3,3,Colorado,August,13,Saturday,8:00pm-8:59pm,49,U.S. Highway,Rural,Principal Arterial - Other,State Highway Agency,This section IS ON the NHS,No Special Jurisdiction,Pedestrian,The First Harmful Event was Not a Collision with a Motor Vehicle in Transport,No,Non-Junction,Not an Intersection,On Roadway,,Dark - Not Lighted,Clear,No,Not Applicable,40.39197222,-104.58238333,WELD (123),KERSEY
80395,2022,1,0,0,1,1,0,2,2,Colorado,August,20,Saturday,11:00pm-11:59pm,36,Local Street - Municipality,Urban,Major Collector,City or Municipal Highway Agency,This section IS NOT on the NHS,No Special Jurisdiction,Curb,The First Harmful Event was Not a Collision with a Motor Vehicle in Transport,No,Non-Junction,Not an Intersection,On Median,,Dark - Not Lighted,Cloudy,No,Not Applicable,39.0773,-108.47004444,MESA (77),GRAND JUNCTION
80396,2022,2,0,0,2,2,0,3,3,Colorado,August,21,Sunday,0:00am-0:59am,55,Local Street - Municipality,Urban,Minor Arterial,City or Municipal Highway Agency,This section IS NOT on the NHS,No Special Jurisdiction,Motor Vehicle In-Transport,Front-to-Rear,No,Non-Junction,Not an Intersection,On Roadway,,Dark - Not Lighted,Clear,No,Not Applicable,40.44826944,-105.11555,LARIMER (69),LOVELAND
80397,2022,1,0,0,2,1,1,1,1,Colorado,August,18,Thursday,7:00am-7:59am,12,Local Street - Municipality,Urban,Local,City or Municipal Highway Agency,This section IS NOT on the NHS,No Special Jurisdiction,Rollover/Overturn,The First Harmful Event was Not a Collision with a Motor Vehicle in Transport,No,Non-Junction,Not an Intersection,On Roadway,,Daylight,Clear,No,Not Applicable,38.89532778,-104.84367778,EL PASO (41),COLORADO SPRINGS
80398,2022,1,0,0,2,2,0,3,3,Colorado,August,21,Sunday,1:00am-1:59am,46,U.S. Highway,Urban,Principal Arterial - Other,State Highway Agency,This section IS ON the NHS,No Special Jurisdiction,Motor Vehicle In-Transport,Front-to-Front,No,Intersection-Related,Four-Way Intersection,On Roadway,,Dark - Lighted,Clear,No,Not Applicable,39.74012222,-104.8542,ARAPAHOE (5),AURORA
80399,2022,1,0,0,2,2,0,2,2,Colorado,August,3,Wednesday,5:00pm-5:59pm,37,Local Street - Municipality,Urban,Local,City or Municipal Highway Agency,This section IS NOT on the NHS,No Special Jurisdiction,Motor Vehicle In-Transport,Angle,No,Intersection,Four-Way Intersection,On Roadway,,Daylight,Clear,No,Not Applicable,39.72317222,-104.70973611,ARAPAHOE (5),AURORA
80400,2022,1,0,0,2,2,0,4,4,Colorado,August,21,Sunday,2:00pm-2:59pm,26,Local Street - Municipality,Urban,Minor Arterial,City or Municipal Highway Agency,This section IS NOT on the NHS,No Special Jurisdiction,Motor Vehicle In-Transport,Angle,No,Intersection,Four-Way Intersection,On Roadway,,Daylight,Clear,No,Not Applicable,38.79676667,-104.75126667,EL PASO (41),COLORADO SPRINGS
80401,2022,1,0,0,1,1,0,2,2,Colorado,August,23,Tuesday,10:00pm-10:59pm,51,Local Street - Municipality,Urban,Major Collector,City or Municipal Highway Agency,This section IS NOT on the NHS,No Special Jurisdiction,Ditch,The First Harmful Event was Not a Collision with a Motor Vehicle in Transport,No,Non-Junction,Not an Intersection,On Roadside,,Dark - Not Lighted,Clear,No,Not Applicable,39.88818333,-104.92669167,ADAMS (1),THORNTON
80402,2022,1,0,0,2,2,0,2,2,Colorado,August,24,Wednesday,12:00pm-12:59pm,25,State Highway,Rural,Minor Arterial,State Highway Agency,This section IS NOT on the NHS,No Special Jurisdiction,Motor Vehicle In-Transport,Front-to-Front,No,Non-Junction,Not an Intersection,On Roadway,,Daylight,Clear,No,Not Applicable,38.83837222,-104.41538889,EL PASO (41),NOT APPLICABLE
80403,2022,1,0,0,1,1,0,1,1,Colorado,August,25,Thursday,12:00pm-12:59pm,41,U.S. Highway,Rural,Major Collector,State Highway Agency,This section IS NOT on the NHS,No Special Jurisdiction,Culvert,The First Harmful Event was Not a Collision with a Motor Vehicle in Transport,No,Non-Junction,Not an Intersection,On Roadside,,Daylight,Clear,No,Not Applicable,40.92761111,-102.54794444,SEDGWICK (115),NOT APPLICABLE
80404,2022,1,0,0,1,1,0,1,1,Colorado,August,27,Saturday,1:00pm-1:59pm,55,County Road,Rural,Minor Collector,County Highway Agency,This section IS NOT on the NHS,No Special Jurisdiction,Rollover/Overturn,The First Harmful Event was Not a Collision with a Motor Vehicle in Transport,No,Non-Junction,Not an Intersection,On Roadside,,Daylight,Clear,No,Not Applicable,39.501675,-105.24588056,JEFFERSON (59),NOT APPLICABLE
80405,2022,1,1,1,1,1,0,1,1,Colorado,August,27,Saturday,8:00pm-8:59pm,30,County Road,Urban,Major Collector,County Highway Agency,This section IS NOT on the NHS,No Special Jurisdiction,Pedestrian,The First Harmful Event was Not a Collision with a Motor Vehicle in Transport,No,Non-Junction,Not an Intersection,On Roadway,,Dark - Not Lighted,Clear,No,Not Applicable,40.63278333,-103.24003333,LOGAN (75),NOT APPLICABLE
80406,2022,1,0,0,1,1,0,1,1,Colorado,August,22,Monday,8:00pm-8:59pm,0,State Highway,Rural,Minor Arterial,State Highway Agency,This section IS NOT on the NHS,No Special Jurisdiction,"Post, Pole or Other Supports",The First Harmful Event was Not a Collision with a Motor Vehicle in Transport,No,Non-Junction,Not an Intersection,On Roadside,,Dark - Not Lighted,Clear,No,Not Applicable,40.69764167,-106.24243056,JACKSON (57),NOT APPLICABLE
80407,2022,1,0,0,2,2,0,2,2,Colorado,August,25,Thursday,1:00pm-1:59pm,30,State Highway,Urban,Major Collector,State Highway Agency,This section IS NOT on the NHS,No Special Jurisdiction,Motor Vehicle In-Transport,Angle,No,Intersection,Four-Way Intersection,On Roadway,,Daylight,Clear,No,Not Applicable,40.34926667,-105.04043889,WELD (123),NOT APPLICABLE
80408,2022,1,0,0,2,2,0,4,4,Colorado,August,27,Saturday,4:00pm-4:59pm,35,State Highway,Rural,Minor Arterial,State Highway Agency,This section IS NOT on the NHS,No Special Jurisdiction,Motor Vehicle In-Transport,Front-to-Front,No,Non-Junction,Not an Intersection,On Roadway,,Daylight,Clear,No,Not Applicable,39.17399167,-105.16676111,DOUGLAS (35),NOT APPLICABLE
80409,2022,2,0,0,2,2,0,2,2,Colorado,August,14,Sunday,2:00am-2:59am,14,Local Street - Municipality,Urban,Minor Arterial,City or Municipal Highway Agency,This section IS NOT on the NHS,No Special Jurisdiction,Motor Vehicle In-Transport,Angle,No,Intersection,Four-Way Intersection,On Roadway,,Dark - Lighted,Clear,No,Not Applicable,39.76916667,-104.77215,ADAMS (1),AURORA
80410,2022,1,0,0,1,1,0,2,2,Colorado,August,29,Monday,7:00pm-7:59pm,33,U.S. Highway,Rural,Principal Arterial - Other,State Highway Agency,This section IS ON the NHS,No Special Jurisdiction,Rollover/Overturn,The First Harmful Event was Not a Collision with a Motor Vehicle in Transport,No,Non-Junction,Not an Intersection,On Roadway,,Dusk,Clear,No,Not Applicable,39.40553889,-105.47441667,PARK (93),NOT APPLICABLE
80411,2022,1,1,1,1,1,0,4,4,Colorado,August,30,Tuesday,9:00am-9:59am,9,Local Street - Municipality,Urban,Minor Arterial,City or Municipal Highway Agency,This section IS NOT on the NHS,No Special Jurisdiction,Pedestrian,The First Harmful Event was Not a Collision with a Motor Vehicle in Transport,No,Intersection-Related,Four-Way Intersection,On Roadway,,Daylight,Clear,No,Not Applicable,40.16391667,-105.10675,BOULDER (13),LONGMONT
80412,2022,1,0,0,2,2,0,4,4,Colorado,August,22,Monday,5:00pm-5:59pm,43,State Highway,Urban,Principal Arterial - Other,State Highway Agency,This section IS ON the NHS,No Special Jurisdiction,Motor Vehicle In-Transport,Angle,No,Intersection,Four-Way Intersection,On Roadway,,Daylight,Clear,No,Not Applicable,40.20363889,-105.05519444,BOULDER (13),NOT APPLICABLE
80413,2022,1,0,0,1,1,0,1,1,Colorado,August,13,Saturday,4:00am-4:59am,6,Local Street - Municipality,Urban,Principal Arterial - Other,City or Municipal Highway Agency,This section IS ON the NHS,No Special Jurisdiction,Utility Pole/Light Support,The First Harmful Event was Not a Collision with a Motor Vehicle in Transport,No,Non-Junction,Not an Intersection,On Roadside,,Dark - Lighted,Clear,No,Not Applicable,39.79813333,-104.84556111,DENVER (31),DENVER
80414,2022,1,0,0,3,3,0,5,5,Colorado,August,28,Sunday,1:00am-1:59am,48,Interstate,Urban,Interstate,State Highway Agency,This section IS ON the NHS,No Special Jurisdiction,Motor Vehicle In-Transport,Front-to-Front,Yes,Through Roadway,Not an Intersection,On Roadway,,Dark - Lighted,Clear,No,Not Applicable,38.93435,-104.81236667,EL PASO (41),COLORADO SPRINGS
80415,2022,1,0,0,1,1,0,1,1,Colorado,August,29,Monday,9:00am-9:59am,39,Local Street - Municipality,Urban,Local,City or Municipal Highway Agency,This section IS NOT on the NHS,No Special Jurisdiction,Tree (Standing Only),The First Harmful Event was Not a Collision with a Motor Vehicle in Transport,No,Non-Junction,Not an Intersection,Outside Trafficway,,Daylight,Clear,No,Not Applicable,38.86138889,-104.73836667,EL PASO (41),COLORADO SPRINGS
80416,2022,1,0,0,2,2,0,3,3,Colorado,August,29,Monday,8:00pm-8:59pm,30,Local Street - Municipality,Urban,Principal Arterial - Other,City or Municipal Highway Agency,This section IS ON the NHS,No Special Jurisdiction,Motor Vehicle In-Transport,Angle,No,Driveway Access Related,Not an Intersection,On Roadway,,Dark - Lighted,Clear,No,Not Applicable,38.79611111,-104.79305556,EL PASO (41),COLORADO SPRINGS
80417,2022,2,0,0,2,2,0,4,4,Colorado,August,31,Wednesday,7:00am-7:59am,0,Interstate,Rural,Interstate,State Highway Agency,This section IS ON the NHS,No Special Jurisdiction,Motor Vehicle In-Transport,Front-to-Rear,No,Non-Junction,Not an Intersection,On Roadway,,Daylight,Clear,No,Not Applicable,39.204375,-108.85525,MESA (77),NOT APPLICABLE
80418,2022,2,0,0,1,1,0,2,2,Colorado,August,31,Wednesday,11:00pm-11:59pm,41,Local Street - Frontage Road,Urban,Not Reported,Not Reported,This section IS NOT on the NHS,No Special Jurisdiction,Other Object (not fixed),The First Harmful Event was Not a Collision with a Motor Vehicle in Transport,No,Intersection-Related,Four-Way Intersection,Outside Trafficway,,Dark - Not Lighted,Clear,No,Not Applicable,39.83988889,-104.93163889,ADAMS (1),NOT APPLICABLE
80419,2022,1,1,1,2,2,0,2,2,Colorado,August,26,Friday,5:00pm-5:59pm,30,Local Street - Municipality,Urban,Principal Arterial - Other,City or Municipal Highway Agency,This section IS NOT on the NHS,No Special Jurisdiction,Motor Vehicle In-Transport,Angle,No,Intersection,Four-Way Intersection,On Roadway,,Daylight,Rain,No,Not Applicable,38.82451111,-104.84019444,EL PASO (41),COLORADO SPRINGS
80420,2022,1,1,1,2,2,0,2,2,Colorado,August,31,Wednesday,5:00am-5:59am,57,County Road,Urban,Principal Arterial - Other,County Highway Agency,This section IS ON the NHS,No Special Jurisdiction,Pedestrian,The First Harmful Event was Not a Collision with a Motor Vehicle in Transport,No,Non-Junction,Not an Intersection,On Roadway,,Dark - Lighted,Clear,No,Not Applicable,39.82898333,-105.00613333,ADAMS (1),NOT APPLICABLE
80421,2022,1,0,0,2,2,0,2,2,Colorado,August,6,Saturday,12:00pm-12:59pm,7,Local Street - Municipality,Urban,Principal Arterial - Other,City or Municipal Highway Agency,This section IS ON the NHS,No Special Jurisdiction,Motor Vehicle In-Transport,Angle,No,Intersection,T-Intersection,On Roadway,,Daylight,Clear,No,Not Applicable,39.71585556,-104.84732778,ARAPAHOE (5),AURORA
80422,2022,1,0,0,1,1,0,1,1,Colorado,August,31,Wednesday,6:00pm-6:59pm,30,Local Street - Municipality,Urban,Principal Arterial - Other Freeways and Expressways,City or Municipal Highway Agency,This section IS ON the NHS,No Special Jurisdiction,Curb,The First Harmful Event was Not a Collision with a Motor Vehicle in Transport,Yes,Other location within Interchange Area,Not an Intersection,On Median,,Daylight,Clear,No,Not Applicable,38.77862778,-104.75722222,EL PASO (41),COLORADO SPRINGS
80423,2022,1,1,1,1,1,0,1,1,Colorado,August,31,Wednesday,11:00pm-11:59pm,34,Local Street - Municipality,Urban,Principal Arterial - Other,City or Municipal Highway Agency,This section IS ON the NHS,No Special Jurisdiction,Pedestrian,The First Harmful Event was Not a Collision with a Motor Vehicle in Transport,No,Non-Junction,Not an Intersection,On Roadway,,Dark - Lighted,Clear,No,Not Applicable,38.89065556,-104.76040556,EL PASO (41),COLORADO SPRINGS
80424,2022,1,0,0,2,2,0,3,3,Colorado,August,11,Thursday,4:00pm-4:59pm,49,Local Street - Municipality,Urban,Principal Arterial - Other,City or Municipal Highway Agency,This section IS ON the NHS,No Special Jurisdiction,Motor Vehicle In-Transport,Angle,No,Intersection,Four-Way Intersection,On Roadway,,Daylight,Clear,No,Not Applicable,39.69220556,-104.79093056,ARAPAHOE (5),AURORA
80425,2022,2,0,0,2,2,0,6,6,Colorado,August,18,Thursday,3:00pm-3:59pm,16,Local Street - Municipality,Urban,Local,City or Municipal Highway Agency,This section IS NOT on the NHS,No Special Jurisdiction,"Motor Vehicle In-Transport Strikes or is Struck by Cargo, Persons or Objects Set-in-Motion from/by Another Motor Vehicle In Transport",Other,No,Intersection,Four-Way Intersection,On Roadway,,Daylight,Clear,No,Not Applicable,39.70772222,-105.03248333,DENVER (31),DENVER
80426,2022,1,1,1,1,1,0,1,1,Colorado,August,10,Wednesday,7:00am-7:59am,1,Local Street - Municipality,Urban,Minor Arterial,City or Municipal Highway Agency,This section IS NOT on the NHS,No Special Jurisdiction,Pedalcyclist,The First Harmful Event was Not a Collision with a Motor Vehicle in Transport,No,Intersection,Four-Way Intersection,On Roadway,,Daylight,Clear,No,Not Applicable,39.73724167,-104.89870556,DENVER (31),DENVER
80427,2022,1,0,0,2,2,0,3,3,Colorado,August,22,Monday,8:00pm-8:59pm,53,Local Street - Municipality,Urban,Principal Arterial - Other,City or Municipal Highway Agency,This section IS ON the NHS,No Special Jurisdiction,Motor Vehicle In-Transport,Angle,No,Intersection,Four-Way Intersection,On Roadway,,Dark - Lighted,Clear,No,Not Applicable,38.83966111,-104.74811111,EL PASO (41),COLORADO SPRINGS
80428,2022,1,1,1,1,1,0,1,1,Colorado,August,20,Saturday,5:00pm-5:59pm,20,Local Street - Municipality,Urban,Minor Arterial,City or Municipal Highway Agency,This section IS NOT on the NHS,No Special Jurisdiction,Pedalcyclist,The First Harmful Event was Not a Collision with a Motor Vehicle in Transport,No,Intersection,Four-Way Intersection,On Roadway,,Daylight,Clear,No,Not Applicable,40.49441667,-105.11556667,LARIMER (69),FORT COLLINS
80429,2022,1,1,1,1,1,0,1,1,Colorado,August,17,Wednesday,10:00pm-10:59pm,38,U.S. Highway,Urban,Principal Arterial - Other,State Highway Agency,This section IS ON the NHS,No Special Jurisdiction,Pedestrian,The First Harmful Event was Not a Collision with a Motor Vehicle in Transport,No,Non-Junction,Not an Intersection,On Roadway,,Dark - Lighted,Clear,No,Not Applicable,39.740475,-105.02130833,DENVER (31),DENVER
80430,2022,1,1,1,1,1,0,1,1,Colorado,August,22,Monday,9:00pm-9:59pm,1,State Highway,Urban,Principal Arterial - Other,State Highway Agency,This section IS ON the NHS,No Special Jurisdiction,Pedestrian,The First Harmful Event was Not a Collision with a Motor Vehicle in Transport,No,Intersection-Related,Four-Way Intersection,On Roadway,,Dark - Lighted,Clear,No,Not Applicable,39.69708333,-105.05320833,DENVER (31),DENVER
80431,2022,1,0,0,1,1,0,1,1,Colorado,August,29,Monday,9:00am-9:59am,10,Local Street - Municipality,Urban,Minor Arterial,City or Municipal Highway Agency,This section IS NOT on the NHS,No Special Jurisdiction,Traffic Signal Support,The First Harmful Event was Not a Collision with a Motor Vehicle in Transport,No,Intersection-Related,Four-Way Intersection,On Roadside,,Daylight,Clear,No,Not Applicable,39.09298611,-104.85147222,EL PASO (41),MONUMENT
80432,2022,1,0,0,3,3,0,4,4,Colorado,August,13,Saturday,2:00pm-2:59pm,35,Local Street - Municipality,Urban,Minor Arterial,City or Municipal Highway Agency,This section IS NOT on the NHS,No Special Jurisdiction,Motor Vehicle In-Transport,Angle,No,Intersection,Four-Way Intersection,On Roadway,,Daylight,Clear,No,Not Applicable,39.51714722,-104.75011944,DOUGLAS (35),PARKER
80433,2022,1,1,1,1,1,0,1,1,Colorado,August,16,Tuesday,10:00pm-10:59pm,55,Local Street - Municipality,Urban,Principal Arterial - Other,City or Municipal Highway Agency,This section IS ON the NHS,No Special Jurisdiction,Pedestrian,The First Harmful Event was Not a Collision with a Motor Vehicle in Transport,No,Non-Junction,Not an Intersection,On Roadway,,Dark - Lighted,Clear,No,Not Applicable,39.74429167,-104.847075,ADAMS (1),AURORA
80434,2022,1,0,0,1,1,0,2,2,Colorado,August,1,Monday,5:00pm-5:59pm,15,County Road,Urban,Minor Arterial,County Highway Agency,This section IS NOT on the NHS,No Special Jurisdiction,Curb,The First Harmful Event was Not a Collision with a Motor Vehicle in Transport,Yes,Intersection-Related,Four-Way Intersection,On Roadside,,Daylight,Cloudy,No,Not Applicable,39.55826389,-105.00790833,DOUGLAS (35),NOT APPLICABLE
80435,2022,1,0,0,1,1,0,2,2,Colorado,September,1,Thursday,11:00pm-11:59pm,8,Interstate,Urban,Interstate,State Highway Agency,This section IS ON the NHS,No Special Jurisdiction,Rollover/Overturn,The First Harmful Event was Not a Collision with a Motor Vehicle in Transport,No,Non-Junction,Not an Intersection,On Roadway,,Dark - Lighted,Clear,No,Not Applicable,39.65459167,-104.85367778,ARAPAHOE (5),NOT APPLICABLE
80436,2022,1,0,0,1,1,0,1,1,Colorado,September,2,Friday,4:00pm-4:59pm,0,County Road,Rural,Major Collector,County Highway Agency,This section IS NOT on the NHS,No Special Jurisdiction,Rollover/Overturn,The First Harmful Event was Not a Collision with a Motor Vehicle in Transport,No,Non-Junction,Not an Intersection,On Roadside,,Daylight,Clear,No,Not Applicable,40.93848889,-104.26388889,WELD (123),NOT APPLICABLE
80437,2022,1,0,0,1,1,0,1,1,Colorado,September,2,Friday,2:00am-2:59am,30,Local Street - Municipality,Urban,Local,City or Municipal Highway Agency,This section IS NOT on the NHS,No Special Jurisdiction,Tree (Standing Only),The First Harmful Event was Not a Collision with a Motor Vehicle in Transport,No,Non-Junction,Not an Intersection,On Roadside,,Dark - Lighted,Clear,No,Not Applicable,39.87045,-104.95338611,ADAMS (1),THORNTON
80438,2022,3,0,0,1,1,0,4,4,Colorado,September,3,Saturday,4:00am-4:59am,0,County Road,Urban,Major Collector,County Highway Agency,This section IS NOT on the NHS,No Special Jurisdiction,Ditch,The First Harmful Event was Not a Collision with a Motor Vehicle in Transport,No,Intersection-Related,T-Intersection,On Roadside,,Dark - Not Lighted,Clear,No,Not Applicable,39.94318333,-104.87084167,ADAMS (1),NOT APPLICABLE
80439,2022,1,0,0,2,1,1,1,1,Colorado,September,6,Tuesday,2:00am-2:59am,2,Local Street - Municipality,Urban,Major Collector,City or Municipal Highway Agency,This section IS NOT on the NHS,No Special Jurisdiction,Parked Motor Vehicle,The First Harmful Event was Not a Collision with a Motor Vehicle in Transport,No,Non-Junction,Not an Intersection,In Parking Lane/Zone,,Dark - Lighted,Clear,No,Not Applicable,39.73314722,-105.05190278,DENVER (31),DENVER
80440,2022,1,0,0,1,1,0,2,2,Colorado,September,6,Tuesday,6:00am-6:59am,0,U.S. Highway,Rural,Principal Arterial - Other,State Highway Agency,This section IS ON the NHS,No Special Jurisdiction,Guardrail End,The First Harmful Event was Not a Collision with a Motor Vehicle in Transport,No,Non-Junction,Not an Intersection,On Roadside,,Daylight,Clear,No,Not Applicable,38.42844444,-105.81246667,FREMONT (43),NOT APPLICABLE
80441,2022,1,0,0,1,1,0,1,1,Colorado,September,3,Saturday,2:00pm-2:59pm,4,County Road,Rural,Major Collector,County Highway Agency,This section IS NOT on the NHS,No Special Jurisdiction,Tree (Standing Only),The First Harmful Event was Not a Collision with a Motor Vehicle in Transport,No,Non-Junction,Not an Intersection,On Roadside,,Daylight,Clear,No,Not Applicable,38.13822222,-105.06888889,CUSTER (27),NOT APPLICABLE
80442,2022,1,0,0,2,2,0,2,2,Colorado,September,4,Sunday,7:00pm-7:59pm,10,U.S. Highway,Urban,Principal Arterial - Other,State Highway Agency,This section IS ON the NHS,No Special Jurisdiction,Motor Vehicle In-Transport,Angle,No,Driveway Access Related,Not an Intersection,On Roadway,,Daylight,Clear,No,Not Applicable,40.40724444,-105.11952222,LARIMER (69),LOVELAND
80443,2022,1,0,0,1,1,0,1,1,Colorado,September,5,Monday,0:00am-0:59am,25,U.S. Highway,Urban,Principal Arterial - Other,State Highway Agency,This section IS ON the NHS,No Special Jurisdiction,Ditch,The First Harmful Event was Not a Collision with a Motor Vehicle in Transport,Yes,Entrance/Exit Ramp Related,Not an Intersection,On Roadside,,Dark - Lighted,Clear,No,Not Applicable,39.65225833,-105.05124444,DENVER (31),DENVER
80444,2022,2,0,0,2,2,0,9,9,Colorado,September,5,Monday,0:00am-0:59am,0,Interstate,Urban,Interstate,State Highway Agency,This section IS ON the NHS,No Special Jurisdiction,Motor Vehicle In-Transport,Sideswipe - Same Direction,No,Non-Junction,Not an Intersection,On Roadway,,Dark - Lighted,Clear,No,Not Applicable,38.30133889,-104.61228889,PUEBLO (101),PUEBLO
80445,2022,1,0,2,2,1,1,3,1,Colorado,September,7,Wednesday,12:00pm-12:59pm,53,Interstate,Urban,Interstate,State Highway Agency,This section IS ON the NHS,No Special Jurisdiction,Parked Motor Vehicle,The First Harmful Event was Not a Collision with a Motor Vehicle in Transport,Yes,Other location within Interchange Area,Not an Intersection,On Shoulder,,Daylight,Clear,No,Not Applicable,39.82549167,-104.98141667,ADAMS (1),NOT APPLICABLE
80446,2022,1,0,0,1,1,0,1,1,Colorado,September,7,Wednesday,3:00pm-3:59pm,0,Interstate,Rural,Interstate,State Highway Agency,This section IS ON the NHS,No Special Jurisdiction,Guardrail End,The First Harmful Event was Not a Collision with a Motor Vehicle in Transport,No,Non-Junction,Not an Intersection,On Roadside,,Daylight,Clear,No,Not Applicable,38.58704167,-104.66969722,EL PASO (41),NOT APPLICABLE