ST_CASE,YEAR,FATALS,PEDS,PERNOTMVIT,VE_TOTAL,VE_FORMS,PVH_INVL,PERSONS,PERMVIT,STATENAME,MONTHNAME,DAYNAME,DAY_WEEKNAME,HOURNAME,MINUTENAME,ROUTENAME,RUR_URBNAME,FUNC_SYSNAME,RD_OWNERNAME,NHSNAME,SP_JURNAME,HARM_EVNAME,MAN_COLLNAME,RELJCT1NAME,RELJCT2NAME,TYP_INTNAME,REL_ROADNAME,WRK_ZONENAME,LGT_CONDNAME,WEATHERNAME,SCH_BUSNAME,RAILNAME,LATITUDE,LONGITUD,COUNTYNAME,CITYNAME
80447,2022,1,0,0,1,1,0,1,1,Colorado,September,3,Saturday,4:00pm-4:59pm,15,County Road,Trafficway Not in State Inventory,Trafficway Not in State Inventory,Trafficway Not in State Inventory,This section IS NOT on the NHS,No Special Jurisdiction,Boulder,The First Harmful Event was Not a Collision with a Motor Vehicle in Transport,No,Non-Junction,Not an Intersection,Outside Trafficway,,Daylight,Clear,No,Not Applicable,40.31315556,-105.25837222,LARIMER (69),NOT APPLICABLE
80448,2022,1,0,0,2,2,0,2,2,Colorado,September,8,Thursday,9:00am-9:59am,46,County Road,Urban,Major Collector,Town or Township Highway Agency,This section IS NOT on the NHS,No Special Jurisdiction,Motor Vehicle In-Transport,Sideswipe - Same Direction,No,Intersection,T-Intersection,On Roadway,,Daylight,Clear,No,Not Applicable,40.35272222,-105.56370278,LARIMER (69),NOT APPLICABLE
80449,2022,1,0,0,1,1,0,1,1,Colorado,September,9,Friday,0:00am-0:59am,22,State Highway,Rural,Principal Arterial - Other Freeways and Expressways,State Highway Agency,This section IS ON the NHS,No Special Jurisdiction,Live Animal,The First Harmful Event was Not a Collision with a Motor Vehicle in Transport,No,Non-Junction,Not an Intersection,On Roadway,,Dark - Not Lighted,Rain,No,Not Applicable,40.11865278,-105.15592778,BOULDER (13),NOT APPLICABLE
80450,2022,1,0,0,1,1,0,5,5,Colorado,September,9,Friday,2:00pm-2:59pm,15,U.S. Highway,Rural,Principal Arterial - Other,State Highway Agency,This section IS ON the NHS,No Special Jurisdiction,Boulder,The First Harmful Event was Not a Collision with a Motor Vehicle in Transport,No,Non-Junction,Not an Intersection,On Roadside,,Daylight,Rain,No,Not Applicable,37.455725,-106.88371667,MINERAL (79),NOT APPLICABLE
80451,2022,1,0,0,1,1,0,1,1,Colorado,September,10,Saturday,2:00pm-2:59pm,30,State Highway,Rural,Minor Arterial,State Highway Agency,This section IS NOT on the NHS,No Special Jurisdiction,Boulder,The First Harmful Event was Not a Collision with a Motor Vehicle in Transport,No,Non-Junction,Not an Intersection,On Roadside,,Daylight,Clear,No,Not Applicable,40.67406667,-105.41819444,LARIMER (69),NOT APPLICABLE
80452,2022,1,0,0,2,2,0,2,2,Colorado,September,10,Saturday,1:00pm-1:59pm,41,Local Street - Municipality,Urban,Local,City or Municipal Highway Agency,This section IS NOT on the NHS,National Park Service,Rollover/Overturn,The First Harmful Event was Not a Collision with a Motor Vehicle in Transport,No,Non-Junction,Not an Intersection,On Median,,Daylight,Clear,No,Not Applicable,39.64319722,-106.93497222,EAGLE (37),GYPSUM
80453,2022,3,0,0,1,1,0,3,3,Colorado,September,12,Monday,12:00pm-12:59pm,32,County Road,Rural,Minor Collector,County Highway Agency,This section IS NOT on the NHS,No Special Jurisdiction,Rollover/Overturn,The First Harmful Event was Not a Collision with a Motor Vehicle in Transport,No,Non-Junction,Not an Intersection,On Roadside,,Daylight,Clear,No,Not Applicable,37.98946111,-107.70493056,OURAY (91),NOT APPLICABLE
80454,2022,1,0,0,1,1,0,1,1,Colorado,September,13,Tuesday,9:00pm-9:59pm,15,Interstate,Rural,Interstate,State Highway Agency,This section IS ON the NHS,No Special Jurisdiction,Guardrail Face,The First Harmful Event was Not a Collision with a Motor Vehicle in Transport,No,Non-Junction,Not an Intersection,On Median,,Dark - Not Lighted,Clear,No,Not Applicable,39.65493333,-106.84516667,EAGLE (37),NOT APPLICABLE
80455,2022,1,0,0,1,1,0,1,1,Colorado,September,8,Thursday,0:00am-0:59am,42,U.S. Highway,Urban,Principal Arterial - Other,State Highway Agency,This section IS ON the NHS,No Special Jurisdiction,Traffic Sign Support,The First Harmful Event was Not a Collision with a Motor Vehicle in Transport,No,Non-Junction,Not an Intersection,On Roadside,,Dark - Lighted,Clear,No,Not Applicable,40.42254722,-105.07710278,LARIMER (69),LOVELAND
80456,2022,1,0,0,2,2,0,2,2,Colorado,September,9,Friday,2:00pm-2:59pm,1,Local Street - Municipality,Urban,Minor Arterial,City or Municipal Highway Agency,This section IS NOT on the NHS,No Special Jurisdiction,Motor Vehicle In-Transport,Angle,No,Intersection,Four-Way Intersection,On Roadway,,Daylight,Clear,No,Not Applicable,39.91621667,-105.05294444,BROOMFIELD (14),BROOMFIELD
80457,2022,1,0,0,2,2,0,2,2,Colorado,September,14,Wednesday,1:00pm-1:59pm,13,Local Street - Municipality,Urban,Minor Arterial,City or Municipal Highway Agency,This section IS NOT on the NHS,No Special Jurisdiction,Motor Vehicle In-Transport,Front-to-Front,No,Intersection,Four-Way Intersection,On Roadway,,Daylight,Clear,No,Not Applicable,39.97221389,-104.77097222,ADAMS (1),BRIGHTON
80458,2022,1,0,0,1,1,0,2,2,Colorado,September,14,Wednesday,1:00pm-1:59pm,28,County Road,Urban,Local,City or Municipal Highway Agency,This section IS NOT on the NHS,No Special Jurisdiction,Rollover/Overturn,The First Harmful Event was Not a Collision with a Motor Vehicle in Transport,No,Non-Junction,Not an Intersection,On Roadside,,Daylight,Clear,No,Not Applicable,40.12095833,-105.01246944,WELD (123),FREDERICK
80459,2022,2,0,0,4,4,0,5,5,Colorado,September,14,Wednesday,5:00pm-5:59pm,28,County Road,Rural,Minor Arterial,County Highway Agency,This section IS NOT on the NHS,No Special Jurisdiction,Motor Vehicle In-Transport,Angle,No,Non-Junction,Not an Intersection,On Roadway,,Daylight,Rain,No,Not Applicable,39.42138889,-104.83073333,DOUGLAS (35),NOT APPLICABLE
80460,2022,1,1,1,1,1,0,1,1,Colorado,September,15,Thursday,6:00am-6:59am,59,County Road,Urban,Minor Arterial,County Highway Agency,This section IS NOT on the NHS,No Special Jurisdiction,Pedestrian,The First Harmful Event was Not a Collision with a Motor Vehicle in Transport,No,Non-Junction,Not an Intersection,On Roadway,,Dawn,Clear,No,Not Applicable,39.03635833,-104.82551111,EL PASO (41),NOT APPLICABLE
80461,2022,1,0,0,2,2,0,2,2,Colorado,September,16,Friday,9:00am-9:59am,33,County Road,Rural,Local,County Highway Agency,This section IS NOT on the NHS,No Special Jurisdiction,Motor Vehicle In-Transport,Angle,No,Intersection,Four-Way Intersection,On Roadway,,Daylight,Clear,No,Not Applicable,40.74930833,-102.47768889,SEDGWICK (115),NOT APPLICABLE
80462,2022,1,0,0,1,1,0,1,1,Colorado,September,17,Saturday,4:00pm-4:59pm,45,State Highway,Rural,Minor Collector,State Highway Agency,This section IS NOT on the NHS,No Special Jurisdiction,Rollover/Overturn,The First Harmful Event was Not a Collision with a Motor Vehicle in Transport,No,Non-Junction,Not an Intersection,On Roadside,,Daylight,Clear,No,Not Applicable,40.20975,-105.29118333,BOULDER (13),NOT APPLICABLE
80463,2022,1,0,0,1,1,0,1,1,Colorado,September,18,Sunday,6:00pm-6:59pm,17,County Road,Rural,Local,County Highway Agency,This section IS NOT on the NHS,No Special Jurisdiction,Other Non-Collision,The First Harmful Event was Not a Collision with a Motor Vehicle in Transport,No,Non-Junction,Not an Intersection,On Roadway,,Daylight,Clear,No,Not Applicable,38.91069444,-104.43953889,EL PASO (41),NOT APPLICABLE
80464,2022,1,0,0,2,2,0,2,2,Colorado,September,18,Sunday,5:00pm-5:59pm,29,County Road,Urban,Local,County Highway Agency,This section IS NOT on the NHS,No Special Jurisdiction,Motor Vehicle In-Transport,Angle,No,Intersection,Four-Way Intersection,On Roadway,,Daylight,Clear,No,Not Applicable,40.46654444,-104.71593889,WELD (123),NOT APPLICABLE
80465,2022,1,0,0,2,2,0,4,4,Colorado,September,18,Sunday,8:00pm-8:59pm,22,Local Street - Municipality,Urban,Principal Arterial - Other,City or Municipal Highway Agency,This section IS ON the NHS,No Special Jurisdiction,Motor Vehicle In-Transport,Angle,No,Intersection,T-Intersection,On Roadway,,Dark - Not Lighted,Clear,No,Not Applicable,39.98676667,-104.79784444,ADAMS (1),BRIGHTON
80466,2022,1,0,0,1,1,0,1,1,Colorado,September,18,Sunday,4:00am-4:59am,31,State Highway,Urban,Principal Arterial - Other,State Highway Agency,This section IS ON the NHS,No Special Jurisdiction,Traffic Sign Support,The First Harmful Event was Not a Collision with a Motor Vehicle in Transport,No,Non-Junction,Not an Intersection,On Median,,Dark - Lighted,Clear,No,Not Applicable,39.87835,-105.09584722,JEFFERSON (59),WESTMINSTER
80467,2022,2,0,0,2,2,0,3,3,Colorado,September,19,Monday,6:00pm-6:59pm,15,Interstate,Rural,Interstate,State Highway Agency,This section IS ON the NHS,No Special Jurisdiction,Motor Vehicle In-Transport,Front-to-Front,No,Non-Junction,Not an Intersection,On Roadway,,Daylight,Clear,No,Not Applicable,40.25871111,-103.87421111,MORGAN (87),NOT APPLICABLE
80468,2022,1,0,0,3,3,0,3,3,Colorado,September,20,Tuesday,8:00am-8:59am,23,Interstate,Rural,Interstate,State Highway Agency,This section IS ON the NHS,No Special Jurisdiction,Motor Vehicle In-Transport,Front-to-Rear,No,Non-Junction,Not an Intersection,On Roadway,,Daylight,Clear,No,Not Applicable,39.59378611,-104.03216389,ARAPAHOE (5),NOT APPLICABLE
80469,2022,1,1,1,1,1,0,2,2,Colorado,September,20,Tuesday,5:00pm-5:59pm,10,State Highway,Rural,Minor Arterial,State Highway Agency,This section IS NOT on the NHS,No Special Jurisdiction,Pedalcyclist,The First Harmful Event was Not a Collision with a Motor Vehicle in Transport,No,Non-Junction,Not an Intersection,On Shoulder,,Daylight,Clear,No,Not Applicable,39.70271389,-106.11083333,SUMMIT (117),NOT APPLICABLE
80470,2022,1,1,1,1,1,0,3,3,Colorado,September,17,Saturday,12:00pm-12:59pm,0,State Highway,Urban,Principal Arterial - Other,State Highway Agency,This section IS ON the NHS,No Special Jurisdiction,Pedalcyclist,The First Harmful Event was Not a Collision with a Motor Vehicle in Transport,No,Intersection,Four-Way Intersection,On Roadway,,Daylight,Clear,No,Not Applicable,39.98634722,-104.94021389,ADAMS (1),THORNTON
80471,2022,1,0,0,4,4,0,9,9,Colorado,September,10,Saturday,8:00am-8:59am,18,State Highway,Urban,Principal Arterial - Other,State Highway Agency,This section IS ON the NHS,No Special Jurisdiction,Motor Vehicle In-Transport,Front-to-Front,No,Intersection,Four-Way Intersection,On Roadway,,Daylight,Rain,No,Not Applicable,38.24099444,-104.66237778,PUEBLO (101),PUEBLO
80472,2022,1,1,1,1,1,0,3,3,Colorado,September,17,Saturday,7:00pm-7:59pm,57,State Highway,Urban,Principal Arterial - Other,State Highway Agency,This section IS ON the NHS,No Special Jurisdiction,Pedestrian,The First Harmful Event was Not a Collision with a Motor Vehicle in Transport,Yes,Through Roadway,Not an Intersection,On Roadway,,Dark - Lighted,Clear,No,Not Applicable,39.65212778,-105.08123333,JEFFERSON (59),NOT APPLICABLE
80473,2022,1,1,1,1,1,0,1,1,Colorado,September,17,Saturday,7:00pm-7:59pm,35,Local Street - Municipality,Urban,Local,City or Municipal Highway Agency,This section IS NOT on the NHS,No Special Jurisdiction,Non-Motorist on Personal Conveyance,The First Harmful Event was Not a Collision with a Motor Vehicle in Transport,No,Intersection-Related,Four-Way Intersection,On Roadway,,Dusk,Clear,No,Not Applicable,39.86541389,-105.20453056,JEFFERSON (59),ARVADA
80474,2022,1,0,0,1,1,0,1,1,Colorado,September,4,Sunday,1:00pm-1:59pm,5,Local Street - Municipality,Rural,Major Collector,City or Municipal Highway Agency,This section IS NOT on the NHS,No Special Jurisdiction,Rollover/Overturn,The First Harmful Event was Not a Collision with a Motor Vehicle in Transport,No,Non-Junction,Not an Intersection,On Roadside,,Daylight,Clear,No,Not Applicable,38.79465,-104.87733333,EL PASO (41),COLORADO SPRINGS
80475,2022,1,0,0,1,1,0,2,2,Colorado,September,11,Sunday,0:00am-0:59am,49,Local Street - Municipality,Urban,Principal Arterial - Other,City or Municipal Highway Agency,This section IS ON the NHS,No Special Jurisdiction,Curb,The First Harmful Event was Not a Collision with a Motor Vehicle in Transport,No,Non-Junction,Not an Intersection,On Median,,Dark - Lighted,Clear,No,Not Applicable,38.89847222,-104.70795,EL PASO (41),COLORADO SPRINGS
80476,2022,1,0,0,2,2,0,4,4,Colorado,September,9,Friday,8:00am-8:59am,50,U.S. Highway,Urban,Principal Arterial - Other,State Highway Agency,This section IS ON the NHS,No Special Jurisdiction,Motor Vehicle In-Transport,Angle,No,Intersection,Four-Way Intersection,On Roadway,,Daylight,Clear,No,Not Applicable,39.02480556,-108.50138889,MESA (77),NOT APPLICABLE
80477,2022,1,0,0,2,2,0,7,7,Colorado,September,9,Friday,7:00pm-7:59pm,41,U.S. Highway,Urban,Principal Arterial - Other,State Highway Agency,This section IS ON the NHS,No Special Jurisdiction,Motor Vehicle In-Transport,Angle,No,Intersection,T-Intersection,On Roadway,,Dark - Lighted,Clear,No,Not Applicable,38.75127778,-104.74412222,EL PASO (41),FOUNTAIN
80478,2022,1,0,0,2,2,0,3,3,Colorado,September,21,Wednesday,2:00pm-2:59pm,20,State Highway,Rural,Minor Arterial,State Highway Agency,This section IS NOT on the NHS,No Special Jurisdiction,Motor Vehicle In-Transport,Angle,No,Non-Junction,Not an Intersection,On Roadway,,Daylight,Rain,No,Not Applicable,39.19251111,-108.23103889,MESA (77),NOT APPLICABLE
80479,2022,1,0,0,1,1,0,1,1,Colorado,September,22,Thursday,4:00pm-4:59pm,30,Interstate,Rural,Interstate,State Highway Agency,This section IS ON the NHS,No Special Jurisdiction,Traffic Sign Support,The First Harmful Event was Not a Collision with a Motor Vehicle in Transport,No,Non-Junction,Not an Intersection,On Median,,Daylight,Clear,No,Not Applicable,39.38343611,-108.15098056,GARFIELD (45),NOT APPLICABLE
80480,2022,1,1,1,1,1,0,1,1,Colorado,September,23,Friday,10:00pm-10:59pm,18,U.S. Highway,Urban,Principal Arterial - Other,State Highway Agency,This section IS ON the NHS,No Special Jurisdiction,Rollover/Overturn,The First Harmful Event was Not a Collision with a Motor Vehicle in Transport,No,Intersection-Related,Four-Way Intersection,On Roadway,,Dark - Lighted,Clear,No,Not Applicable,39.81295556,-105.02517778,ADAMS (1),NOT APPLICABLE
80481,2022,1,0,0,1,1,0,2,2,Colorado,September,24,Saturday,2:00am-2:59am,0,U.S. Highway,Rural,Principal Arterial - Other,State Highway Agency,This section IS ON the NHS,No Special Jurisdiction,Traffic Sign Support,The First Harmful Event was Not a Collision with a Motor Vehicle in Transport,No,Non-Junction,Not an Intersection,On Roadside,,Dark - Not Lighted,Clear,No,Not Applicable,39.54647222,-105.26940833,JEFFERSON (59),NOT APPLICABLE
80482,2022,1,0,0,2,2,0,2,2,Colorado,September,24,Saturday,12:00pm-12:59pm,0,State Highway,Rural,Major Collector,State Highway Agency,This section IS NOT on the NHS,No Special Jurisdiction,Motor Vehicle In-Transport,Sideswipe - Opposite Direction,No,Non-Junction,Not an Intersection,On Roadway,,Daylight,Clear,No,Not Applicable,38.24327778,-105.08620278,CUSTER (27),NOT APPLICABLE
80483,2022,1,0,0,1,1,0,1,1,Colorado,September,24,Saturday,1:00pm-1:59pm,15,State Highway,Rural,Major Collector,State Highway Agency,This section IS NOT on the NHS,No Special Jurisdiction,Rollover/Overturn,The First Harmful Event was Not a Collision with a Motor Vehicle in Transport,No,Non-Junction,Not an Intersection,On Roadway,,Daylight,Clear,No,Not Applicable,38.45694444,-107.50736667,MONTROSE (85),NOT APPLICABLE
80484,2022,1,0,0,2,2,0,4,4,Colorado,September,24,Saturday,12:00pm-12:59pm,31,Local Street - Municipality,Urban,Major Collector,City or Municipal Highway Agency,This section IS NOT on the NHS,No Special Jurisdiction,Motor Vehicle In-Transport,Angle,No,Intersection,Four-Way Intersection,On Roadway,,Daylight,Clear,No,Not Applicable,39.77786667,-104.81570556,DENVER (31),DENVER
80485,2022,1,0,0,1,1,0,2,2,Colorado,September,24,Saturday,5:00pm-5:59pm,45,State Highway,Rural,Principal Arterial - Other,State Highway Agency,This section IS ON the NHS,No Special Jurisdiction,Rollover/Overturn,The First Harmful Event was Not a Collision with a Motor Vehicle in Transport,No,Non-Junction,Not an Intersection,On Roadside,,Daylight,Clear,No,Not Applicable,37.66816667,-108.03617778,DOLORES (33),NOT APPLICABLE
80486,2022,1,0,0,2,2,0,3,3,Colorado,September,15,Thursday,11:00am-11:59am,12,Local Street - Municipality,Urban,Minor Arterial,City or Municipal Highway Agency,This section IS NOT on the NHS,No Special Jurisdiction,Motor Vehicle In-Transport,Angle,No,Intersection,T-Intersection,On Roadway,,Daylight,Clear,No,Not Applicable,39.09177222,-108.50017778,MESA (77),GRAND JUNCTION
80487,2022,1,0,0,1,1,0,2,2,Colorado,September,25,Sunday,11:00am-11:59am,0,State Highway,Rural,Major Collector,State Highway Agency,This section IS NOT on the NHS,No Special Jurisdiction,Ditch,The First Harmful Event was Not a Collision with a Motor Vehicle in Transport,No,Non-Junction,Not an Intersection,On Roadside,,Daylight,Clear,No,Not Applicable,39.85757222,-103.2198,WASHINGTON (121),NOT APPLICABLE
80488,2022,1,0,0,2,2,0,3,3,Colorado,September,26,Monday,7:00pm-7:59pm,45,County Road,Urban,Major Collector,County Highway Agency,This section IS NOT on the NHS,No Special Jurisdiction,Motor Vehicle In-Transport,Front-to-Front,No,Railway Grade Crossing,Not an Intersection,On Roadway,,Dark - Not Lighted,Clear,No,253769B,39.08995278,-108.440875,MESA (77),NOT APPLICABLE
80489,2022,1,0,0,1,1,0,2,2,Colorado,September,27,Tuesday,11:00pm-11:59pm,50,Interstate,Rural,Interstate,State Highway Agency,This section IS ON the NHS,No Special Jurisdiction,Rollover/Overturn,The First Harmful Event was Not a Collision with a Motor Vehicle in Transport,No,Non-Junction,Not an Intersection,On Median,,Dark - Not Lighted,Clear,No,Not Applicable,40.3712,-103.40740833,WASHINGTON (121),NOT APPLICABLE
80490,2022,1,1,1,1,1,0,1,1,Colorado,September,20,Tuesday,9:00pm-9:59pm,58,U.S. Highway,Urban,Principal Arterial - Other,State Highway Agency,This section IS ON the NHS,No Special Jurisdiction,Pedestrian,The First Harmful Event was Not a Collision with a Motor Vehicle in Transport,No,Non-Junction,Not an Intersection,On Roadway,,Dark - Not Lighted,Rain,No,Not Applicable,37.24978889,-107.875325,LA PLATA (67),DURANGO
80491,2022,1,0,0,1,1,0,2,2,Colorado,September,24,Saturday,1:00am-1:59am,55,County Road,Urban,Major Collector,County Highway Agency,This section IS NOT on the NHS,No Special Jurisdiction,Embankment,The First Harmful Event was Not a Collision with a Motor Vehicle in Transport,No,Intersection-Related,L-Intersection,On Roadside,,Dark - Not Lighted,Clear,No,Not Applicable,40.45738889,-104.81171667,WELD (123),NOT APPLICABLE
80492,2022,1,0,0,2,2,0,3,3,Colorado,September,24,Saturday,5:00pm-5:59pm,32,Local Street - Township,Urban,Minor Arterial,City or Municipal Highway Agency,This section IS NOT on the NHS,No Special Jurisdiction,Motor Vehicle In-Transport,Angle,No,Driveway Access Related,Not an Intersection,On Roadway,,Daylight,Clear,No,Not Applicable,40.42171667,-105.06985,LARIMER (69),LOVELAND
80493,2022,1,0,0,1,1,0,1,1,Colorado,September,24,Saturday,11:00am-11:59am,25,State Highway,Rural,Minor Arterial,State Highway Agency,This section IS NOT on the NHS,No Special Jurisdiction,Fence,The First Harmful Event was Not a Collision with a Motor Vehicle in Transport,No,Non-Junction,Not an Intersection,Outside Trafficway,,Daylight,Clear,No,Not Applicable,38.78456667,-105.58097222,PARK (93),NOT APPLICABLE
80494,2022,1,0,0,2,2,0,3,3,Colorado,September,28,Wednesday,12:00pm-12:59pm,22,U.S. Highway,Rural,Principal Arterial - Other Freeways and Expressways,State Highway Agency,This section IS ON the NHS,No Special Jurisdiction,Motor Vehicle In-Transport,Front-to-Front,No,Non-Junction,Not an Intersection,On Shoulder,,Daylight,Clear,No,Not Applicable,40.25620833,-105.10259722,BOULDER (13),NOT APPLICABLE
80495,2022,1,0,0,2,2,0,2,2,Colorado,September,28,Wednesday,4:00pm-4:59pm,56,County Road,Urban,Minor Arterial,County Highway Agency,This section IS NOT on the NHS,No Special Jurisdiction,Motor Vehicle In-Transport,Angle,No,Intersection,T-Intersection,On Roadway,,Daylight,Clear,No,Not Applicable,39.56611944,-105.02123889,DOUGLAS (35),NOT APPLICABLE
80496,2022,1,0,0,2,2,0,2,2,Colorado,September,29,Thursday,7:00pm-7:59pm,9,State Highway,Urban,Principal Arterial - Other Freeways and Expressways,State Highway Agency,This section IS ON the NHS,No Special Jurisdiction,Motor Vehicle In-Transport,Angle,No,Intersection,Four-Way Intersection,On Roadway,,Dark - Lighted,Clear,No,Not Applicable,40.10173333,-105.17614444,BOULDER (13),NOT APPLICABLE
80497,2022,1,0,0,1,1,0,1,1,Colorado,September,30,Friday,11:00am-11:59am,42,County Road,Rural,Major Collector,County Highway Agency,This section IS NOT on the NHS,No Special Jurisdiction,Rollover/Overturn,The First Harmful Event was Not a Collision with a Motor Vehicle in Transport,No,Non-Junction,Not an Intersection,On Roadside,,Daylight,Clear,No,Not Applicable,38.98083333,-105.44111111,PARK (93),NOT APPLICABLE
80498,2022,1,0,0,1,1,0,1,1,Colorado,September,30,Friday,1:00am-1:59am,0,County Road,Rural,Local,County Highway Agency,This section IS NOT on the NHS,No Special Jurisdiction,Rollover/Overturn,The First Harmful Event was Not a Collision with a Motor Vehicle in Transport,No,Non-Junction,Not an Intersection,On Roadside,,Dark - Not Lighted,Clear,No,Not Applicable,38.08486944,-102.58804167,PROWERS (99),NOT APPLICABLE
80499,2022,1,0,0,1,1,0,3,3,Colorado,September,29,Thursday,2:00am-2:59am,54,State Highway,Rural,Principal Arterial - Other,State Highway Agency,This section IS ON the NHS,No Special Jurisdiction,Live Animal,The First Harmful Event was Not a Collision with a Motor Vehicle in Transport,No,Non-Junction,Not an Intersection,On Roadway,,Dark - Not Lighted,Clear,No,Not Applicable,39.84523889,-107.95581389,RIO BLANCO (103),NOT APPLICABLE
80500,2022,1,0,0,2,2,0,4,4,Colorado,September,17,Saturday,11:00am-11:59am,54,Local Street - Municipality,Urban,Minor Arterial,City or Municipal Highway Agency,This section IS NOT on the NHS,No Special Jurisdiction,Motor Vehicle In-Transport,Front-to-Front,No,Intersection,Four-Way Intersection,On Roadway,,Daylight,Clear,No,Not Applicable,39.685,-104.90357778,DENVER (31),DENVER
80501,2022,1,0,0,2,2,0,2,2,Colorado,September,14,Wednesday,5:00pm-5:59pm,58,Local Street - Municipality,Urban,Principal Arterial - Other,City or Municipal Highway Agency,This section IS ON the NHS,No Special Jurisdiction,"Motor Vehicle In-Transport Strikes or is Struck by Cargo, Persons or Objects Set-in-Motion from/by Another Motor Vehicle In Transport",Other,No,Intersection,Four-Way Intersection,On Roadway,Construction,Daylight,Clear,No,Not Applicable,40.06184444,-105.28217778,BOULDER (13),BOULDER
80502,2022,1,1,1,1,1,0,1,1,Colorado,September,29,Thursday,6:00pm-6:59pm,59,U.S. Highway,Urban,Principal Arterial - Other,State Highway Agency,This section IS ON the NHS,No Special Jurisdiction,Pedestrian,The First Harmful Event was Not a Collision with a Motor Vehicle in Transport,No,Intersection-Related,Four-Way Intersection,On Roadway,,Dark - Lighted,Clear,No,Not Applicable,39.74038889,-105.06601944,JEFFERSON (59),LAKEWOOD
80503,2022,1,0,1,2,1,1,3,2,Colorado,September,22,Thursday,10:00am-10:59am,40,Interstate,Urban,Interstate,State Highway Agency,This section IS ON the NHS,No Special Jurisdiction,Parked Motor Vehicle,The First Harmful Event was Not a Collision with a Motor Vehicle in Transport,No,Non-Junction,Not an Intersection,On Shoulder,,Daylight,Rain,No,Not Applicable,39.83891667,-104.98345278,ADAMS (1),NOT APPLICABLE
80504,2022,1,0,0,2,2,0,2,2,Colorado,September,20,Tuesday,6:00pm-6:59pm,55,Interstate,Urban,Interstate,State Highway Agency,This section IS ON the NHS,No Special Jurisdiction,Motor Vehicle In-Transport,Front-to-Rear,Yes,Through Roadway,Not an Intersection,On Roadway,,Daylight,Clear,No,Not Applicable,39.90669444,-104.82868333,ADAMS (1),NOT APPLICABLE
80505,2022,1,0,0,1,1,0,4,4,Colorado,September,24,Saturday,0:00am-0:59am,12,Local Street - Municipality,Urban,Local,City or Municipal Highway Agency,This section IS NOT on the NHS,No Special Jurisdiction,Curb,The First Harmful Event was Not a Collision with a Motor Vehicle in Transport,No,Non-Junction,Not an Intersection,On Roadside,,Dark - Lighted,Clear,No,Not Applicable,38.93103889,-104.65773333,EL PASO (41),COLORADO SPRINGS
80506,2022,1,1,1,1,1,0,2,2,Colorado,September,25,Sunday,2:00am-2:59am,25,U.S. Highway,Urban,Principal Arterial - Other,State Highway Agency,This section IS ON the NHS,No Special Jurisdiction,Pedestrian,The First Harmful Event was Not a Collision with a Motor Vehicle in Transport,No,Non-Junction,Not an Intersection,On Roadway,,Dark - Lighted,Clear,No,Not Applicable,39.74008056,-104.84744444,ARAPAHOE (5),AURORA
80507,2022,1,0,0,4,4,0,5,5,Colorado,September,27,Tuesday,8:00pm-8:59pm,36,Local Street - Municipality,Urban,Principal Arterial - Other,City or Municipal Highway Agency,This section IS ON the NHS,No Special Jurisdiction,Motor Vehicle In-Transport,Angle,No,Intersection,T-Intersection,On Roadway,Construction,Dark - Lighted,Clear,No,Not Applicable,38.89775,-104.81266111,EL PASO (41),COLORADO SPRINGS
80508,2022,1,0,0,1,1,0,1,1,Colorado,September,18,Sunday,3:00pm-3:59pm,0,Local Street - Municipality,Urban,Minor Arterial,City or Municipal Highway Agency,This section IS NOT on the NHS,No Special Jurisdiction,Curb,The First Harmful Event was Not a Collision with a Motor Vehicle in Transport,No,Non-Junction,Not an Intersection,On Roadside,,Daylight,Clear,No,Not Applicable,39.76358611,-105.21283611,JEFFERSON (59),GOLDEN
80509,2022,1,0,0,2,2,0,2,2,Colorado,September,30,Friday,9:00pm-9:59pm,35,State Highway,Urban,Principal Arterial - Other Freeways and Expressways,State Highway Agency,This section IS ON the NHS,No Special Jurisdiction,Motor Vehicle In-Transport,Angle,No,Non-Junction,Not an Intersection,On Roadway,,Dark - Not Lighted,Rain,No,Not Applicable,39.76044167,-104.71651944,ADAMS (1),NOT APPLICABLE
80510,2022,1,1,1,1,1,0,2,2,Colorado,September,29,Thursday,8:00pm-8:59pm,51,State Highway,Urban,Principal Arterial - Other,State Highway Agency,This section IS ON the NHS,No Special Jurisdiction,Pedestrian,The First Harmful Event was Not a Collision with a Motor Vehicle in Transport,No,Non-Junction,Not an Intersection,On Roadway,,Daylight,Clear,No,Not Applicable,39.77473333,-105.10974722,JEFFERSON (59),WHEAT RIDGE
80511,2022,1,1,1,3,3,0,3,3,Colorado,September,27,Tuesday,10:00pm-10:59pm,7,Local Street - Municipality,Urban,Minor Arterial,City or Municipal Highway Agency,This section IS NOT on the NHS,No Special Jurisdiction,Pedalcyclist,The First Harmful Event was Not a Collision with a Motor Vehicle in Transport,No,Non-Junction,Not an Intersection,On Roadway,,Dark - Not Lighted,Clear,No,Not Applicable,38.86788333,-104.75968333,EL PASO (41),COLORADO SPRINGS