ST_CASE,YEAR,FATALS,PEDS,PERNOTMVIT,VE_TOTAL,VE_FORMS,PVH_INVL,PERSONS,PERMVIT,STATENAME,MONTHNAME,DAYNAME,DAY_WEEKNAME,HOURNAME,MINUTENAME,ROUTENAME,RUR_URBNAME,FUNC_SYSNAME,RD_OWNERNAME,NHSNAME,SP_JURNAME,HARM_EVNAME,MAN_COLLNAME,RELJCT1NAME,RELJCT2NAME,TYP_INTNAME,REL_ROADNAME,WRK_ZONENAME,LGT_CONDNAME,WEATHERNAME,SCH_BUSNAME,RAILNAME,LATITUDE,LONGITUD,COUNTYNAME,CITYNAME
80512,2022,1,1,1,1,1,0,1,1,Colorado,September,14,Wednesday,8:00pm-8:59pm,18,Local Street - Municipality,Urban,Minor Arterial,City or Municipal Highway Agency,This section IS NOT on the NHS,No Special Jurisdiction,Pedestrian,The First Harmful Event was Not a Collision with a Motor Vehicle in Transport,No,Intersection,Four-Way Intersection,On Roadway,,Dark - Lighted,Clear,No,Not Applicable,39.76925,-105.01746111,DENVER (31),DENVER
80513,2022,1,0,0,2,2,0,4,4,Colorado,May,6,Friday,2:00am-2:59am,5,Local Street - Municipality,Urban,Principal Arterial - Other,City or Municipal Highway Agency,This section IS ON the NHS,No Special Jurisdiction,Motor Vehicle In-Transport,Front-to-Front,No,Non-Junction,Not an Intersection,On Roadway,,Dark - Not Lighted,Clear,No,Not Applicable,39.79807222,-104.82888889,DENVER (31),DENVER
80514,2022,1,0,0,1,1,0,1,1,Colorado,May,26,Thursday,7:00pm-7:59pm,6,U.S. Highway,Rural,Principal Arterial - Other,State Highway Agency,This section IS ON the NHS,No Special Jurisdiction,Curb,The First Harmful Event was Not a Collision with a Motor Vehicle in Transport,No,Non-Junction,Not an Intersection,On Roadside,,Daylight,Clear,No,Not Applicable,40.22598056,-105.27245,BOULDER (13),LYONS
80515,2022,1,0,0,1,1,0,1,1,Colorado,October,1,Saturday,5:00pm-5:59pm,10,County Road,Rural,Local,County Highway Agency,This section IS NOT on the NHS,No Special Jurisdiction,Culvert,The First Harmful Event was Not a Collision with a Motor Vehicle in Transport,No,Non-Junction,Not an Intersection,On Roadside,,Daylight,Rain,No,Not Applicable,40.45702222,-104.62113333,WELD (123),NOT APPLICABLE
80516,2022,1,0,0,1,1,0,3,3,Colorado,October,1,Saturday,4:00am-4:59am,0,County Road,Rural,Major Collector,County Highway Agency,This section IS NOT on the NHS,No Special Jurisdiction,Tree (Standing Only),The First Harmful Event was Not a Collision with a Motor Vehicle in Transport,No,Non-Junction,Not an Intersection,On Roadside,,Dark - Not Lighted,Rain,No,Not Applicable,40.43408056,-105.19589167,LARIMER (69),NOT APPLICABLE
80517,2022,1,0,0,2,2,0,3,3,Colorado,October,1,Saturday,12:00pm-12:59pm,0,Interstate,Rural,Interstate,State Highway Agency,This section IS ON the NHS,No Special Jurisdiction,Motor Vehicle In-Transport,Sideswipe - Same Direction,No,Non-Junction,Not an Intersection,On Roadway,,Daylight,Cloudy,No,Not Applicable,39.66548056,-105.97791389,SUMMIT (117),NOT APPLICABLE
80518,2022,1,0,0,2,2,0,5,5,Colorado,October,6,Thursday,4:00am-4:59am,17,U.S. Highway,Urban,Principal Arterial - Other,State Highway Agency,This section IS ON the NHS,No Special Jurisdiction,Motor Vehicle In-Transport,Angle,No,Intersection,Four-Way Intersection,On Roadway,,Dark - Lighted,Clear,No,Not Applicable,40.42125556,-104.77528333,WELD (123),GREELEY
80519,2022,1,0,0,1,1,0,1,1,Colorado,October,7,Friday,6:00pm-6:59pm,16,State Highway,Rural,Minor Arterial,State Highway Agency,This section IS NOT on the NHS,No Special Jurisdiction,Rollover/Overturn,The First Harmful Event was Not a Collision with a Motor Vehicle in Transport,No,Non-Junction,Not an Intersection,On Roadside,,Dusk,Clear,No,Not Applicable,37.76149444,-105.10055556,HUERFANO (55),NOT APPLICABLE
80520,2022,1,0,0,3,3,0,5,5,Colorado,October,7,Friday,9:00pm-9:59pm,6,U.S. Highway,Rural,Principal Arterial - Other,State Highway Agency,This section IS ON the NHS,No Special Jurisdiction,Motor Vehicle In-Transport,Front-to-Front,No,Non-Junction,Not an Intersection,On Roadway,,Dark - Not Lighted,Clear,No,Not Applicable,38.19565,-104.22166111,PUEBLO (101),NOT APPLICABLE
80521,2022,2,0,0,2,2,0,4,4,Colorado,October,8,Saturday,2:00am-2:59am,12,Interstate,Urban,Interstate,State Highway Agency,This section IS ON the NHS,No Special Jurisdiction,Motor Vehicle In-Transport,Front-to-Rear,No,Non-Junction,Not an Intersection,On Roadway,,Dark - Lighted,Clear,No,Not Applicable,39.45779722,-104.87505833,DOUGLAS (35),NOT APPLICABLE
80522,2022,1,0,0,2,2,0,2,2,Colorado,October,9,Sunday,2:00pm-2:59pm,0,County Road,Rural,Major Collector,County Highway Agency,This section IS NOT on the NHS,No Special Jurisdiction,Rollover/Overturn,The First Harmful Event was Not a Collision with a Motor Vehicle in Transport,No,Non-Junction,Not an Intersection,On Roadway,,Daylight,Clear,No,Not Applicable,40.10959444,-105.31300556,BOULDER (13),NOT APPLICABLE
80523,2022,1,0,0,2,2,0,6,6,Colorado,October,9,Sunday,0:00am-0:59am,45,Local Street - Municipality,Urban,Principal Arterial - Other,City or Municipal Highway Agency,This section IS ON the NHS,No Special Jurisdiction,Motor Vehicle In-Transport,Angle,No,Intersection,Four-Way Intersection,On Roadway,,Dark - Lighted,Clear,No,Not Applicable,39.91435,-104.90309444,ADAMS (1),THORNTON
80524,2022,1,0,1,2,1,1,3,2,Colorado,October,10,Monday,4:00am-4:59am,39,Interstate,Rural,Interstate,State Highway Agency,This section IS ON the NHS,No Special Jurisdiction,Parked Motor Vehicle,The First Harmful Event was Not a Collision with a Motor Vehicle in Transport,No,Non-Junction,Not an Intersection,On Shoulder,,Dark - Not Lighted,Clear,No,Not Applicable,39.31245556,-102.2201,KIT CARSON (63),NOT APPLICABLE
80525,2022,1,0,0,1,1,0,2,2,Colorado,October,8,Saturday,8:00pm-8:59pm,31,U.S. Highway,Urban,Principal Arterial - Other Freeways and Expressways,State Highway Agency,This section IS ON the NHS,No Special Jurisdiction,Rollover/Overturn,The First Harmful Event was Not a Collision with a Motor Vehicle in Transport,Yes,Through Roadway,Not an Intersection,On Roadway,,Dark - Lighted,Clear,No,Not Applicable,39.7255,-105.08067222,JEFFERSON (59),LAKEWOOD
80526,2022,1,0,0,2,1,1,1,1,Colorado,October,9,Sunday,0:00am-0:59am,58,County Road,Urban,Major Collector,County Highway Agency,This section IS NOT on the NHS,No Special Jurisdiction,Curb,The First Harmful Event was Not a Collision with a Motor Vehicle in Transport,No,Non-Junction,Not an Intersection,On Roadside,,Dark - Lighted,Clear,No,Not Applicable,39.83559722,-104.98781944,ADAMS (1),NOT APPLICABLE
80527,2022,1,0,0,2,2,0,3,3,Colorado,October,10,Monday,1:00pm-1:59pm,57,U.S. Highway,Rural,Minor Arterial,State Highway Agency,This section IS NOT on the NHS,No Special Jurisdiction,Motor Vehicle In-Transport,Front-to-Front,No,Non-Junction,Not an Intersection,On Roadway,,Daylight,Clear,No,Not Applicable,39.04347222,-105.52964444,PARK (93),NOT APPLICABLE
80528,2022,1,0,0,1,1,0,1,1,Colorado,October,10,Monday,6:00pm-6:59pm,0,U.S. Highway,Rural,Principal Arterial - Other,State Highway Agency,This section IS ON the NHS,No Special Jurisdiction,Rollover/Overturn,The First Harmful Event was Not a Collision with a Motor Vehicle in Transport,No,Non-Junction,Not an Intersection,On Roadway,,Daylight,Clear,No,Not Applicable,37.45064167,-106.88864444,MINERAL (79),NOT APPLICABLE
80529,2022,1,0,0,2,2,0,2,2,Colorado,October,5,Wednesday,2:00pm-2:59pm,41,Local Street - Municipality,Urban,Minor Arterial,City or Municipal Highway Agency,This section IS NOT on the NHS,No Special Jurisdiction,Motor Vehicle In-Transport,Angle,No,Intersection,T-Intersection,On Roadway,,Daylight,Clear,No,Not Applicable,39.81267222,-105.13208889,JEFFERSON (59),ARVADA
80530,2022,2,0,0,1,1,0,4,4,Colorado,October,12,Wednesday,3:00am-3:59am,0,State Highway,Rural,Minor Arterial,State Highway Agency,This section IS NOT on the NHS,No Special Jurisdiction,Rollover/Overturn,The First Harmful Event was Not a Collision with a Motor Vehicle in Transport,No,Non-Junction,Not an Intersection,On Roadside,,Dark - Not Lighted,Clear,No,Not Applicable,38.81916667,-107.69131944,DELTA (29),NOT APPLICABLE
80531,2022,2,2,2,2,2,0,1,1,Colorado,October,12,Wednesday,10:00pm-10:59pm,30,Interstate,Urban,Interstate,State Highway Agency,This section IS ON the NHS,No Special Jurisdiction,Guardrail Face,The First Harmful Event was Not a Collision with a Motor Vehicle in Transport,No,Non-Junction,Not an Intersection,On Roadside,,Dark - Not Lighted,Clear,No,Not Applicable,39.37427778,-104.86284444,DOUGLAS (35),NOT APPLICABLE
80532,2022,1,0,0,1,1,0,1,1,Colorado,October,13,Thursday,12:00pm-12:59pm,0,County Road,Rural,Minor Collector,County Highway Agency,This section IS NOT on the NHS,No Special Jurisdiction,Rollover/Overturn,The First Harmful Event was Not a Collision with a Motor Vehicle in Transport,No,Non-Junction,Not an Intersection,On Roadside,,Daylight,Clear,No,Not Applicable,38.59864444,-105.95536667,CHAFFEE (15),NOT APPLICABLE
80533,2022,1,0,0,2,2,0,2,2,Colorado,October,15,Saturday,0:00am-0:59am,42,Local Street - Municipality,Urban,Principal Arterial - Other,City or Municipal Highway Agency,This section IS ON the NHS,No Special Jurisdiction,Motor Vehicle In-Transport,Angle,No,Driveway Access Related,Not an Intersection,On Roadway,,Dark - Lighted,Clear,No,Not Applicable,39.88499444,-104.968475,ADAMS (1),THORNTON
80534,2022,2,0,0,4,4,0,6,6,Colorado,October,16,Sunday,3:00pm-3:59pm,5,U.S. Highway,Rural,Principal Arterial - Other,State Highway Agency,This section IS ON the NHS,No Special Jurisdiction,Motor Vehicle In-Transport,Sideswipe - Opposite Direction,No,Non-Junction,Not an Intersection,On Roadway,,Daylight,Cloudy,No,Not Applicable,37.55114444,-104.96511667,HUERFANO (55),NOT APPLICABLE
80535,2022,1,1,1,1,1,0,1,1,Colorado,October,16,Sunday,5:00am-5:59am,21,U.S. Highway,Urban,Principal Arterial - Other Freeways and Expressways,State Highway Agency,This section IS ON the NHS,No Special Jurisdiction,Pedestrian,The First Harmful Event was Not a Collision with a Motor Vehicle in Transport,No,Intersection-Related,T-Intersection,On Roadway,,Dark - Not Lighted,Clear,No,Not Applicable,40.39209444,-104.70637222,WELD (123),GREELEY
80536,2022,1,0,0,1,1,0,2,2,Colorado,October,17,Monday,7:00am-7:59am,22,U.S. Highway,Urban,Principal Arterial - Other,State Highway Agency,This section IS ON the NHS,No Special Jurisdiction,Guardrail Face,The First Harmful Event was Not a Collision with a Motor Vehicle in Transport,No,Non-Junction,Not an Intersection,On Roadside,,Dark - Lighted,Clear,No,Not Applicable,37.23485556,-107.86803056,LA PLATA (67),DURANGO
80537,2022,1,0,0,1,1,0,3,3,Colorado,October,13,Thursday,3:00am-3:59am,40,County Road,Rural,Minor Arterial,County Highway Agency,This section IS NOT on the NHS,No Special Jurisdiction,Rollover/Overturn,The First Harmful Event was Not a Collision with a Motor Vehicle in Transport,No,Non-Junction,Not an Intersection,On Roadside,,Dark - Not Lighted,Clear,No,Not Applicable,38.95420556,-104.33627778,EL PASO (41),NOT APPLICABLE
80538,2022,1,0,0,2,2,0,2,2,Colorado,October,26,Wednesday,4:00pm-4:59pm,21,Local Street - Municipality,Urban,Major Collector,City or Municipal Highway Agency,This section IS NOT on the NHS,No Special Jurisdiction,Motor Vehicle In-Transport,Front-to-Front,No,Non-Junction,Not an Intersection,On Roadway,,Daylight,Clear,No,Not Applicable,39.52222222,-104.77099167,DOUGLAS (35),PARKER
80539,2022,1,0,0,1,1,0,1,1,Colorado,October,18,Tuesday,6:00am-6:59am,15,State Highway,Rural,Minor Arterial,State Highway Agency,This section IS NOT on the NHS,No Special Jurisdiction,Rollover/Overturn,The First Harmful Event was Not a Collision with a Motor Vehicle in Transport,No,Non-Junction,Not an Intersection,On Roadside,,Dark - Not Lighted,Clear,No,Not Applicable,37.64747222,-104.81710556,HUERFANO (55),NOT APPLICABLE
80540,2022,1,0,0,2,2,0,2,2,Colorado,October,18,Tuesday,4:00pm-4:59pm,44,County Road,Rural,Major Collector,County Highway Agency,This section IS NOT on the NHS,No Special Jurisdiction,Motor Vehicle In-Transport,Sideswipe - Opposite Direction,No,Non-Junction,Not an Intersection,On Roadway,,Daylight,Clear,No,Not Applicable,40.43668889,-105.35093611,LARIMER (69),NOT APPLICABLE
80541,2022,1,0,0,1,1,0,1,1,Colorado,October,19,Wednesday,4:00pm-4:59pm,58,State Highway,Rural,Minor Arterial,State Highway Agency,This section IS NOT on the NHS,No Special Jurisdiction,Rollover/Overturn,The First Harmful Event was Not a Collision with a Motor Vehicle in Transport,No,Non-Junction,Not an Intersection,On Roadside,,Daylight,Clear,No,Not Applicable,40.08055556,-105.49889444,BOULDER (13),NOT APPLICABLE
80542,2022,1,0,0,2,2,0,3,3,Colorado,October,20,Thursday,8:00am-8:59am,44,Interstate,Rural,Interstate,State Highway Agency,This section IS ON the NHS,No Special Jurisdiction,Motor Vehicle In-Transport,Front-to-Rear,No,Non-Junction,Not an Intersection,On Roadway,,Daylight,Clear,No,Not Applicable,38.5918,-104.67183333,EL PASO (41),NOT APPLICABLE
80543,2022,1,1,1,1,1,0,1,1,Colorado,October,21,Friday,0:00am-0:59am,0,U.S. Highway,Urban,Principal Arterial - Other,State Highway Agency,This section IS ON the NHS,No Special Jurisdiction,Pedestrian,The First Harmful Event was Not a Collision with a Motor Vehicle in Transport,No,Non-Junction,Not an Intersection,On Roadway,,Dark - Lighted,Clear,No,Not Applicable,39.83015833,-105.02503056,ADAMS (1),WESTMINSTER
80544,2022,2,0,0,1,1,0,3,3,Colorado,October,20,Thursday,10:00pm-10:59pm,5,Local Street - Municipality,Urban,Principal Arterial - Other,City or Municipal Highway Agency,This section IS ON the NHS,No Special Jurisdiction,Traffic Signal Support,The First Harmful Event was Not a Collision with a Motor Vehicle in Transport,No,Intersection-Related,T-Intersection,On Roadside,,Dark - Lighted,Clear,No,Not Applicable,39.62206111,-104.98781944,ARAPAHOE (5),ENGLEWOOD
80545,2022,1,1,1,1,1,0,1,1,Colorado,October,21,Friday,4:00pm-4:59pm,46,Local Street - Municipality,Urban,Minor Arterial,City or Municipal Highway Agency,This section IS NOT on the NHS,No Special Jurisdiction,Pedestrian,The First Harmful Event was Not a Collision with a Motor Vehicle in Transport,No,Intersection-Related,Four-Way Intersection,On Roadway,,Daylight,Clear,No,Not Applicable,40.00036389,-104.76183889,ADAMS (1),BRIGHTON
80546,2022,2,0,0,2,2,0,4,4,Colorado,October,22,Saturday,8:00am-8:59am,25,State Highway,Urban,Principal Arterial - Other Freeways and Expressways,State Highway Agency,This section IS ON the NHS,No Special Jurisdiction,Motor Vehicle In-Transport,Angle,No,Intersection,Four-Way Intersection,On Roadway,,Daylight,Clear,No,Not Applicable,40.11642778,-105.15974444,BOULDER (13),NOT APPLICABLE
80547,2022,1,0,0,3,3,0,6,6,Colorado,October,22,Saturday,9:00pm-9:59pm,19,U.S. Highway,Urban,Principal Arterial - Other Freeways and Expressways,State Highway Agency,This section IS ON the NHS,No Special Jurisdiction,Motor Vehicle In-Transport,Sideswipe - Same Direction,No,Non-Junction,Not an Intersection,On Roadway,,Dark - Not Lighted,Clear,No,Not Applicable,38.31515556,-104.66924167,PUEBLO (101),NOT APPLICABLE
80548,2022,2,0,0,2,2,0,6,6,Colorado,October,23,Sunday,9:00pm-9:59pm,22,U.S. Highway,Rural,Principal Arterial - Other,State Highway Agency,This section IS ON the NHS,No Special Jurisdiction,Live Animal,The First Harmful Event was Not a Collision with a Motor Vehicle in Transport,No,Non-Junction,Not an Intersection,On Roadway,,Dark - Not Lighted,Clear,No,Not Applicable,37.27558333,-108.63161111,MONTEZUMA (83),NOT APPLICABLE
80549,2022,1,0,0,2,2,0,2,2,Colorado,October,23,Sunday,0:00am-0:59am,15,Interstate,Urban,Interstate,State Highway Agency,This section IS ON the NHS,No Special Jurisdiction,Motor Vehicle In-Transport,Front-to-Front,No,Non-Junction,Not an Intersection,On Roadway,,Dark - Lighted,Clear,No,Not Applicable,38.94676944,-104.81374444,EL PASO (41),NOT APPLICABLE
80550,2022,1,0,0,2,2,0,3,3,Colorado,October,12,Wednesday,6:00pm-6:59pm,50,Local Street - Municipality,Urban,Minor Arterial,City or Municipal Highway Agency,This section IS NOT on the NHS,No Special Jurisdiction,Motor Vehicle In-Transport,Front-to-Front,No,Intersection,Four-Way Intersection,On Roadway,,Dusk,Clear,No,Not Applicable,38.83838333,-104.78736667,EL PASO (41),COLORADO SPRINGS
80551,2022,1,0,0,1,1,0,1,1,Colorado,October,16,Sunday,7:00pm-7:59pm,16,County Road,Urban,Principal Arterial - Other,County Highway Agency,This section IS ON the NHS,No Special Jurisdiction,Curb,The First Harmful Event was Not a Collision with a Motor Vehicle in Transport,No,Non-Junction,Not an Intersection,On Median,,Dark - Lighted,Clear,No,Not Applicable,39.58261111,-104.86701667,ARAPAHOE (5),NOT APPLICABLE
80552,2022,1,1,1,1,1,0,1,1,Colorado,October,11,Tuesday,1:00pm-1:59pm,0,Local Street - Municipality,Urban,Principal Arterial - Other,City or Municipal Highway Agency,This section IS ON the NHS,No Special Jurisdiction,Pedestrian,The First Harmful Event was Not a Collision with a Motor Vehicle in Transport,No,Intersection-Related,Four-Way Intersection,On Roadway,,Daylight,Clear,No,Not Applicable,38.83565833,-104.79462222,EL PASO (41),COLORADO SPRINGS
80553,2022,1,0,0,1,1,0,1,1,Colorado,October,22,Saturday,12:00pm-12:59pm,30,County Road,Rural,Minor Collector,County Highway Agency,This section IS NOT on the NHS,No Special Jurisdiction,Rollover/Overturn,The First Harmful Event was Not a Collision with a Motor Vehicle in Transport,No,Non-Junction,Not an Intersection,On Roadside,,Daylight,Clear,No,Not Applicable,39.50818889,-105.18908333,JEFFERSON (59),NOT APPLICABLE
80554,2022,1,0,0,2,2,0,2,2,Colorado,October,23,Sunday,6:00am-6:59am,13,Local Street - Municipality,Urban,Principal Arterial - Other,City or Municipal Highway Agency,This section IS ON the NHS,No Special Jurisdiction,Motor Vehicle In-Transport,Angle,No,Intersection,Four-Way Intersection,On Roadway,,Dawn,Clear,No,Not Applicable,39.53633333,-104.87308889,DOUGLAS (35),LONE TREE
80555,2022,1,0,0,1,1,0,2,2,Colorado,October,24,Monday,8:00am-8:59am,59,U.S. Highway,Rural,Principal Arterial - Other,State Highway Agency,This section IS ON the NHS,No Special Jurisdiction,Culvert,The First Harmful Event was Not a Collision with a Motor Vehicle in Transport,No,Non-Junction,Not an Intersection,On Roadside,,Daylight,Cloudy,No,Not Applicable,37.43261111,-105.48376111,COSTILLA (23),NOT APPLICABLE
80556,2022,1,0,0,1,1,0,1,1,Colorado,October,24,Monday,0:00am-0:59am,15,County Road,Rural,Local,County Highway Agency,This section IS NOT on the NHS,No Special Jurisdiction,"Post, Pole or Other Supports",The First Harmful Event was Not a Collision with a Motor Vehicle in Transport,No,Non-Junction,Not an Intersection,On Roadside,,Dark - Not Lighted,Rain,No,Not Applicable,39.37266667,-104.76134444,DOUGLAS (35),NOT APPLICABLE
80557,2022,1,0,0,2,2,0,3,3,Colorado,October,25,Tuesday,5:00pm-5:59pm,55,County Road,Rural,Minor Arterial,County Highway Agency,This section IS NOT on the NHS,No Special Jurisdiction,Motor Vehicle In-Transport,Angle,No,Intersection,Four-Way Intersection,On Roadway,,Daylight,Cloudy,No,Not Applicable,38.95450556,-104.29432222,EL PASO (41),NOT APPLICABLE
80558,2022,1,0,0,1,1,0,1,1,Colorado,October,12,Wednesday,10:00pm-10:59pm,31,Local Street - Municipality,Urban,Local,City or Municipal Highway Agency,This section IS NOT on the NHS,No Special Jurisdiction,Wall,The First Harmful Event was Not a Collision with a Motor Vehicle in Transport,No,Non-Junction,Not an Intersection,On Roadside,,Dark - Lighted,Clear,No,Not Applicable,39.75481111,-104.99747778,DENVER (31),DENVER
80560,2022,2,2,2,2,2,0,1,1,Colorado,October,22,Saturday,3:00am-3:59am,11,Interstate,Urban,Interstate,State Highway Agency,This section IS ON the NHS,No Special Jurisdiction,Motor Vehicle In-Transport,Angle,Yes,Through Roadway,Not an Intersection,On Roadway,,Dark - Lighted,Clear,No,Not Applicable,39.74012222,-104.73043056,ARAPAHOE (5),NOT APPLICABLE
80561,2022,1,1,1,2,2,0,2,2,Colorado,October,18,Tuesday,11:00pm-11:59pm,14,Local Street - Municipality,Urban,Minor Arterial,City or Municipal Highway Agency,This section IS NOT on the NHS,No Special Jurisdiction,Pedestrian,The First Harmful Event was Not a Collision with a Motor Vehicle in Transport,No,Non-Junction,Not an Intersection,On Roadway,,Dark - Not Lighted,Clear,No,Not Applicable,39.06286667,-108.50454167,MESA (77),GRAND JUNCTION
80562,2022,1,1,1,2,2,0,1,1,Colorado,October,27,Thursday,7:00am-7:59am,24,Interstate,Rural,Interstate,State Highway Agency,This section IS ON the NHS,No Special Jurisdiction,Pedestrian,The First Harmful Event was Not a Collision with a Motor Vehicle in Transport,No,Non-Junction,Not an Intersection,On Shoulder,,Daylight,Cloudy,No,Not Applicable,39.72730278,-105.69398889,CLEAR CREEK (19),GEORGETOWN
80563,2022,1,0,0,3,3,0,6,6,Colorado,October,22,Saturday,4:00pm-4:59pm,46,Local Street - Municipality,Urban,Principal Arterial - Other,City or Municipal Highway Agency,This section IS ON the NHS,No Special Jurisdiction,Motor Vehicle In-Transport,Angle,No,Intersection,T-Intersection,On Roadway,,Daylight,Clear,No,Not Applicable,39.67665556,-104.84736389,ARAPAHOE (5),AURORA
80564,2022,1,0,0,1,1,0,1,1,Colorado,October,12,Wednesday,9:00am-9:59am,23,Local Street - Municipality,Urban,Local,City or Municipal Highway Agency,This section IS NOT on the NHS,No Special Jurisdiction,Curb,The First Harmful Event was Not a Collision with a Motor Vehicle in Transport,No,Intersection-Related,L-Intersection,On Roadside,,Daylight,Clear,No,Not Applicable,39.65591389,-104.77716944,ARAPAHOE (5),AURORA
80565,2022,1,0,0,2,2,0,2,2,Colorado,October,28,Friday,6:00pm-6:59pm,48,State Highway,Urban,Principal Arterial - Other,State Highway Agency,This section IS ON the NHS,No Special Jurisdiction,Motor Vehicle In-Transport,Angle,No,Intersection,Four-Way Intersection,On Roadway,,Dark - Lighted,Clear,No,Not Applicable,39.82894444,-105.05327222,JEFFERSON (59),WESTMINSTER
80566,2022,1,0,0,1,1,0,1,1,Colorado,October,29,Saturday,2:00am-2:59am,0,Interstate,Rural,Interstate,State Highway Agency,This section IS ON the NHS,No Special Jurisdiction,Rollover/Overturn,The First Harmful Event was Not a Collision with a Motor Vehicle in Transport,No,Non-Junction,Not an Intersection,On Roadway,,Dark - Not Lighted,Clear,No,Not Applicable,40.1658,-104.43803333,WELD (123),NOT APPLICABLE
80567,2022,1,0,0,1,1,0,1,1,Colorado,October,22,Saturday,5:00pm-5:59pm,6,U.S. Highway,Urban,Principal Arterial - Other Freeways and Expressways,State Highway Agency,This section IS ON the NHS,No Special Jurisdiction,Curb,The First Harmful Event was Not a Collision with a Motor Vehicle in Transport,No,Non-Junction,Not an Intersection,On Median,,Daylight,Clear,No,Not Applicable,38.81795833,-104.77416667,EL PASO (41),COLORADO SPRINGS
80568,2022,1,1,1,1,1,0,1,1,Colorado,October,25,Tuesday,7:00pm-7:59pm,49,Local Street - Municipality,Urban,Principal Arterial - Other,City or Municipal Highway Agency,This section IS ON the NHS,No Special Jurisdiction,Pedestrian,The First Harmful Event was Not a Collision with a Motor Vehicle in Transport,No,Non-Junction,Not an Intersection,On Roadway,,Dark - Lighted,Clear,No,Not Applicable,38.89678333,-104.82827778,EL PASO (41),COLORADO SPRINGS
80569,2022,1,0,0,2,2,0,2,2,Colorado,October,31,Monday,4:00pm-4:59pm,36,U.S. Highway,Rural,Minor Arterial,State Highway Agency,This section IS NOT on the NHS,No Special Jurisdiction,Motor Vehicle In-Transport,Sideswipe - Same Direction,No,Intersection-Related,Four-Way Intersection,On Roadway,,Daylight,Clear,No,Not Applicable,40.25386111,-103.69727778,MORGAN (87),NOT APPLICABLE
80570,2022,1,1,1,1,1,0,1,1,Colorado,October,15,Saturday,1:00pm-1:59pm,23,Interstate,Urban,Interstate,State Highway Agency,This section IS ON the NHS,No Special Jurisdiction,Pedestrian,The First Harmful Event was Not a Collision with a Motor Vehicle in Transport,No,Non-Junction,Not an Intersection,On Roadway,,Daylight,Clear,No,Not Applicable,39.87413056,-104.98740556,ADAMS (1),THORNTON
80571,2022,1,0,0,1,1,0,4,4,Colorado,October,29,Saturday,1:00am-1:59am,40,Interstate,Rural,Interstate,State Highway Agency,This section IS ON the NHS,No Special Jurisdiction,Rollover/Overturn,The First Harmful Event was Not a Collision with a Motor Vehicle in Transport,No,Non-Junction,Not an Intersection,On Median,,Dark - Not Lighted,Clear,No,Not Applicable,40.26311667,-103.75229167,MORGAN (87),NOT APPLICABLE
80572,2022,2,0,0,1,1,0,2,2,Colorado,October,30,Sunday,10:00am-10:59am,8,County Road,Urban,Minor Arterial,County Highway Agency,This section IS NOT on the NHS,No Special Jurisdiction,Other Fixed Object,The First Harmful Event was Not a Collision with a Motor Vehicle in Transport,No,Non-Junction,Not an Intersection,On Roadside,,Daylight,Clear,No,Not Applicable,39.65315,-104.7542,ARAPAHOE (5),NOT APPLICABLE
80573,2022,1,1,1,1,1,0,1,1,Colorado,October,31,Monday,7:00pm-7:59pm,4,County Road,Urban,Principal Arterial - Other,County Highway Agency,This section IS ON the NHS,No Special Jurisdiction,Pedestrian,The First Harmful Event was Not a Collision with a Motor Vehicle in Transport,No,Intersection-Related,Four-Way Intersection,On Roadway,,Dark - Lighted,Clear,No,Not Applicable,38.86805,-104.70152778,EL PASO (41),NOT APPLICABLE
80574,2022,1,0,0,1,1,0,3,3,Colorado,October,23,Sunday,3:00pm-3:59pm,5,Interstate,Rural,Interstate,State Highway Agency,This section IS ON the NHS,No Special Jurisdiction,Rollover/Overturn,The First Harmful Event was Not a Collision with a Motor Vehicle in Transport,No,Non-Junction,Not an Intersection,On Roadside,,Daylight,Clear,No,Not Applicable,40.15690278,-104.45629722,WELD (123),NOT APPLICABLE
80575,2022,1,1,1,1,1,0,1,1,Colorado,October,26,Wednesday,3:00pm-3:59pm,1,Local Street - Municipality,Urban,Principal Arterial - Other,City or Municipal Highway Agency,This section IS ON the NHS,No Special Jurisdiction,Pedalcyclist,The First Harmful Event was Not a Collision with a Motor Vehicle in Transport,No,Intersection,T-Intersection,On Roadway,,Daylight,Clear,No,Not Applicable,38.9241,-104.84773611,EL PASO (41),COLORADO SPRINGS
80576,2022,1,0,0,3,3,0,7,7,Colorado,October,28,Friday,8:00pm-8:59pm,18,Local Street - Municipality,Urban,Principal Arterial - Other,City or Municipal Highway Agency,This section IS ON the NHS,No Special Jurisdiction,Motor Vehicle In-Transport,Angle,No,Intersection,Four-Way Intersection,On Roadway,,Dark - Lighted,Clear,No,Not Applicable,38.7958,-104.80351667,EL PASO (41),COLORADO SPRINGS
80577,2022,1,0,0,2,2,0,2,2,Colorado,October,30,Sunday,6:00am-6:59am,25,Local Street - Municipality,Urban,Principal Arterial - Other,City or Municipal Highway Agency,This section IS ON the NHS,No Special Jurisdiction,Motor Vehicle In-Transport,Angle,No,Intersection,Four-Way Intersection,On Roadway,,Dark - Lighted,Clear,No,Not Applicable,38.83723333,-104.79441944,EL PASO (41),COLORADO SPRINGS