ST_CASE,YEAR,FATALS,PEDS,PERNOTMVIT,VE_TOTAL,VE_FORMS,PVH_INVL,PERSONS,PERMVIT,STATENAME,MONTHNAME,DAYNAME,DAY_WEEKNAME,HOURNAME,MINUTENAME,ROUTENAME,RUR_URBNAME,FUNC_SYSNAME,RD_OWNERNAME,NHSNAME,SP_JURNAME,HARM_EVNAME,MAN_COLLNAME,RELJCT1NAME,RELJCT2NAME,TYP_INTNAME,REL_ROADNAME,WRK_ZONENAME,LGT_CONDNAME,WEATHERNAME,SCH_BUSNAME,RAILNAME,LATITUDE,LONGITUD,COUNTYNAME,CITYNAME
80578,2022,1,0,0,1,1,0,4,4,Colorado,October,30,Sunday,9:00am-9:59am,31,Local Street - Municipality,Urban,Local,City or Municipal Highway Agency,This section IS NOT on the NHS,No Special Jurisdiction,Rollover/Overturn,The First Harmful Event was Not a Collision with a Motor Vehicle in Transport,No,Non-Junction,Not an Intersection,On Roadway,,Daylight,Clear,No,Not Applicable,38.24538333,-104.6502,PUEBLO (101),PUEBLO
80579,2022,2,0,0,1,1,0,2,2,Colorado,October,29,Saturday,9:00pm-9:59pm,59,Local Street - Municipality,Urban,Local,City or Municipal Highway Agency,This section IS NOT on the NHS,No Special Jurisdiction,Fence,The First Harmful Event was Not a Collision with a Motor Vehicle in Transport,No,Intersection-Related,Four-Way Intersection,Outside Trafficway,,Dark - Lighted,Clear,No,Not Applicable,39.09110278,-104.85191111,EL PASO (41),MONUMENT
80580,2022,1,0,0,2,2,0,3,3,Colorado,October,5,Wednesday,8:00pm-8:59pm,15,Local Street - Municipality,Urban,Local,City or Municipal Highway Agency,This section IS NOT on the NHS,No Special Jurisdiction,Motor Vehicle In-Transport,Sideswipe - Same Direction,No,Non-Junction,Not an Intersection,On Roadway,,Dark - Not Lighted,Clear,No,Not Applicable,38.303475,-104.79772222,PUEBLO (101),PUEBLO WEST
80581,2022,1,0,0,2,2,0,2,2,Colorado,October,26,Wednesday,11:00am-11:59am,47,U.S. Highway,Urban,Principal Arterial - Other,State Highway Agency,This section IS ON the NHS,No Special Jurisdiction,Motor Vehicle In-Transport,Angle,Yes,Intersection,Four-Way Intersection,On Roadway,,Daylight,Clear,No,Not Applicable,39.95796667,-105.09011389,BOULDER (13),LAFAYETTE
80582,2022,1,0,0,2,2,0,12,12,Colorado,October,29,Saturday,7:00pm-7:59pm,16,Local Street - Municipality,Urban,Principal Arterial - Other,City or Municipal Highway Agency,This section IS ON the NHS,No Special Jurisdiction,Motor Vehicle In-Transport,Angle,No,Intersection,T-Intersection,On Roadway,,Dark - Lighted,Clear,No,Not Applicable,39.64810556,-104.79120278,ARAPAHOE (5),AURORA
80583,2022,1,0,0,2,2,0,2,2,Colorado,October,7,Friday,9:00pm-9:59pm,0,U.S. Highway,Rural,Principal Arterial - Other,State Highway Agency,This section IS ON the NHS,No Special Jurisdiction,Motor Vehicle In-Transport,Sideswipe - Opposite Direction,No,Non-Junction,Not an Intersection,On Roadway,,Dark - Not Lighted,Clear,No,Not Applicable,37.11741111,-107.86686111,LA PLATA (67),NOT APPLICABLE
80584,2022,1,1,1,1,1,0,1,1,Colorado,October,31,Monday,6:00pm-6:59pm,33,U.S. Highway,Urban,Principal Arterial - Other,State Highway Agency,This section IS ON the NHS,No Special Jurisdiction,Pedestrian,The First Harmful Event was Not a Collision with a Motor Vehicle in Transport,No,Non-Junction,Not an Intersection,On Roadway,,Dark - Lighted,Clear,No,Not Applicable,39.74021111,-104.87579444,ADAMS (1),AURORA
80585,2022,1,0,0,3,3,0,4,4,Colorado,October,28,Friday,10:00am-10:59am,40,State Highway,Urban,Principal Arterial - Other,State Highway Agency,This section IS ON the NHS,No Special Jurisdiction,Motor Vehicle In-Transport,Angle,No,Intersection,Four-Way Intersection,On Roadway,,Daylight,Clear,No,Not Applicable,39.76193889,-104.94053889,DENVER (31),DENVER
80586,2022,1,1,1,1,1,0,2,2,Colorado,October,7,Friday,9:00am-9:59am,1,State Highway,Urban,Principal Arterial - Other,State Highway Agency,This section IS ON the NHS,No Special Jurisdiction,Pedestrian,The First Harmful Event was Not a Collision with a Motor Vehicle in Transport,No,Intersection-Related,Four-Way Intersection,On Roadway,,Daylight,Clear,No,Not Applicable,39.7256,-104.80832222,ARAPAHOE (5),AURORA
80587,2022,1,0,0,1,1,0,1,1,Colorado,October,27,Thursday,9:00pm-9:59pm,6,Local Street - Municipality,Urban,Local,City or Municipal Highway Agency,This section IS NOT on the NHS,No Special Jurisdiction,Curb,The First Harmful Event was Not a Collision with a Motor Vehicle in Transport,No,Non-Junction,Not an Intersection,On Roadside,,Dark - Lighted,Clear,No,Not Applicable,39.75276389,-104.89933889,DENVER (31),DENVER
80588,2022,1,1,1,1,1,0,1,1,Colorado,October,14,Friday,11:00am-11:59am,9,Local Street - Municipality,Urban,Principal Arterial - Other,City or Municipal Highway Agency,This section IS ON the NHS,No Special Jurisdiction,Pedestrian,The First Harmful Event was Not a Collision with a Motor Vehicle in Transport,No,Intersection-Related,Four-Way Intersection,On Roadway,,Daylight,Clear,No,Not Applicable,39.69656667,-104.82371667,ARAPAHOE (5),AURORA
80589,2022,1,1,1,1,1,0,1,1,Colorado,June,25,Saturday,1:00am-1:59am,22,Local Street - Municipality,Urban,Principal Arterial - Other,City or Municipal Highway Agency,This section IS ON the NHS,No Special Jurisdiction,Pedalcyclist,The First Harmful Event was Not a Collision with a Motor Vehicle in Transport,No,Intersection,Four-Way Intersection,On Roadway,,Dark - Lighted,Clear,No,Not Applicable,39.72566111,-104.99516667,DENVER (31),DENVER
80590,2022,1,1,1,1,1,0,1,1,Colorado,September,13,Tuesday,7:00am-7:59am,7,Local Street - Municipality,Urban,Local,City or Municipal Highway Agency,This section IS NOT on the NHS,No Special Jurisdiction,Pedestrian,The First Harmful Event was Not a Collision with a Motor Vehicle in Transport,No,Non-Junction,Not an Intersection,On Roadway,,Daylight,Clear,No,Not Applicable,39.70469722,-104.83352222,ARAPAHOE (5),AURORA
80591,2022,1,0,0,1,1,0,5,5,Colorado,August,22,Monday,10:00pm-10:59pm,15,Local Street - Municipality,Urban,Minor Arterial,City or Municipal Highway Agency,This section IS NOT on the NHS,No Special Jurisdiction,Wall,The First Harmful Event was Not a Collision with a Motor Vehicle in Transport,No,Intersection-Related,L-Intersection,On Roadside,,Dark - Lighted,Clear,No,Not Applicable,39.77608889,-104.93816667,DENVER (31),DENVER
80592,2022,1,0,0,2,2,0,2,2,Colorado,November,2,Wednesday,6:00pm-6:59pm,15,County Road,Rural,Minor Collector,County Highway Agency,This section IS NOT on the NHS,No Special Jurisdiction,Motor Vehicle In-Transport,Angle,No,Intersection,Four-Way Intersection,On Roadway,,Dark - Not Lighted,Clear,No,Not Applicable,40.10201944,-104.88636667,WELD (123),NOT APPLICABLE
80593,2022,1,0,0,2,2,0,5,5,Colorado,November,4,Friday,6:00pm-6:59pm,21,County Road,Rural,Minor Arterial,County Highway Agency,This section IS NOT on the NHS,No Special Jurisdiction,Motor Vehicle In-Transport,Angle,No,Intersection,Four-Way Intersection,On Roadway,,Dark - Not Lighted,Cloudy,No,Not Applicable,38.92620833,-104.60766111,EL PASO (41),NOT APPLICABLE
80594,2022,1,0,0,2,2,0,2,2,Colorado,November,4,Friday,11:00am-11:59am,8,U.S. Highway,Rural,Principal Arterial - Other,State Highway Agency,This section IS ON the NHS,No Special Jurisdiction,Motor Vehicle In-Transport,Front-to-Rear,No,Non-Junction,Not an Intersection,On Roadway,,Daylight,Clear,No,Not Applicable,40.3125,-104.38661111,WELD (123),NOT APPLICABLE
80595,2022,1,0,0,2,2,0,2,2,Colorado,November,4,Friday,6:00pm-6:59pm,30,Local Street - Frontage Road,Urban,Interstate,State Highway Agency,This section IS ON the NHS,No Special Jurisdiction,Motor Vehicle In-Transport,Sideswipe - Opposite Direction,No,Non-Junction,Not an Intersection,On Roadway,,Dark - Not Lighted,Clear,No,Not Applicable,39.80354444,-104.93794444,ADAMS (1),COMMERCE CITY
80596,2022,1,0,0,4,4,0,5,5,Colorado,November,6,Sunday,3:00am-3:59am,5,Interstate,Rural,Interstate,State Highway Agency,This section IS ON the NHS,No Special Jurisdiction,Rollover/Overturn,The First Harmful Event was Not a Collision with a Motor Vehicle in Transport,No,Non-Junction,Not an Intersection,On Roadway,,Dark - Not Lighted,Not Reported,No,Not Applicable,39.269675,-103.52043889,LINCOLN (73),NOT APPLICABLE
80597,2022,1,0,0,4,4,0,5,5,Colorado,November,3,Thursday,3:00pm-3:59pm,26,Local Street - Municipality,Urban,Principal Arterial - Other,City or Municipal Highway Agency,This section IS ON the NHS,No Special Jurisdiction,Motor Vehicle In-Transport,Front-to-Front,Yes,Intersection-Related,Four-Way Intersection,On Roadway,,Daylight,Rain,No,Not Applicable,39.72621111,-105.12962222,JEFFERSON (59),LAKEWOOD
80598,2022,1,1,1,1,1,0,1,1,Colorado,November,7,Monday,12:00pm-12:59pm,35,State Highway,Rural,Minor Arterial,State Highway Agency,This section IS NOT on the NHS,No Special Jurisdiction,Pedalcyclist,The First Harmful Event was Not a Collision with a Motor Vehicle in Transport,No,Non-Junction,Not an Intersection,On Shoulder,,Daylight,Clear,No,Not Applicable,38.81019167,-106.89865833,GUNNISON (51),NOT APPLICABLE
80599,2022,1,0,0,2,2,0,2,2,Colorado,November,8,Tuesday,12:00pm-12:59pm,43,State Highway,Rural,Principal Arterial - Other,State Highway Agency,This section IS ON the NHS,No Special Jurisdiction,Motor Vehicle In-Transport,Front-to-Front,No,Non-Junction,Not an Intersection,On Roadway,,Daylight,Clear,No,Not Applicable,40.58236111,-104.78705,WELD (123),NOT APPLICABLE
80600,2022,1,0,0,2,2,0,3,3,Colorado,November,13,Sunday,0:00am-0:59am,45,Interstate,Urban,Interstate,State Highway Agency,This section IS ON the NHS,No Special Jurisdiction,Motor Vehicle In-Transport,Front-to-Front,No,Non-Junction,Not an Intersection,On Roadway,,Dark - Not Lighted,Clear,No,Not Applicable,38.77755,-104.78365556,EL PASO (41),NOT APPLICABLE
80601,2022,1,1,1,1,1,0,1,1,Colorado,November,7,Monday,5:00pm-5:59pm,30,Local Street - Municipality,Urban,Principal Arterial - Other,City or Municipal Highway Agency,This section IS ON the NHS,No Special Jurisdiction,Pedestrian,The First Harmful Event was Not a Collision with a Motor Vehicle in Transport,No,Non-Junction,Not an Intersection,On Roadway,,Dark - Lighted,Clear,No,Not Applicable,39.63258333,-105.10996667,JEFFERSON (59),LAKEWOOD
80602,2022,1,0,0,1,1,0,2,2,Colorado,November,10,Thursday,0:00am-0:59am,4,Interstate,Rural,Interstate,State Highway Agency,This section IS ON the NHS,No Special Jurisdiction,Rollover/Overturn,The First Harmful Event was Not a Collision with a Motor Vehicle in Transport,No,Non-Junction,Not an Intersection,On Roadside,,Dark - Not Lighted,Clear,No,Not Applicable,40.3077,-103.51611111,MORGAN (87),NOT APPLICABLE
80603,2022,1,0,0,1,1,0,1,1,Colorado,November,11,Friday,8:00am-8:59am,41,State Highway,Rural,Minor Arterial,State Highway Agency,This section IS NOT on the NHS,No Special Jurisdiction,"Post, Pole or Other Supports",The First Harmful Event was Not a Collision with a Motor Vehicle in Transport,No,Non-Junction,Not an Intersection,On Roadside,,Daylight,Clear,No,Not Applicable,40.00125,-106.37,GRAND (49),NOT APPLICABLE
80604,2022,1,0,0,1,1,0,1,1,Colorado,November,12,Saturday,7:00pm-7:59pm,0,Interstate,Urban,Interstate,State Highway Agency,This section IS ON the NHS,No Special Jurisdiction,Guardrail End,The First Harmful Event was Not a Collision with a Motor Vehicle in Transport,No,Non-Junction,Not an Intersection,On Median,,Dark - Lighted,Clear,No,Not Applicable,39.87926389,-104.89065833,ADAMS (1),NOT APPLICABLE
80605,2022,1,0,0,1,1,0,1,1,Colorado,November,12,Saturday,8:00am-8:59am,40,U.S. Highway,Urban,Principal Arterial - Other,State Highway Agency,This section IS ON the NHS,No Special Jurisdiction,Culvert,The First Harmful Event was Not a Collision with a Motor Vehicle in Transport,No,Non-Junction,Not an Intersection,On Roadside,,Daylight,Clear,No,Not Applicable,38.244825,-104.50914444,PUEBLO (101),NOT APPLICABLE
80606,2022,1,0,0,1,1,0,2,2,Colorado,November,12,Saturday,0:00am-0:59am,45,Local Street - Municipality,Urban,Minor Arterial,City or Municipal Highway Agency,This section IS NOT on the NHS,No Special Jurisdiction,Curb,The First Harmful Event was Not a Collision with a Motor Vehicle in Transport,No,Non-Junction,Not an Intersection,On Median,,Dark - Lighted,Clear,No,Not Applicable,39.65408333,-104.77241944,ARAPAHOE (5),AURORA
80607,2022,1,0,0,1,1,0,1,1,Colorado,November,14,Monday,5:00am-5:59am,15,Interstate,Urban,Interstate,State Highway Agency,This section IS ON the NHS,No Special Jurisdiction,Concrete Traffic Barrier,The First Harmful Event was Not a Collision with a Motor Vehicle in Transport,Yes,Other location within Interchange Area,Not an Intersection,Gore,,Dark - Lighted,Clear,No,Not Applicable,39.81677778,-104.95486111,ADAMS (1),NOT APPLICABLE
80608,2022,1,0,0,1,1,0,1,1,Colorado,November,9,Wednesday,7:00am-7:59am,35,Interstate,Rural,Interstate,State Highway Agency,This section IS ON the NHS,No Special Jurisdiction,Rollover/Overturn,The First Harmful Event was Not a Collision with a Motor Vehicle in Transport,No,Non-Junction,Not an Intersection,On Median,,Daylight,Clear,No,Not Applicable,40.85046111,-104.96315556,LARIMER (69),NOT APPLICABLE
80609,2022,1,1,1,1,1,0,2,2,Colorado,November,10,Thursday,4:00pm-4:59pm,1,State Highway,Urban,Principal Arterial - Other,State Highway Agency,This section IS ON the NHS,No Special Jurisdiction,Pedestrian,The First Harmful Event was Not a Collision with a Motor Vehicle in Transport,No,Intersection-Related,Four-Way Intersection,On Roadway,,Daylight,Clear,No,Not Applicable,38.27092222,-104.59363889,PUEBLO (101),PUEBLO
80610,2022,1,0,0,2,2,0,3,3,Colorado,November,11,Friday,10:00pm-10:59pm,23,Local Street - Municipality,Urban,Principal Arterial - Other,City or Municipal Highway Agency,This section IS ON the NHS,No Special Jurisdiction,Motor Vehicle In-Transport,Angle,No,Intersection,Four-Way Intersection,On Roadway,,Dark - Lighted,Clear,No,Not Applicable,39.87528889,-104.97770278,ADAMS (1),THORNTON
80611,2022,1,0,0,1,1,0,1,1,Colorado,November,14,Monday,3:00am-3:59am,0,U.S. Highway,Rural,Principal Arterial - Other,State Highway Agency,This section IS ON the NHS,No Special Jurisdiction,Traffic Sign Support,The First Harmful Event was Not a Collision with a Motor Vehicle in Transport,No,Non-Junction,Not an Intersection,On Roadside,,Dark - Not Lighted,Clear,No,Not Applicable,38.70865556,-108.04570556,DELTA (29),NOT APPLICABLE
80612,2022,1,0,0,1,1,0,1,1,Colorado,November,15,Tuesday,5:00am-5:59am,30,County Road,Rural,Local,County Highway Agency,This section IS NOT on the NHS,No Special Jurisdiction,Other Fixed Object,The First Harmful Event was Not a Collision with a Motor Vehicle in Transport,No,Non-Junction,Not an Intersection,On Roadside,,Dark - Not Lighted,Clear,No,Not Applicable,40.49756111,-104.62076111,WELD (123),NOT APPLICABLE
80613,2022,1,1,1,1,1,0,1,1,Colorado,November,15,Tuesday,3:00am-3:59am,34,Local Street - Municipality,Urban,Major Collector,City or Municipal Highway Agency,This section IS NOT on the NHS,No Special Jurisdiction,Pedestrian,The First Harmful Event was Not a Collision with a Motor Vehicle in Transport,No,Intersection-Related,Four-Way Intersection,On Roadway,,Dark - Lighted,Snow,No,Not Applicable,39.80198056,-104.92228333,ADAMS (1),COMMERCE CITY
80614,2022,1,0,0,2,2,0,2,2,Colorado,November,14,Monday,10:00pm-10:59pm,10,State Highway,Urban,Principal Arterial - Other,State Highway Agency,This section IS ON the NHS,No Special Jurisdiction,Motor Vehicle In-Transport,Front-to-Rear,No,Intersection-Related,Four-Way Intersection,On Roadway,,Dark - Lighted,Clear,No,Not Applicable,38.24695556,-104.66215556,PUEBLO (101),PUEBLO
80615,2022,1,0,0,1,1,0,2,2,Colorado,November,17,Thursday,11:00am-11:59am,41,State Highway,Rural,Minor Arterial,State Highway Agency,This section IS NOT on the NHS,No Special Jurisdiction,Rollover/Overturn,The First Harmful Event was Not a Collision with a Motor Vehicle in Transport,No,Non-Junction,Not an Intersection,On Roadside,,Daylight,Clear,No,Not Applicable,38.24106111,-105.56589444,CUSTER (27),NOT APPLICABLE
80616,2022,2,0,0,1,1,0,2,2,Colorado,November,17,Thursday,11:00pm-11:59pm,30,County Road,Rural,Major Collector,County Highway Agency,This section IS NOT on the NHS,No Special Jurisdiction,Rollover/Overturn,The First Harmful Event was Not a Collision with a Motor Vehicle in Transport,No,Non-Junction,Not an Intersection,On Roadside,,Dark - Not Lighted,Clear,No,Not Applicable,39.45992222,-107.15211667,GARFIELD (45),NOT APPLICABLE
80617,2022,1,0,0,2,2,0,3,3,Colorado,November,18,Friday,12:00pm-12:59pm,45,County Road,Rural,Major Collector,County Highway Agency,This section IS NOT on the NHS,No Special Jurisdiction,Motor Vehicle In-Transport,Angle,No,Non-Junction,Not an Intersection,On Roadway,,Daylight,Clear,No,Not Applicable,40.78805,-105.26073056,LARIMER (69),NOT APPLICABLE
80618,2022,1,0,0,2,2,0,4,4,Colorado,November,18,Friday,3:00pm-3:59pm,45,State Highway,Rural,Minor Arterial,State Highway Agency,This section IS NOT on the NHS,No Special Jurisdiction,Motor Vehicle In-Transport,Front-to-Front,No,Non-Junction,Not an Intersection,On Roadway,,Daylight,Clear,No,Not Applicable,38.76992222,-108.00391667,DELTA (29),NOT APPLICABLE
80619,2022,1,0,0,3,3,0,3,3,Colorado,November,18,Friday,6:00pm-6:59pm,45,Local Street - Frontage Road,Urban,Interstate,State Highway Agency,This section IS ON the NHS,No Special Jurisdiction,Motor Vehicle In-Transport,Front-to-Front,No,Non-Junction,Not an Intersection,On Roadway,,Dark - Not Lighted,Clear,No,Not Applicable,39.79443333,-104.92273333,ADAMS (1),COMMERCE CITY
80620,2022,1,0,0,1,1,0,3,3,Colorado,November,18,Friday,1:00pm-1:59pm,11,Interstate,Urban,Interstate,State Highway Agency,This section IS ON the NHS,No Special Jurisdiction,Guardrail End,The First Harmful Event was Not a Collision with a Motor Vehicle in Transport,Yes,Other location within Interchange Area,Not an Intersection,On Roadside,,Daylight,Clear,No,Not Applicable,39.409375,-104.86559444,DOUGLAS (35),CASTLE ROCK
80621,2022,1,0,0,1,1,0,1,1,Colorado,November,22,Tuesday,6:00am-6:59am,38,County Road,Rural,Minor Collector,County Highway Agency,This section IS NOT on the NHS,No Special Jurisdiction,Utility Pole/Light Support,The First Harmful Event was Not a Collision with a Motor Vehicle in Transport,No,Non-Junction,Not an Intersection,On Roadside,,Dark - Not Lighted,Clear,No,Not Applicable,40.51053333,-104.88895278,WELD (123),NOT APPLICABLE
80622,2022,1,0,0,2,2,0,5,5,Colorado,November,22,Tuesday,2:00pm-2:59pm,58,County Road,Urban,Major Collector,County Highway Agency,This section IS NOT on the NHS,No Special Jurisdiction,Motor Vehicle In-Transport,Angle,No,Non-Junction,Not an Intersection,On Roadway,,Daylight,Clear,No,Not Applicable,40.37790556,-104.87176111,WELD (123),NOT APPLICABLE
80623,2022,1,0,0,1,1,0,7,7,Colorado,November,17,Thursday,6:00am-6:59am,50,U.S. Highway,Rural,Principal Arterial - Other Freeways and Expressways,State Highway Agency,This section IS ON the NHS,No Special Jurisdiction,Rollover/Overturn,The First Harmful Event was Not a Collision with a Motor Vehicle in Transport,No,Non-Junction,Not an Intersection,On Median,,Dawn,Snow,No,Not Applicable,40.32638889,-104.72611111,WELD (123),NOT APPLICABLE
80624,2022,1,0,0,1,1,0,1,1,Colorado,November,25,Friday,1:00pm-1:59pm,59,County Road,Rural,Local,County Highway Agency,This section IS NOT on the NHS,No Special Jurisdiction,Fell/Jumped from Vehicle,The First Harmful Event was Not a Collision with a Motor Vehicle in Transport,No,Non-Junction,Not an Intersection,On Roadside,,Daylight,Clear,No,Not Applicable,40.44557222,-105.3319,LARIMER (69),NOT APPLICABLE
80625,2022,1,0,0,2,2,0,3,3,Colorado,November,25,Friday,8:00am-8:59am,55,Local Street - Municipality,Urban,Principal Arterial - Other,City or Municipal Highway Agency,This section IS ON the NHS,No Special Jurisdiction,Motor Vehicle In-Transport,Angle,No,Intersection,Four-Way Intersection,On Roadway,,Daylight,Clear,No,Not Applicable,39.61693611,-104.76881667,ARAPAHOE (5),CENTENNIAL
80626,2022,1,0,0,2,2,0,2,2,Colorado,November,26,Saturday,4:00pm-4:59pm,15,U.S. Highway,Rural,Minor Arterial,State Highway Agency,This section IS NOT on the NHS,No Special Jurisdiction,Guardrail Face,The First Harmful Event was Not a Collision with a Motor Vehicle in Transport,No,Non-Junction,Not an Intersection,On Roadside,,Dark - Lighted,Clear,No,Not Applicable,39.73661944,-105.31694444,JEFFERSON (59),NOT APPLICABLE
80627,2022,1,0,0,1,1,0,2,2,Colorado,November,27,Sunday,5:00am-5:59am,34,Interstate,Rural,Interstate,State Highway Agency,This section IS ON the NHS,No Special Jurisdiction,Guardrail End,The First Harmful Event was Not a Collision with a Motor Vehicle in Transport,Yes,Other location within Interchange Area,Not an Intersection,On Roadside,,Dark - Not Lighted,Freezing Rain or Drizzle,No,Not Applicable,39.26411667,-103.66761389,LINCOLN (73),NOT APPLICABLE
80628,2022,1,0,0,4,4,0,6,6,Colorado,November,23,Wednesday,6:00pm-6:59pm,2,State Highway,Urban,Principal Arterial - Other Freeways and Expressways,State Highway Agency,This section IS ON the NHS,No Special Jurisdiction,Motor Vehicle In-Transport,Angle,No,Non-Junction,Not an Intersection,On Roadway,,Dark - Lighted,Clear,No,Not Applicable,38.86032222,-104.72009444,EL PASO (41),COLORADO SPRINGS
80629,2022,1,0,0,2,2,0,2,2,Colorado,November,29,Tuesday,7:00am-7:59am,50,Local Street - Municipality,Urban,Minor Arterial,City or Municipal Highway Agency,This section IS NOT on the NHS,No Special Jurisdiction,Motor Vehicle In-Transport,Angle,No,Non-Junction,Not an Intersection,On Roadway,,Daylight,Snow,No,Not Applicable,38.8025,-104.78975,EL PASO (41),COLORADO SPRINGS
80630,2022,1,1,1,1,1,0,1,1,Colorado,November,14,Monday,8:00pm-8:59pm,18,Local Street - Municipality,Urban,Principal Arterial - Other Freeways and Expressways,City or Municipal Highway Agency,This section IS ON the NHS,No Special Jurisdiction,Pedestrian,The First Harmful Event was Not a Collision with a Motor Vehicle in Transport,No,Non-Junction,Not an Intersection,On Roadway,,Dark - Lighted,Clear,No,Not Applicable,38.80402222,-104.75761944,EL PASO (41),COLORADO SPRINGS
80631,2022,1,0,0,1,1,0,1,1,Colorado,November,8,Tuesday,1:00pm-1:59pm,48,State Highway,Rural,Major Collector,State Highway Agency,This section IS NOT on the NHS,No Special Jurisdiction,Fence,The First Harmful Event was Not a Collision with a Motor Vehicle in Transport,No,Non-Junction,Not an Intersection,Outside Trafficway,,Daylight,Clear,No,Not Applicable,39.22888889,-108.01265278,MESA (77),NOT APPLICABLE
80632,2022,1,1,1,1,1,0,1,1,Colorado,November,10,Thursday,10:00pm-10:59pm,54,Local Street - Municipality,Urban,Principal Arterial - Other,City or Municipal Highway Agency,This section IS ON the NHS,No Special Jurisdiction,Pedestrian,The First Harmful Event was Not a Collision with a Motor Vehicle in Transport,No,Non-Junction,Not an Intersection,On Roadway,,Dark - Lighted,Clear,No,Not Applicable,39.65305556,-104.82198333,ARAPAHOE (5),AURORA
80633,2022,1,0,0,1,1,0,1,1,Colorado,November,23,Wednesday,9:00pm-9:59pm,15,Local Street - Municipality,Urban,Minor Arterial,City or Municipal Highway Agency,This section IS NOT on the NHS,No Special Jurisdiction,Other Traffic Barrier,The First Harmful Event was Not a Collision with a Motor Vehicle in Transport,No,Non-Junction,Not an Intersection,On Roadside,,Dark - Lighted,Clear,No,Not Applicable,38.24415556,-104.59790556,PUEBLO (101),PUEBLO
80634,2022,1,0,0,1,1,0,1,1,Colorado,November,2,Wednesday,1:00pm-1:59pm,11,U.S. Highway,Urban,Principal Arterial - Other Freeways and Expressways,State Highway Agency,This section IS ON the NHS,No Special Jurisdiction,Concrete Traffic Barrier,The First Harmful Event was Not a Collision with a Motor Vehicle in Transport,Yes,Other location within Interchange Area,Not an Intersection,Separator,,Daylight,Clear,No,Not Applicable,39.72525,-105.02105556,DENVER (31),DENVER
80635,2022,1,0,0,2,2,0,5,5,Colorado,November,20,Sunday,5:00pm-5:59pm,58,Local Street - Municipality,Urban,Principal Arterial - Other,City or Municipal Highway Agency,This section IS ON the NHS,No Special Jurisdiction,Motor Vehicle In-Transport,Angle,No,Intersection,Four-Way Intersection,On Roadway,,Dark - Lighted,Clear,No,Not Applicable,39.67475278,-104.82408333,ARAPAHOE (5),AURORA
80636,2022,1,0,0,2,2,0,2,2,Colorado,November,30,Wednesday,7:00am-7:59am,25,U.S. Highway,Urban,Principal Arterial - Other,State Highway Agency,This section IS ON the NHS,No Special Jurisdiction,Motor Vehicle In-Transport,Angle,No,Intersection,Four-Way Intersection,On Roadway,,Daylight,Clear,No,Not Applicable,37.40044167,-108.62346667,MONTEZUMA (83),NOT APPLICABLE
80637,2022,1,1,1,1,1,0,2,2,Colorado,November,14,Monday,4:00pm-4:59pm,36,Local Street - Municipality,Urban,Principal Arterial - Other,City or Municipal Highway Agency,This section IS ON the NHS,No Special Jurisdiction,Pedestrian,The First Harmful Event was Not a Collision with a Motor Vehicle in Transport,No,Intersection-Related,Four-Way Intersection,On Roadway,,Dusk,Clear,No,Not Applicable,39.69654167,-104.83771667,ARAPAHOE (5),AURORA
80638,2022,1,0,0,2,2,0,4,4,Colorado,November,28,Monday,5:00pm-5:59pm,42,Local Street - Municipality,Urban,Local,City or Municipal Highway Agency,This section IS NOT on the NHS,No Special Jurisdiction,Fell/Jumped from Vehicle,The First Harmful Event was Not a Collision with a Motor Vehicle in Transport,No,Intersection,T-Intersection,On Roadway,,Dark - Not Lighted,Clear,No,Not Applicable,39.85138889,-105.01040278,ADAMS (1),FEDERAL HEIGHTS
80639,2022,1,0,0,2,2,0,5,5,Colorado,November,25,Friday,11:00pm-11:59pm,57,Interstate,Urban,Interstate,State Highway Agency,This section IS ON the NHS,No Special Jurisdiction,Motor Vehicle In-Transport,Front-to-Front,Yes,Through Roadway,Not an Intersection,On Roadway,,Dark - Lighted,Clear,No,Not Applicable,39.78417778,-105.10958333,JEFFERSON (59),WHEAT RIDGE
80640,2022,1,1,1,2,2,0,3,3,Colorado,November,26,Saturday,3:00am-3:59am,4,Local Street - Municipality,Urban,Principal Arterial - Other,City or Municipal Highway Agency,This section IS ON the NHS,No Special Jurisdiction,Pedestrian,The First Harmful Event was Not a Collision with a Motor Vehicle in Transport,No,Intersection,T-Intersection,On Roadway,,Dark - Lighted,Clear,No,Not Applicable,39.68495556,-104.84722222,ARAPAHOE (5),AURORA
80641,2022,1,1,1,1,1,0,1,1,Colorado,November,16,Wednesday,6:00pm-6:59pm,35,Local Street - Municipality,Urban,Minor Arterial,City or Municipal Highway Agency,This section IS NOT on the NHS,No Special Jurisdiction,Non-Motorist on Personal Conveyance,The First Harmful Event was Not a Collision with a Motor Vehicle in Transport,No,Intersection,Four-Way Intersection,On Roadway,,Dark - Lighted,Clear,No,Not Applicable,39.76345556,-104.97725,DENVER (31),DENVER