ST_CASE,YEAR,FATALS,PEDS,PERNOTMVIT,VE_TOTAL,VE_FORMS,PVH_INVL,PERSONS,PERMVIT,STATENAME,MONTHNAME,DAYNAME,DAY_WEEKNAME,HOURNAME,MINUTENAME,ROUTENAME,RUR_URBNAME,FUNC_SYSNAME,RD_OWNERNAME,NHSNAME,SP_JURNAME,HARM_EVNAME,MAN_COLLNAME,RELJCT1NAME,RELJCT2NAME,TYP_INTNAME,REL_ROADNAME,WRK_ZONENAME,LGT_CONDNAME,WEATHERNAME,SCH_BUSNAME,RAILNAME,LATITUDE,LONGITUD,COUNTYNAME,CITYNAME
80642,2022,1,0,0,2,2,0,3,3,Colorado,November,20,Sunday,12:00pm-12:59pm,35,Local Street - Municipality,Urban,Minor Arterial,City or Municipal Highway Agency,This section IS NOT on the NHS,No Special Jurisdiction,Motor Vehicle In-Transport,Front-to-Rear,No,Intersection-Related,Four-Way Intersection,On Roadway,,Daylight,Clear,No,Not Applicable,38.84715556,-104.76627222,EL PASO (41),COLORADO SPRINGS
80643,2022,1,0,0,1,1,0,1,1,Colorado,November,26,Saturday,12:00pm-12:59pm,13,State Highway,Rural,Minor Arterial,State Highway Agency,This section IS NOT on the NHS,No Special Jurisdiction,Culvert,The First Harmful Event was Not a Collision with a Motor Vehicle in Transport,No,Non-Junction,Not an Intersection,On Roadside,,Daylight,Clear,No,Not Applicable,39.27410278,-104.00704167,ELBERT (39),NOT APPLICABLE
80644,2022,1,1,1,1,1,0,1,1,Colorado,November,30,Wednesday,3:00am-3:59am,46,Local Street - Municipality,Urban,Principal Arterial - Other,City or Municipal Highway Agency,This section IS ON the NHS,No Special Jurisdiction,Pedestrian,The First Harmful Event was Not a Collision with a Motor Vehicle in Transport,No,Non-Junction,Not an Intersection,On Roadway,Construction,Dark - Lighted,Clear,No,Not Applicable,39.79836667,-104.78425556,DENVER (31),DENVER
80645,2022,1,0,0,1,1,0,1,1,Colorado,June,26,Sunday,1:00pm-1:59pm,7,Local Street - Municipality,Urban,Local,City or Municipal Highway Agency,This section IS NOT on the NHS,No Special Jurisdiction,Tree (Standing Only),The First Harmful Event was Not a Collision with a Motor Vehicle in Transport,No,Non-Junction,Not an Intersection,On Roadside,,Daylight,Cloudy,No,Not Applicable,39.77521667,-105.04079444,DENVER (31),DENVER
80646,2022,1,1,1,1,1,0,1,1,Colorado,August,5,Friday,2:00am-2:59am,26,Local Street - Municipality,Urban,Minor Arterial,City or Municipal Highway Agency,This section IS NOT on the NHS,No Special Jurisdiction,Pedestrian,The First Harmful Event was Not a Collision with a Motor Vehicle in Transport,No,Non-Junction,Not an Intersection,On Roadside,,Dark - Lighted,Clear,No,Not Applicable,39.64613889,-104.77219444,ARAPAHOE (5),AURORA
80647,2022,1,1,1,1,1,0,2,2,Colorado,December,4,Sunday,5:00pm-5:59pm,12,State Highway,Urban,Principal Arterial - Other Freeways and Expressways,State Highway Agency,This section IS ON the NHS,No Special Jurisdiction,Pedalcyclist,The First Harmful Event was Not a Collision with a Motor Vehicle in Transport,No,Intersection-Related,Four-Way Intersection,On Roadway,,Dark - Lighted,Clear,No,Not Applicable,38.73733333,-104.68274167,EL PASO (41),NOT APPLICABLE
80648,2022,1,1,1,1,1,0,3,3,Colorado,December,2,Friday,6:00pm-6:59pm,40,U.S. Highway,Urban,Principal Arterial - Other,State Highway Agency,This section IS ON the NHS,No Special Jurisdiction,Pedestrian,The First Harmful Event was Not a Collision with a Motor Vehicle in Transport,No,Non-Junction,Not an Intersection,On Roadway,,Dark - Lighted,Clear,No,Not Applicable,38.24559722,-104.577675,PUEBLO (101),NOT APPLICABLE
80649,2022,1,0,0,1,1,0,1,1,Colorado,December,4,Sunday,5:00am-5:59am,37,Interstate,Rural,Interstate,State Highway Agency,This section IS ON the NHS,No Special Jurisdiction,Rollover/Overturn,The First Harmful Event was Not a Collision with a Motor Vehicle in Transport,No,Non-Junction,Not an Intersection,On Median,,Dark - Not Lighted,Clear,No,Not Applicable,39.34582222,-108.18954444,MESA (77),NOT APPLICABLE
80650,2022,1,0,0,1,1,0,2,2,Colorado,December,4,Sunday,11:00pm-11:59pm,11,Local Street - Municipality,Urban,Major Collector,City or Municipal Highway Agency,This section IS NOT on the NHS,No Special Jurisdiction,Curb,The First Harmful Event was Not a Collision with a Motor Vehicle in Transport,No,Intersection-Related,L-Intersection,On Roadside,,Dark - Lighted,Clear,No,Not Applicable,40.16190556,-105.09825556,BOULDER (13),LONGMONT
80651,2022,1,0,0,2,2,0,4,4,Colorado,December,5,Monday,10:00am-10:59am,28,Interstate,Urban,Interstate,State Highway Agency,This section IS ON the NHS,No Special Jurisdiction,Motor Vehicle In-Transport,Front-to-Rear,No,Non-Junction,Not an Intersection,On Roadway,,Daylight,Clear,No,Not Applicable,39.70395,-105.20083333,JEFFERSON (59),NOT APPLICABLE
80652,2022,1,0,0,2,2,0,2,2,Colorado,December,2,Friday,3:00pm-3:59pm,5,U.S. Highway,Urban,Principal Arterial - Other,State Highway Agency,This section IS ON the NHS,No Special Jurisdiction,Motor Vehicle In-Transport,Angle,No,Intersection,Four-Way Intersection,On Roadway,,Daylight,Clear,No,Not Applicable,40.34936111,-105.07397778,LARIMER (69),LOVELAND
80653,2022,1,0,0,3,3,0,4,4,Colorado,December,10,Saturday,2:00am-2:59am,34,Interstate,Urban,Interstate,State Highway Agency,This section IS ON the NHS,No Special Jurisdiction,Motor Vehicle In-Transport,Sideswipe - Opposite Direction,No,Non-Junction,Not an Intersection,On Roadway,,Dark - Not Lighted,Clear,No,Not Applicable,39.99028889,-104.98609444,ADAMS (1),NOT APPLICABLE
80654,2022,1,1,1,1,1,0,2,2,Colorado,December,6,Tuesday,7:00pm-7:59pm,33,U.S. Highway,Urban,Minor Arterial,State Highway Agency,This section IS NOT on the NHS,No Special Jurisdiction,Pedestrian,The First Harmful Event was Not a Collision with a Motor Vehicle in Transport,No,Non-Junction,Not an Intersection,On Roadway,,Dark - Lighted,Clear,No,Not Applicable,39.077275,-108.52206111,MESA (77),GRAND JUNCTION
80655,2022,1,0,0,1,1,0,1,1,Colorado,December,7,Wednesday,10:00pm-10:59pm,20,Interstate,Rural,Interstate,State Highway Agency,This section IS ON the NHS,No Special Jurisdiction,Rollover/Overturn,The First Harmful Event was Not a Collision with a Motor Vehicle in Transport,No,Non-Junction,Not an Intersection,On Roadside,,Dark - Not Lighted,Clear,No,Not Applicable,39.294,-102.3374,KIT CARSON (63),NOT APPLICABLE
80656,2022,1,0,0,1,1,0,1,1,Colorado,December,8,Thursday,8:00pm-8:59pm,53,State Highway,Rural,Minor Arterial,State Highway Agency,This section IS NOT on the NHS,No Special Jurisdiction,"Post, Pole or Other Supports",The First Harmful Event was Not a Collision with a Motor Vehicle in Transport,No,Non-Junction,Not an Intersection,On Roadside,,Dark - Not Lighted,Clear,No,Not Applicable,38.12507222,-108.20833333,SAN MIGUEL (113),NOT APPLICABLE
80657,2022,1,0,0,2,2,0,3,3,Colorado,December,9,Friday,7:00pm-7:59pm,50,U.S. Highway,Rural,Principal Arterial - Other,State Highway Agency,This section IS ON the NHS,No Special Jurisdiction,Motor Vehicle In-Transport,Front-to-Front,No,Non-Junction,Not an Intersection,On Roadway,,Dark - Not Lighted,Clear,No,Not Applicable,38.77685,-102.73616389,CHEYENNE (17),NOT APPLICABLE
80658,2022,1,0,0,1,1,0,1,1,Colorado,December,9,Friday,8:00pm-8:59pm,30,U.S. Highway,Rural,Principal Arterial - Other,State Highway Agency,This section IS ON the NHS,No Special Jurisdiction,"Post, Pole or Other Supports",The First Harmful Event was Not a Collision with a Motor Vehicle in Transport,No,Non-Junction,Not an Intersection,On Roadside,,Dark - Not Lighted,Clear,No,Not Applicable,37.23611111,-107.17615278,ARCHULETA (7),NOT APPLICABLE
80659,2022,1,0,0,1,1,0,1,1,Colorado,December,11,Sunday,5:00am-5:59am,14,County Road,Rural,Local,County Highway Agency,This section IS NOT on the NHS,No Special Jurisdiction,Rollover/Overturn,The First Harmful Event was Not a Collision with a Motor Vehicle in Transport,No,Non-Junction,Not an Intersection,On Roadside,,Dark - Not Lighted,Clear,No,Not Applicable,39.30183889,-102.20131111,KIT CARSON (63),NOT APPLICABLE
80660,2022,1,1,1,1,1,0,1,1,Colorado,December,7,Wednesday,5:00pm-5:59pm,34,U.S. Highway,Urban,Minor Arterial,State Highway Agency,This section IS NOT on the NHS,No Special Jurisdiction,Pedestrian,The First Harmful Event was Not a Collision with a Motor Vehicle in Transport,No,Intersection-Related,T-Intersection,On Roadway,,Dark - Lighted,Rain,No,Not Applicable,39.07718889,-108.51987778,MESA (77),GRAND JUNCTION
80661,2022,1,1,1,1,1,0,1,1,Colorado,December,11,Sunday,6:00pm-6:59pm,51,Interstate,Urban,Interstate,State Highway Agency,This section IS ON the NHS,No Special Jurisdiction,Pedestrian,The First Harmful Event was Not a Collision with a Motor Vehicle in Transport,Yes,Through Roadway,Not an Intersection,On Roadway,,Dark - Lighted,Clear,No,Not Applicable,39.78645833,-105.07958889,JEFFERSON (59),ARVADA
80662,2022,2,0,0,2,2,0,3,3,Colorado,December,13,Tuesday,7:00pm-7:59pm,15,U.S. Highway,Rural,Principal Arterial - Other Freeways and Expressways,State Highway Agency,This section IS ON the NHS,No Special Jurisdiction,Motor Vehicle In-Transport,Front-to-Front,No,Non-Junction,Not an Intersection,On Roadway,,Dark - Not Lighted,Clear,No,Not Applicable,40.22201111,-105.10236111,BOULDER (13),NOT APPLICABLE
80663,2022,1,0,0,1,1,0,1,1,Colorado,December,12,Monday,11:00pm-11:59pm,30,Interstate,Rural,Interstate,State Highway Agency,This section IS ON the NHS,No Special Jurisdiction,Rollover/Overturn,The First Harmful Event was Not a Collision with a Motor Vehicle in Transport,No,Non-Junction,Not an Intersection,On Roadside,,Dark - Not Lighted,"Fog, Smog, Smoke",No,Not Applicable,39.5725,-104.01769444,ARAPAHOE (5),NOT APPLICABLE
80664,2022,1,0,0,3,1,2,1,1,Colorado,December,14,Wednesday,0:00am-0:59am,51,U.S. Highway,Urban,Principal Arterial - Other,State Highway Agency,This section IS ON the NHS,No Special Jurisdiction,Utility Pole/Light Support,The First Harmful Event was Not a Collision with a Motor Vehicle in Transport,No,Non-Junction,Not an Intersection,On Roadside,,Dark - Lighted,Clear,No,Not Applicable,39.82290556,-105.02485278,ADAMS (1),NOT APPLICABLE
80665,2022,1,0,1,2,1,1,2,1,Colorado,December,14,Wednesday,11:00am-11:59am,25,Interstate,Urban,Interstate,State Highway Agency,This section IS ON the NHS,No Special Jurisdiction,Parked Motor Vehicle,The First Harmful Event was Not a Collision with a Motor Vehicle in Transport,Yes,Other location within Interchange Area,Not an Intersection,On Shoulder,,Daylight,Clear,No,Not Applicable,39.74009444,-104.71698889,ARAPAHOE (5),NOT APPLICABLE
80666,2022,1,1,1,1,1,0,1,1,Colorado,December,14,Wednesday,6:00am-6:59am,39,County Road,Urban,Minor Arterial,County Highway Agency,This section IS NOT on the NHS,No Special Jurisdiction,Non-Motorist on Personal Conveyance,The First Harmful Event was Not a Collision with a Motor Vehicle in Transport,No,Non-Junction,Not an Intersection,On Roadway,,Dark - Not Lighted,Clear,No,Not Applicable,38.78579444,-104.77570278,EL PASO (41),NOT APPLICABLE
80667,2022,1,0,0,2,2,0,4,4,Colorado,December,10,Saturday,8:00pm-8:59pm,45,Local Street - Municipality,Urban,Principal Arterial - Other,City or Municipal Highway Agency,This section IS ON the NHS,No Special Jurisdiction,Motor Vehicle In-Transport,Angle,No,Intersection,T-Intersection,On Roadway,,Dark - Lighted,Clear,No,Not Applicable,39.64598333,-104.79120833,ARAPAHOE (5),AURORA
80668,2022,1,0,0,3,3,0,4,4,Colorado,December,15,Thursday,7:00pm-7:59pm,41,Interstate,Urban,Interstate,State Highway Agency,This section IS ON the NHS,No Special Jurisdiction,Motor Vehicle In-Transport,Sideswipe - Same Direction,No,Non-Junction,Not an Intersection,On Roadway,,Dark - Lighted,Clear,No,Not Applicable,39.63901111,-104.91008889,DENVER (31),DENVER
80669,2022,1,0,0,3,3,0,4,4,Colorado,December,18,Sunday,4:00pm-4:59pm,3,Local Street - Municipality,Urban,Minor Arterial,City or Municipal Highway Agency,This section IS NOT on the NHS,No Special Jurisdiction,Motor Vehicle In-Transport,Front-to-Rear,No,Intersection-Related,T-Intersection,On Roadway,,Daylight,Clear,No,Not Applicable,40.13791667,-105.12464444,BOULDER (13),LONGMONT
80670,2022,1,0,0,1,1,0,1,1,Colorado,December,23,Friday,9:00am-9:59am,15,County Road,Rural,Major Collector,County Highway Agency,This section IS NOT on the NHS,No Special Jurisdiction,Traffic Sign Support,The First Harmful Event was Not a Collision with a Motor Vehicle in Transport,No,Intersection-Related,T-Intersection,On Roadside,,Daylight,Clear,No,Not Applicable,37.64733889,-106.07542222,RIO GRANDE (105),NOT APPLICABLE
80671,2022,1,0,0,2,2,0,3,3,Colorado,December,24,Saturday,5:00am-5:59am,50,U.S. Highway,Rural,Principal Arterial - Other,State Highway Agency,This section IS ON the NHS,No Special Jurisdiction,Motor Vehicle In-Transport,Front-to-Front,No,Non-Junction,Not an Intersection,On Roadway,,Dark - Not Lighted,Clear,No,Not Applicable,38.76933333,-102.86083333,CHEYENNE (17),NOT APPLICABLE
80672,2022,1,0,0,1,1,0,1,1,Colorado,December,24,Saturday,1:00am-1:59am,0,Interstate,Rural,Interstate,State Highway Agency,This section IS ON the NHS,No Special Jurisdiction,Guardrail End,The First Harmful Event was Not a Collision with a Motor Vehicle in Transport,Yes,Other location within Interchange Area,Not an Intersection,On Median,,Dark - Not Lighted,Clear,No,Not Applicable,39.52027222,-107.84529444,GARFIELD (45),NOT APPLICABLE
80673,2022,1,0,0,2,2,0,3,3,Colorado,December,25,Sunday,10:00am-10:59am,6,U.S. Highway,Urban,Principal Arterial - Other Freeways and Expressways,State Highway Agency,This section IS ON the NHS,No Special Jurisdiction,Concrete Traffic Barrier,The First Harmful Event was Not a Collision with a Motor Vehicle in Transport,Yes,Other location within Interchange Area,Not an Intersection,On Median,,Daylight,Cloudy,No,Not Applicable,39.82755556,-104.97925,ADAMS (1),NOT APPLICABLE
80674,2022,1,0,0,4,4,0,8,8,Colorado,December,26,Monday,6:00pm-6:59pm,34,State Highway,Rural,Minor Arterial,State Highway Agency,This section IS NOT on the NHS,No Special Jurisdiction,Motor Vehicle In-Transport,Front-to-Front,No,Non-Junction,Not an Intersection,On Roadway,Construction,Dark - Not Lighted,Clear,No,Not Applicable,38.67861944,-104.84813333,EL PASO (41),NOT APPLICABLE
80675,2022,1,1,1,1,1,0,0,0,Colorado,December,18,Sunday,4:00pm-4:59pm,39,Local Street - Municipality,Urban,Local,City or Municipal Highway Agency,This section IS NOT on the NHS,No Special Jurisdiction,Pedestrian,The First Harmful Event was Not a Collision with a Motor Vehicle in Transport,No,Non-Junction,Not an Intersection,On Roadway,,Dark - Not Lighted,Clear,No,Not Applicable,39.72232778,-105.03607778,DENVER (31),DENVER
80676,2022,1,0,0,2,2,0,2,2,Colorado,December,24,Saturday,1:00pm-1:59pm,1,U.S. Highway,Urban,Principal Arterial - Other,State Highway Agency,This section IS ON the NHS,No Special Jurisdiction,Motor Vehicle In-Transport,Angle,No,Intersection,Four-Way Intersection,On Roadway,,Daylight,Clear,No,Not Applicable,39.74038333,-105.05792222,JEFFERSON (59),LAKEWOOD
80677,2022,1,1,1,1,1,0,1,1,Colorado,December,24,Saturday,7:00pm-7:59pm,35,Local Street - Municipality,Urban,Major Collector,City or Municipal Highway Agency,This section IS NOT on the NHS,No Special Jurisdiction,Pedestrian,The First Harmful Event was Not a Collision with a Motor Vehicle in Transport,No,Non-Junction,Not an Intersection,On Roadway,,Dark - Not Lighted,Clear,No,Not Applicable,39.68948333,-105.05976111,JEFFERSON (59),LAKEWOOD
80678,2022,1,0,0,2,2,0,11,11,Colorado,December,24,Saturday,11:00pm-11:59pm,26,U.S. Highway,Urban,Principal Arterial - Other,State Highway Agency,This section IS ON the NHS,No Special Jurisdiction,Motor Vehicle In-Transport,Angle,No,Intersection,T-Intersection,On Roadway,,Dark - Lighted,Clear,No,Not Applicable,38.86397222,-104.66363333,EL PASO (41),NOT APPLICABLE
80679,2022,1,0,0,1,1,0,1,1,Colorado,December,26,Monday,0:00am-0:59am,49,Local Street - Municipality,Urban,Principal Arterial - Other,City or Municipal Highway Agency,This section IS ON the NHS,No Special Jurisdiction,Traffic Signal Support,The First Harmful Event was Not a Collision with a Motor Vehicle in Transport,Yes,Intersection-Related,Four-Way Intersection,On Roadside,,Dark - Lighted,Clear,No,Not Applicable,39.91416667,-104.78315833,ADAMS (1),COMMERCE CITY
80680,2022,1,0,0,1,1,0,1,1,Colorado,December,25,Sunday,7:00pm-7:59pm,18,County Road,Rural,Major Collector,County Highway Agency,This section IS NOT on the NHS,No Special Jurisdiction,Embankment,The First Harmful Event was Not a Collision with a Motor Vehicle in Transport,No,Intersection-Related,T-Intersection,Outside Trafficway,,Dark - Not Lighted,Clear,No,Not Applicable,40.34911944,-104.90600278,WELD (123),NOT APPLICABLE
80681,2022,1,1,1,1,1,0,1,1,Colorado,December,29,Thursday,7:00pm-7:59pm,53,Local Street - Municipality,Urban,Principal Arterial - Other,City or Municipal Highway Agency,This section IS ON the NHS,No Special Jurisdiction,Pedestrian,The First Harmful Event was Not a Collision with a Motor Vehicle in Transport,No,Non-Junction,Not an Intersection,On Roadway,,Dark - Lighted,Clear,No,Not Applicable,39.86345556,-105.04592222,ADAMS (1),WESTMINSTER
80682,2022,1,0,0,1,1,0,1,1,Colorado,December,31,Saturday,6:00pm-6:59pm,30,Local Street - Municipality,Urban,Local,City or Municipal Highway Agency,This section IS NOT on the NHS,No Special Jurisdiction,Tree (Standing Only),The First Harmful Event was Not a Collision with a Motor Vehicle in Transport,No,Non-Junction,Not an Intersection,On Roadside,,Dark - Lighted,Clear,No,Not Applicable,39.98704444,-104.80070556,ADAMS (1),BRIGHTON
80683,2022,1,1,1,1,1,0,2,2,Colorado,December,31,Saturday,9:00pm-9:59pm,53,Interstate,Urban,Interstate,State Highway Agency,This section IS ON the NHS,No Special Jurisdiction,Pedestrian,The First Harmful Event was Not a Collision with a Motor Vehicle in Transport,No,Non-Junction,Not an Intersection,On Roadway,,Dark - Lighted,Clear,No,Not Applicable,39.73336944,-104.82527778,ARAPAHOE (5),AURORA
80684,2022,1,0,0,1,1,0,1,1,Colorado,December,31,Saturday,1:00am-1:59am,30,County Road,Urban,Minor Arterial,County Highway Agency,This section IS NOT on the NHS,No Special Jurisdiction,Ditch,The First Harmful Event was Not a Collision with a Motor Vehicle in Transport,No,Non-Junction,Not an Intersection,On Roadside,,Dark - Not Lighted,Clear,No,Not Applicable,38.31113889,-104.79130556,PUEBLO (101),PUEBLO WEST
80685,2022,1,1,1,1,1,0,4,4,Colorado,December,23,Friday,6:00pm-6:59pm,28,Local Street - Municipality,Urban,Principal Arterial - Other,City or Municipal Highway Agency,This section IS ON the NHS,No Special Jurisdiction,Pedestrian,The First Harmful Event was Not a Collision with a Motor Vehicle in Transport,No,Non-Junction,Not an Intersection,On Roadway,,Dark - Lighted,Clear,No,Not Applicable,38.81651111,-104.82229722,EL PASO (41),COLORADO SPRINGS
80686,2022,1,0,0,1,1,0,1,1,Colorado,December,26,Monday,10:00pm-10:59pm,21,Interstate,Urban,Interstate,State Highway Agency,This section IS ON the NHS,No Special Jurisdiction,Concrete Traffic Barrier,The First Harmful Event was Not a Collision with a Motor Vehicle in Transport,Yes,Entrance/Exit Ramp Related,Not an Intersection,Separator,,Dark - Lighted,Clear,No,Not Applicable,39.77963889,-104.98570556,DENVER (31),DENVER
80687,2022,1,0,0,1,1,0,2,2,Colorado,December,28,Wednesday,2:00am-2:59am,15,Local Street - Municipality,Urban,Principal Arterial - Other,City or Municipal Highway Agency,This section IS ON the NHS,No Special Jurisdiction,Curb,The First Harmful Event was Not a Collision with a Motor Vehicle in Transport,No,Non-Junction,Not an Intersection,On Median,,Dark - Lighted,Clear,No,Not Applicable,38.85655556,-104.82057222,EL PASO (41),COLORADO SPRINGS
80688,2022,1,1,1,1,1,0,1,1,Colorado,December,18,Sunday,2:00pm-2:59pm,23,U.S. Highway,Urban,Principal Arterial - Other,State Highway Agency,This section IS ON the NHS,No Special Jurisdiction,Pedalcyclist,The First Harmful Event was Not a Collision with a Motor Vehicle in Transport,No,Intersection,Four-Way Intersection,On Roadway,,Daylight,Clear,No,Not Applicable,39.76556389,-105.025325,DENVER (31),DENVER
80689,2022,1,0,0,1,1,0,1,1,Colorado,December,20,Tuesday,7:00pm-7:59pm,18,Interstate,Urban,Interstate,State Highway Agency,This section IS ON the NHS,No Special Jurisdiction,Concrete Traffic Barrier,The First Harmful Event was Not a Collision with a Motor Vehicle in Transport,Yes,Other location within Interchange Area,Not an Intersection,Separator,,Dark - Lighted,Clear,No,Not Applicable,39.70652778,-105.19829444,JEFFERSON (59),NOT APPLICABLE
80690,2022,1,0,0,2,2,0,3,3,Colorado,December,24,Saturday,8:00pm-8:59pm,30,Local Street - Municipality,Urban,Major Collector,City or Municipal Highway Agency,This section IS NOT on the NHS,No Special Jurisdiction,Motor Vehicle In-Transport,Angle,No,Intersection,T-Intersection,On Roadway,,Dark - Lighted,Clear,No,Not Applicable,39.682,-104.82827778,ARAPAHOE (5),AURORA
80691,2022,1,1,1,1,1,0,1,1,Colorado,December,9,Friday,8:00pm-8:59pm,31,State Highway,Urban,Principal Arterial - Other,State Highway Agency,This section IS ON the NHS,No Special Jurisdiction,Pedalcyclist,The First Harmful Event was Not a Collision with a Motor Vehicle in Transport,No,Intersection-Related,Four-Way Intersection,On Roadway,,Dark - Lighted,Clear,No,Not Applicable,39.76923056,-105.05318611,DENVER (31),DENVER
80692,2022,1,0,0,2,2,0,3,3,Colorado,June,20,Monday,11:00pm-11:59pm,24,Local Street - Municipality,Urban,Principal Arterial - Other,City or Municipal Highway Agency,This section IS ON the NHS,No Special Jurisdiction,Motor Vehicle In-Transport,Angle,No,Intersection,Four-Way Intersection,On Roadway,,Dark - Lighted,Clear,No,Not Applicable,39.71127222,-104.84713889,ARAPAHOE (5),AURORA
80693,2022,1,0,0,3,3,0,5,5,Colorado,July,16,Saturday,11:00am-11:59am,52,Local Street - Municipality,Urban,Principal Arterial - Other,City or Municipal Highway Agency,This section IS ON the NHS,No Special Jurisdiction,Motor Vehicle In-Transport,Angle,Yes,Intersection,Four-Way Intersection,On Roadway,,Daylight,Clear,No,Not Applicable,39.77273333,-104.78988889,ADAMS (1),AURORA
80694,2022,1,1,1,1,1,0,1,1,Colorado,September,21,Wednesday,8:00pm-8:59pm,13,Local Street - Municipality,Urban,Principal Arterial - Other,City or Municipal Highway Agency,This section IS ON the NHS,No Special Jurisdiction,Pedestrian,The First Harmful Event was Not a Collision with a Motor Vehicle in Transport,No,Intersection-Related,Four-Way Intersection,On Roadway,,Dark - Lighted,Rain,No,Not Applicable,39.73575556,-104.80997222,ARAPAHOE (5),AURORA
80695,2022,1,0,0,2,2,0,3,3,Colorado,October,23,Sunday,6:00pm-6:59pm,4,U.S. Highway,Urban,Principal Arterial - Other,State Highway Agency,This section IS ON the NHS,No Special Jurisdiction,Motor Vehicle In-Transport,Angle,No,Driveway Access Related,Not an Intersection,On Roadway,,Dusk,Rain,No,Not Applicable,39.04688333,-108.56311111,MESA (77),GRAND JUNCTION
80696,2022,1,1,1,1,1,0,1,1,Colorado,December,6,Tuesday,8:00pm-8:59pm,12,State Highway,Urban,Principal Arterial - Other,State Highway Agency,This section IS ON the NHS,No Special Jurisdiction,Pedestrian,The First Harmful Event was Not a Collision with a Motor Vehicle in Transport,No,Non-Junction,Not an Intersection,On Roadway,,Dark - Not Lighted,Clear,No,Not Applicable,39.58527778,-106.09444444,SUMMIT (117),FRISCO
80697,2022,1,2,2,1,1,0,1,1,Colorado,November,12,Saturday,4:00am-4:59am,26,Local Street - Municipality,Urban,Minor Arterial,City or Municipal Highway Agency,This section IS NOT on the NHS,No Special Jurisdiction,Pedestrian,The First Harmful Event was Not a Collision with a Motor Vehicle in Transport,No,Intersection-Related,Four-Way Intersection,On Roadway,,Dark - Lighted,Clear,No,Not Applicable,39.74496667,-104.99438889,DENVER (31),DENVER
80698,2022,1,1,1,1,1,0,1,1,Colorado,June,18,Saturday,0:00am-0:59am,30,State Highway,Urban,Principal Arterial - Other,State Highway Agency,This section IS ON the NHS,No Special Jurisdiction,Pedestrian,The First Harmful Event was Not a Collision with a Motor Vehicle in Transport,No,Non-Junction,Not an Intersection,On Roadway,,Dark - Lighted,Clear,No,Not Applicable,39.74033889,-104.94060278,DENVER (31),DENVER
80699,2022,1,0,0,1,1,0,2,2,Colorado,May,29,Sunday,5:00am-5:59am,41,Local Street - Township,Rural,Local,Town or Township Highway Agency,This section IS NOT on the NHS,No Special Jurisdiction,Rollover/Overturn,The First Harmful Event was Not a Collision with a Motor Vehicle in Transport,No,Intersection-Related,L-Intersection,On Roadside,,Dawn,Clear,No,Not Applicable,37.38986111,-102.61413889,BACA (9),SPRINGFIELD
80700,2022,1,0,0,2,2,0,2,2,Colorado,September,26,Monday,1:00pm-1:59pm,59,Local Street - Municipality,Urban,Minor Arterial,City or Municipal Highway Agency,This section IS NOT on the NHS,No Special Jurisdiction,Motor Vehicle In-Transport,Angle,No,Intersection,Four-Way Intersection,On Roadway,,Daylight,Clear,No,Not Applicable,40.58143611,-105.07194444,LARIMER (69),FORT COLLINS
80701,2022,1,0,0,1,1,0,4,4,Colorado,November,13,Sunday,4:00am-4:59am,51,U.S. Highway,Urban,Principal Arterial - Other Freeways and Expressways,State Highway Agency,This section IS ON the NHS,No Special Jurisdiction,Curb,The First Harmful Event was Not a Collision with a Motor Vehicle in Transport,No,Non-Junction,Not an Intersection,On Roadside,,Dark - Lighted,Clear,No,Not Applicable,39.6904,-104.99232778,DENVER (31),DENVER
80702,2022,1,0,0,1,1,0,1,1,Colorado,December,20,Tuesday,10:00pm-10:59pm,0,Local Street - Municipality,Urban,Major Collector,City or Municipal Highway Agency,This section IS NOT on the NHS,No Special Jurisdiction,Boulder,The First Harmful Event was Not a Collision with a Motor Vehicle in Transport,No,Non-Junction,Not an Intersection,On Roadside,,Dark - Not Lighted,Clear,No,Not Applicable,38.4897,-107.88455833,MONTROSE (85),MONTROSE
80001,2023,1,1,1,1,1,0,1,1,Colorado,January,1,Sunday,3:00am-3:59am,1,County,Urban,Minor Arterial,County Highway Agency,This Section IS NOT on the NHS,No Special Jurisdiction,Pedalcyclist,The First Harmful Event was Not a Collision with a Motor Vehicle in Transport,No,Non-Junction,Not an Intersection,On Median,,Dark - Not Lighted,Clear,No,Not Applicable,38.73736944,-104.70623611,EL PASO (41),NOT APPLICABLE
80002,2023,1,1,1,1,1,0,3,3,Colorado,January,2,Monday,9:00pm-9:59pm,49,U.S. Highway,Urban,Minor Arterial,State Highway Agency,This Section IS NOT on the NHS,No Special Jurisdiction,Pedestrian,The First Harmful Event was Not a Collision with a Motor Vehicle in Transport,Yes,Through Roadway,Not an Intersection,On Roadway,,Dark - Lighted,Cloudy,No,Not Applicable,38.76863333,-104.76158333,EL PASO (41),NOT APPLICABLE
80003,2023,1,0,0,2,2,0,1,1,Colorado,January,3,Tuesday,1:00am-1:59am,28,Interstate,Urban,Interstate,State Highway Agency,This Section IS ON the NHS,No Special Jurisdiction,Motor Vehicle In-Transport,Rear-to-Side,Yes,Through Roadway,Not an Intersection,On Roadway,,Dark - Lighted,Clear,No,Not Applicable,39.63058611,-104.90523333,DENVER (31),DENVER