ST_CASE,YEAR,FATALS,PEDS,PERNOTMVIT,VE_TOTAL,VE_FORMS,PVH_INVL,PERSONS,PERMVIT,STATENAME,MONTHNAME,DAYNAME,DAY_WEEKNAME,HOURNAME,MINUTENAME,ROUTENAME,RUR_URBNAME,FUNC_SYSNAME,RD_OWNERNAME,NHSNAME,SP_JURNAME,HARM_EVNAME,MAN_COLLNAME,RELJCT1NAME,RELJCT2NAME,TYP_INTNAME,REL_ROADNAME,WRK_ZONENAME,LGT_CONDNAME,WEATHERNAME,SCH_BUSNAME,RAILNAME,LATITUDE,LONGITUD,COUNTYNAME,CITYNAME
80070,2023,1,0,0,1,1,0,1,1,Colorado,February,16,Thursday,6:00am-6:59am,19,Interstate,Urban,Interstate,State Highway Agency,This Section IS ON the NHS,No Special Jurisdiction,Cable Barrier,The First Harmful Event was Not a Collision with a Motor Vehicle in Transport,Yes,Other location within Interchange Area,Not an Intersection,On Median,,Dawn,Clear,No,Not Applicable,38.33696111,-104.61946667,PUEBLO (101),PUEBLO
80071,2023,1,0,0,1,1,0,1,1,Colorado,February,19,Sunday,2:00am-2:59am,0,Municipal,Urban,Minor Arterial,City or Municipal Highway Agency,This Section IS NOT on the NHS,No Special Jurisdiction,Other Fixed Object,The First Harmful Event was Not a Collision with a Motor Vehicle in Transport,No,Non-Junction,Not an Intersection,On Roadside,,Dark - Not Lighted,Clear,No,Not Applicable,38.31540556,-104.81433611,PUEBLO (101),PUEBLO WEST
80072,2023,1,0,0,2,2,0,3,3,Colorado,February,19,Sunday,6:00pm-6:59pm,43,U.S. Highway,Urban,Other Freeways and Expressways,State Highway Agency,This Section IS ON the NHS,No Special Jurisdiction,Motor Vehicle In-Transport,Sideswipe - Same Direction,No,Non-Junction,Not an Intersection,On Roadway,,Dusk,Clear,No,Not Applicable,39.72554444,-105.06504444,JEFFERSON (59),LAKEWOOD
80073,2023,1,0,0,2,2,0,2,2,Colorado,February,21,Tuesday,1:00pm-1:59pm,15,Interstate,Urban,Interstate,State Highway Agency,This Section IS ON the NHS,No Special Jurisdiction,Motor Vehicle In-Transport,Sideswipe - Same Direction,Yes,Through Roadway,Not an Intersection,On Roadway,,Daylight,Clear,No,Not Applicable,38.80472222,-104.80215,EL PASO (41),COLORADO SPRINGS
80074,2023,1,0,0,1,1,0,2,2,Colorado,February,19,Sunday,6:00pm-6:59pm,11,Not Signed,Urban,Local,Not Reported,This Section IS NOT on the NHS,No Special Jurisdiction,Fence,The First Harmful Event was Not a Collision with a Motor Vehicle in Transport,No,Non-Junction,Not an Intersection,Separator,,Dark - Not Lighted,Clear,No,Not Applicable,39.10861111,-108.50143611,MESA (77),GRAND JUNCTION
80075,2023,1,0,0,1,1,0,3,3,Colorado,February,28,Tuesday,0:00am-0:59am,40,Municipal,Urban,Major Collector,City or Municipal Highway Agency,This Section IS NOT on the NHS,No Special Jurisdiction,Fence,The First Harmful Event was Not a Collision with a Motor Vehicle in Transport,No,Non-Junction,Not an Intersection,Outside Trafficway,,Dark - Not Lighted,Clear,No,Not Applicable,39.07728333,-108.49277778,MESA (77),GRAND JUNCTION
80076,2023,1,0,0,2,2,0,3,3,Colorado,February,8,Wednesday,11:00pm-11:59pm,53,State Highway,Urban,Other Principal Arterial,State Highway Agency,This Section IS ON the NHS,No Special Jurisdiction,Motor Vehicle In-Transport,Angle,No,Non-Junction,Not an Intersection,On Roadway,,Dark - Not Lighted,Not Reported,No,Not Applicable,40.01471111,-105.12555556,BOULDER (13),LAFAYETTE
80077,2023,1,1,1,1,1,0,1,1,Colorado,February,25,Saturday,6:00pm-6:59pm,38,U.S. Highway,Urban,Other Principal Arterial,State Highway Agency,This Section IS ON the NHS,No Special Jurisdiction,Pedestrian,The First Harmful Event was Not a Collision with a Motor Vehicle in Transport,No,Intersection-Related,Four-Way Intersection,On Roadway,,Dark - Lighted,Clear,No,Not Applicable,40.42298056,-104.72228889,WELD (123),GREELEY
80078,2023,1,0,0,1,1,0,1,1,Colorado,February,5,Sunday,4:00pm-4:59pm,15,Municipal,Urban,Minor Arterial,City or Municipal Highway Agency,This Section IS NOT on the NHS,No Special Jurisdiction,Rollover/Overturn,The First Harmful Event was Not a Collision with a Motor Vehicle in Transport,No,Non-Junction,Not an Intersection,On Roadway,,Daylight,Clear,No,Not Applicable,40.1804,-105.11654167,BOULDER (13),LONGMONT
80079,2023,1,0,0,1,1,0,4,4,Colorado,February,24,Friday,6:00pm-6:59pm,49,State Highway,Urban,Other Freeways and Expressways,State Highway Agency,This Section IS ON the NHS,No Special Jurisdiction,Rollover/Overturn,The First Harmful Event was Not a Collision with a Motor Vehicle in Transport,No,Non-Junction,Not an Intersection,On Roadside,,Dark - Lighted,Clear,No,Not Applicable,38.91702778,-104.71984722,EL PASO (41),COLORADO SPRINGS
80080,2023,1,0,0,4,4,0,10,10,Colorado,February,11,Saturday,6:00pm-6:59pm,23,Municipal,Urban,Major Collector,City or Municipal Highway Agency,This Section IS NOT on the NHS,No Special Jurisdiction,Motor Vehicle In-Transport,Front-to-Rear,No,Intersection-Related,Four-Way Intersection,On Roadway,,Dark - Lighted,Clear,No,Not Applicable,39.69518889,-104.82771667,ARAPAHOE (5),AURORA
80081,2023,1,1,1,1,1,0,4,4,Colorado,February,13,Monday,11:00am-11:59am,39,Municipal,Urban,Minor Arterial,City or Municipal Highway Agency,This Section IS NOT on the NHS,No Special Jurisdiction,Pedalcyclist,The First Harmful Event was Not a Collision with a Motor Vehicle in Transport,No,Intersection-Related,Four-Way Intersection,On Roadway,,Daylight,Cloudy,No,Not Applicable,40.52355556,-105.04890833,LARIMER (69),FORT COLLINS
80082,2023,1,1,1,1,1,0,1,1,Colorado,February,26,Sunday,8:00pm-8:59pm,15,Municipal,Urban,Minor Arterial,City or Municipal Highway Agency,This Section IS NOT on the NHS,No Special Jurisdiction,Pedestrian,The First Harmful Event was Not a Collision with a Motor Vehicle in Transport,No,Non-Junction,Not an Intersection,On Roadway,,Dark - Not Lighted,Not Reported,No,Not Applicable,38.27838333,-104.57323611,PUEBLO (101),PUEBLO
80083,2023,1,0,0,2,2,0,2,2,Colorado,February,27,Monday,4:00pm-4:59pm,21,Municipal,Urban,Minor Arterial,City or Municipal Highway Agency,This Section IS NOT on the NHS,No Special Jurisdiction,Motor Vehicle In-Transport,Angle,No,Intersection,Four-Way Intersection,On Roadway,,Daylight,Clear,No,Not Applicable,38.84494444,-104.78726667,EL PASO (41),COLORADO SPRINGS
80084,2023,1,0,0,1,1,0,1,1,Colorado,February,27,Monday,9:00pm-9:59pm,8,Municipal,Urban,Other Principal Arterial,City or Municipal Highway Agency,This Section IS ON the NHS,No Special Jurisdiction,Curb,The First Harmful Event was Not a Collision with a Motor Vehicle in Transport,No,Non-Junction,Not an Intersection,On Roadside,,Dark - Lighted,Clear,No,Not Applicable,38.88557778,-104.73651389,EL PASO (41),COLORADO SPRINGS
80085,2023,1,0,0,1,1,0,1,1,Colorado,February,18,Saturday,3:00pm-3:59pm,48,Municipal,Urban,Local,City or Municipal Highway Agency,This Section IS NOT on the NHS,No Special Jurisdiction,Building,The First Harmful Event was Not a Collision with a Motor Vehicle in Transport,No,Intersection-Related,Four-Way Intersection,Outside Trafficway,,Daylight,Clear,No,Not Applicable,39.72715833,-104.98011111,DENVER (31),DENVER
80086,2023,1,1,1,1,1,0,1,1,Colorado,February,2,Thursday,9:00pm-9:59pm,15,Municipal,Urban,Other Principal Arterial,City or Municipal Highway Agency,This Section IS ON the NHS,No Special Jurisdiction,Pedestrian,The First Harmful Event was Not a Collision with a Motor Vehicle in Transport,No,Intersection-Related,Four-Way Intersection,On Roadway,,Dark - Lighted,Clear,No,Not Applicable,39.734,-104.99361111,DENVER (31),DENVER
80087,2023,1,0,0,2,2,0,2,2,Colorado,March,4,Saturday,8:00pm-8:59pm,20,Municipal,Urban,Other Principal Arterial,City or Municipal Highway Agency,This Section IS ON the NHS,No Special Jurisdiction,Motor Vehicle In-Transport,Angle,No,Intersection,Four-Way Intersection,On Roadway,,Dark - Lighted,Cloudy,No,Not Applicable,39.66361111,-104.809875,ARAPAHOE (5),AURORA
80088,2023,1,0,0,2,2,0,2,2,Colorado,March,1,Wednesday,11:00pm-11:59pm,18,Municipal,Urban,Minor Arterial,City or Municipal Highway Agency,This Section IS NOT on the NHS,No Special Jurisdiction,Motor Vehicle In-Transport,Angle,No,Intersection,Four-Way Intersection,On Roadway,,Dark - Lighted,Clear,No,Not Applicable,39.74747778,-104.87169444,ADAMS (1),AURORA
80089,2023,2,0,0,4,4,0,6,6,Colorado,March,6,Monday,6:00am-6:59am,50,State Highway,Rural,Minor Arterial,State Highway Agency,This Section IS NOT on the NHS,No Special Jurisdiction,Motor Vehicle In-Transport,Front-to-Rear,No,Non-Junction,Not an Intersection,On Roadway,,Daylight,Clear,Yes,Not Applicable,38.83866111,-104.48694444,EL PASO (41),NOT APPLICABLE
80090,2023,1,0,0,1,1,0,6,6,Colorado,March,7,Tuesday,7:00am-7:59am,59,State Highway,Rural,Other Principal Arterial,State Highway Agency,This Section IS ON the NHS,No Special Jurisdiction,Rollover/Overturn,The First Harmful Event was Not a Collision with a Motor Vehicle in Transport,No,Non-Junction,Not an Intersection,On Roadside,,Daylight,Cloudy,No,Not Applicable,39.94979167,-103.59193333,WASHINGTON (121),NOT APPLICABLE
80091,2023,1,1,1,1,1,0,1,1,Colorado,March,8,Wednesday,6:00pm-6:59pm,48,State Highway,Rural,Other Principal Arterial,State Highway Agency,This Section IS ON the NHS,No Special Jurisdiction,Pedestrian,The First Harmful Event was Not a Collision with a Motor Vehicle in Transport,No,Non-Junction,Not an Intersection,On Roadway,,Dark - Not Lighted,Clear,No,Not Applicable,37.65407222,-105.8704,ALAMOSA (3),NOT APPLICABLE
80092,2023,1,0,0,2,2,0,2,2,Colorado,March,4,Saturday,2:00pm-2:59pm,39,Interstate,Urban,Interstate,State Highway Agency,This Section IS ON the NHS,No Special Jurisdiction,Concrete Traffic Barrier,The First Harmful Event was Not a Collision with a Motor Vehicle in Transport,No,Non-Junction,Not an Intersection,On Median,,Daylight,Clear,No,Not Applicable,39.78370278,-105.04458333,DENVER (31),DENVER
80093,2023,2,0,0,2,2,0,6,6,Colorado,March,11,Saturday,10:00am-10:59am,57,State Highway,Rural,Other Principal Arterial,State Highway Agency,This Section IS ON the NHS,No Special Jurisdiction,Motor Vehicle In-Transport,Front-to-Front,No,Non-Junction,Not an Intersection,On Roadway,,Daylight,Sleet or Hail,No,Not Applicable,38.074425,-105.91685278,SAGUACHE (109),NOT APPLICABLE
80094,2023,1,0,0,2,1,1,1,1,Colorado,March,11,Saturday,2:00pm-2:59pm,42,Municipal,Urban,Local,City or Municipal Highway Agency,This Section IS NOT on the NHS,No Special Jurisdiction,Rollover/Overturn,The First Harmful Event was Not a Collision with a Motor Vehicle in Transport,No,Non-Junction,Not an Intersection,In Parking Lane/Zone,,Daylight,Cloudy,No,Not Applicable,39.59015278,-104.91144444,ARAPAHOE (5),CENTENNIAL
80095,2023,1,0,0,2,2,0,2,2,Colorado,March,12,Sunday,1:00am-1:59am,55,Municipal,Urban,Minor Arterial,City or Municipal Highway Agency,This Section IS NOT on the NHS,No Special Jurisdiction,Motor Vehicle In-Transport,Front-to-Front,No,Non-Junction,Not an Intersection,On Median,,Dark - Lighted,Clear,No,Not Applicable,39.72554722,-104.86990556,ARAPAHOE (5),AURORA
80096,2023,1,0,0,1,1,0,2,2,Colorado,March,13,Monday,8:00pm-8:59pm,50,U.S. Highway,Rural,Other Principal Arterial,State Highway Agency,This Section IS ON the NHS,No Special Jurisdiction,"Post, Pole or Other Supports",The First Harmful Event was Not a Collision with a Motor Vehicle in Transport,No,Non-Junction,Not an Intersection,On Roadside,,Dark - Not Lighted,Clear,No,Not Applicable,40.23072222,-105.28602222,BOULDER (13),NOT APPLICABLE
80097,2023,1,0,0,2,2,0,3,3,Colorado,March,14,Tuesday,7:00am-7:59am,55,U.S. Highway,Rural,Minor Arterial,State Highway Agency,This Section IS NOT on the NHS,No Special Jurisdiction,Motor Vehicle In-Transport,Angle,No,Intersection,T-Intersection,On Roadway,,Daylight,Clear,No,Not Applicable,40.18912222,-105.25158333,BOULDER (13),NOT APPLICABLE
80098,2023,1,0,0,1,1,0,1,1,Colorado,March,14,Tuesday,11:00pm-11:59pm,48,U.S. Highway,Rural,Other Principal Arterial,State Highway Agency,This Section IS ON the NHS,No Special Jurisdiction,Rollover/Overturn,The First Harmful Event was Not a Collision with a Motor Vehicle in Transport,No,Non-Junction,Not an Intersection,On Roadside,,Dark - Not Lighted,Clear,No,Not Applicable,40.3025,-104.34480556,WELD (123),NOT APPLICABLE
80099,2023,1,0,0,2,2,0,3,3,Colorado,March,14,Tuesday,3:00pm-3:59pm,54,Municipal,Urban,Minor Arterial,City or Municipal Highway Agency,This Section IS NOT on the NHS,No Special Jurisdiction,Motor Vehicle In-Transport,Angle,Yes,Intersection,Four-Way Intersection,On Roadway,,Daylight,Clear,No,Not Applicable,39.68201667,-104.72533333,ARAPAHOE (5),AURORA
80100,2023,1,1,1,1,1,0,1,1,Colorado,March,9,Thursday,9:00pm-9:59pm,0,Municipal,Urban,Other Freeways and Expressways,City or Municipal Highway Agency,This Section IS ON the NHS,No Special Jurisdiction,Pedestrian,The First Harmful Event was Not a Collision with a Motor Vehicle in Transport,Yes,Through Roadway,Not an Intersection,On Roadway,,Dark - Not Lighted,Clear,No,Not Applicable,38.76493889,-104.77683333,EL PASO (41),FOUNTAIN
80101,2023,1,0,0,2,2,0,2,2,Colorado,March,17,Friday,6:00pm-6:59pm,16,U.S. Highway,Rural,Other Principal Arterial,State Highway Agency,This Section IS ON the NHS,No Special Jurisdiction,Motor Vehicle In-Transport,Sideswipe - Opposite Direction,No,Non-Junction,Not an Intersection,On Roadway,,Daylight,Clear,No,Not Applicable,38.14655833,-104.06694722,PUEBLO (101),NOT APPLICABLE
80102,2023,1,0,0,1,1,0,2,2,Colorado,March,18,Saturday,7:00pm-7:59pm,36,County,Rural,Local,County Highway Agency,This Section IS NOT on the NHS,No Special Jurisdiction,Rollover/Overturn,The First Harmful Event was Not a Collision with a Motor Vehicle in Transport,No,Non-Junction,Not an Intersection,On Roadside,,Dark - Not Lighted,Clear,No,Not Applicable,39.78150833,-104.33827778,ADAMS (1),NOT APPLICABLE
80103,2023,1,1,1,1,1,0,1,1,Colorado,March,24,Friday,8:00pm-8:59pm,7,State Highway,Urban,Other Principal Arterial,State Highway Agency,This Section IS ON the NHS,No Special Jurisdiction,Pedestrian,The First Harmful Event was Not a Collision with a Motor Vehicle in Transport,No,Intersection-Related,Four-Way Intersection,On Roadway,,Dark - Lighted,Clear,No,Not Applicable,39.73787222,-105.02528611,DENVER (31),DENVER
80104,2023,1,0,0,1,1,0,1,1,Colorado,March,20,Monday,0:00am-0:59am,30,Interstate,Rural,Interstate,State Highway Agency,This Section IS ON the NHS,No Special Jurisdiction,Rollover/Overturn,The First Harmful Event was Not a Collision with a Motor Vehicle in Transport,No,Non-Junction,Not an Intersection,On Median,,Dark - Not Lighted,Clear,No,Not Applicable,39.29319444,-102.88055556,KIT CARSON (63),NOT APPLICABLE
80105,2023,1,0,0,4,1,3,1,1,Colorado,March,18,Saturday,2:00am-2:59am,12,State Highway,Urban,Other Principal Arterial,State Highway Agency,This Section IS ON the NHS,No Special Jurisdiction,Curb,The First Harmful Event was Not a Collision with a Motor Vehicle in Transport,No,Non-Junction,Not an Intersection,On Roadside,,Dark - Lighted,Clear,No,Not Applicable,39.691025,-105.08168333,JEFFERSON (59),LAKEWOOD
80106,2023,1,1,1,1,1,0,1,1,Colorado,March,15,Wednesday,8:00pm-8:59pm,51,U.S. Highway,Urban,Other Freeways and Expressways,State Highway Agency,This Section IS ON the NHS,No Special Jurisdiction,Pedestrian,The First Harmful Event was Not a Collision with a Motor Vehicle in Transport,No,Non-Junction,Not an Intersection,On Roadway,,Dark - Not Lighted,Rain,No,Not Applicable,40.39232778,-104.72923611,WELD (123),GREELEY
80107,2023,1,1,1,1,1,0,3,3,Colorado,March,22,Wednesday,0:00am-0:59am,36,U.S. Highway,Urban,Other Freeways and Expressways,State Highway Agency,This Section IS ON the NHS,No Special Jurisdiction,Pedestrian,The First Harmful Event was Not a Collision with a Motor Vehicle in Transport,No,Non-Junction,Not an Intersection,On Roadway,,Dark - Not Lighted,Clear,No,Not Applicable,40.39221389,-104.76568056,WELD (123),GREELEY
80108,2023,1,1,1,1,1,0,1,1,Colorado,March,22,Wednesday,7:00am-7:59am,21,Municipal,Urban,Other Principal Arterial,City or Municipal Highway Agency,This Section IS ON the NHS,No Special Jurisdiction,Pedestrian,The First Harmful Event was Not a Collision with a Motor Vehicle in Transport,No,Non-Junction,Not an Intersection,On Roadway,,Dawn,Clear,No,Not Applicable,38.89686667,-104.74506667,EL PASO (41),COLORADO SPRINGS
80109,2023,1,0,0,2,2,0,2,2,Colorado,March,25,Saturday,10:00pm-10:59pm,50,Interstate,Urban,Interstate,State Highway Agency,This Section IS ON the NHS,No Special Jurisdiction,Motor Vehicle In-Transport,Angle,Yes,Through Roadway,Not an Intersection,On Roadway,,Dark - Lighted,Clear,No,Not Applicable,39.69743889,-104.82942222,ARAPAHOE (5),AURORA
80110,2023,1,0,0,2,2,0,2,2,Colorado,March,24,Friday,3:00pm-3:59pm,34,State Highway,Rural,Major Collector,State Highway Agency,This Section IS NOT on the NHS,No Special Jurisdiction,Motor Vehicle In-Transport,Front-to-Front,No,Non-Junction,Not an Intersection,On Roadside,,Daylight,Sleet or Hail,No,Not Applicable,38.14076111,-103.85684444,CROWLEY (25),NOT APPLICABLE
80112,2023,1,0,0,1,1,0,1,1,Colorado,March,18,Saturday,7:00pm-7:59pm,29,Municipal,Urban,Local,City or Municipal Highway Agency,This Section IS NOT on the NHS,No Special Jurisdiction,Tree (Standing Only),The First Harmful Event was Not a Collision with a Motor Vehicle in Transport,No,Non-Junction,Not an Intersection,On Roadside,,Dusk,Clear,No,Not Applicable,39.58078889,-104.67611111,ARAPAHOE (5),AURORA
80113,2023,1,0,0,1,1,0,1,1,Colorado,March,30,Thursday,8:00am-8:59am,47,County,Rural,Local,County Highway Agency,This Section IS NOT on the NHS,No Special Jurisdiction,Ground,The First Harmful Event was Not a Collision with a Motor Vehicle in Transport,No,Non-Junction,Not an Intersection,On Roadside,,Daylight,"Fog, Smog, Smoke",No,Not Applicable,40.35021111,-103.76217222,MORGAN (87),NOT APPLICABLE
80114,2023,1,0,0,2,2,0,2,2,Colorado,March,31,Friday,12:00pm-12:59pm,45,State Highway,Rural,Minor Arterial,State Highway Agency,This Section IS NOT on the NHS,No Special Jurisdiction,Motor Vehicle In-Transport,Front-to-Rear,No,Driveway Access Related,Not an Intersection,On Roadway,,Daylight,Clear,No,Not Applicable,40.11126111,-108.88615833,RIO BLANCO (103),NOT APPLICABLE
80115,2023,1,0,0,2,2,0,2,2,Colorado,March,31,Friday,10:00pm-10:59pm,19,Municipal,Urban,Other Principal Arterial,City or Municipal Highway Agency,This Section IS ON the NHS,No Special Jurisdiction,Motor Vehicle In-Transport,Angle,No,Intersection,T-Intersection,On Roadway,,Dark - Lighted,Clear,No,Not Applicable,39.88490278,-104.95900278,ADAMS (1),THORNTON
80116,2023,1,0,0,2,2,0,2,2,Colorado,March,29,Wednesday,10:00am-10:59am,42,State Highway,Rural,Other Principal Arterial,State Highway Agency,This Section IS ON the NHS,No Special Jurisdiction,Motor Vehicle In-Transport,Front-to-Front,No,Non-Junction,Not an Intersection,On Shoulder,,Daylight,Clear,No,Not Applicable,38.83520833,-104.64606111,EL PASO (41),NOT APPLICABLE
80117,2023,1,1,1,1,1,0,1,1,Colorado,March,27,Monday,10:00pm-10:59pm,41,State Highway,Urban,Other Principal Arterial,State Highway Agency,This Section IS ON the NHS,No Special Jurisdiction,Pedestrian,The First Harmful Event was Not a Collision with a Motor Vehicle in Transport,No,Intersection-Related,Four-Way Intersection,On Roadway,,Dark - Lighted,Clear,No,Not Applicable,39.73297778,-105.05318611,DENVER (31),DENVER
80118,2023,1,0,0,2,2,0,2,2,Colorado,March,29,Wednesday,7:00pm-7:59pm,57,Municipal,Urban,Other Principal Arterial,City or Municipal Highway Agency,This Section IS ON the NHS,No Special Jurisdiction,Motor Vehicle In-Transport,Angle,No,Intersection,Four-Way Intersection,On Roadway,,Dark - Lighted,Clear,No,Not Applicable,38.89441667,-104.71480556,EL PASO (41),COLORADO SPRINGS
80119,2023,1,0,0,1,1,0,1,1,Colorado,March,30,Thursday,6:00pm-6:59pm,49,Municipal,Urban,Other Principal Arterial,City or Municipal Highway Agency,This Section IS ON the NHS,No Special Jurisdiction,Rollover/Overturn,The First Harmful Event was Not a Collision with a Motor Vehicle in Transport,No,Non-Junction,Not an Intersection,On Median,,Daylight,Severe Crosswinds,No,Not Applicable,38.91205,-104.7025,EL PASO (41),COLORADO SPRINGS
80120,2023,1,0,0,1,1,0,1,1,Colorado,March,25,Saturday,9:00pm-9:59pm,55,Municipal,Urban,Other Principal Arterial,City or Municipal Highway Agency,This Section IS ON the NHS,No Special Jurisdiction,Curb,The First Harmful Event was Not a Collision with a Motor Vehicle in Transport,No,Non-Junction,Not an Intersection,On Roadside,,Dark - Lighted,Clear,No,Not Applicable,38.95454167,-104.73083333,EL PASO (41),COLORADO SPRINGS
80121,2023,1,0,0,2,2,0,2,2,Colorado,March,31,Friday,8:00pm-8:59pm,13,Municipal,Urban,Major Collector,City or Municipal Highway Agency,This Section IS NOT on the NHS,No Special Jurisdiction,Motor Vehicle In-Transport,Angle,No,Intersection,Four-Way Intersection,On Roadway,,Dark - Lighted,Clear,No,Not Applicable,39.68568333,-104.8075,ARAPAHOE (5),AURORA
80122,2023,1,0,0,1,1,0,1,1,Colorado,March,30,Thursday,9:00am-9:59am,20,Municipal,Urban,Other Principal Arterial,City or Municipal Highway Agency,This Section IS ON the NHS,No Special Jurisdiction,Rollover/Overturn,The First Harmful Event was Not a Collision with a Motor Vehicle in Transport,No,Intersection-Related,"Five Point, or More",On Roadway,,Daylight,Clear,No,Not Applicable,39.75417778,-104.98752222,DENVER (31),DENVER
80123,2023,1,0,0,2,2,0,3,3,Colorado,March,7,Tuesday,11:00am-11:59am,10,State Highway,Urban,Other Principal Arterial,State Highway Agency,This Section IS ON the NHS,No Special Jurisdiction,Motor Vehicle In-Transport,Angle,No,Intersection,T-Intersection,On Roadway,,Daylight,Clear,No,Not Applicable,40.08027778,-104.77281389,WELD (123),FORT LUPTON
80124,2023,1,0,0,2,2,0,3,3,Colorado,March,20,Monday,12:00pm-12:59pm,57,U.S. Highway,Urban,Other Principal Arterial,State Highway Agency,This Section IS ON the NHS,No Special Jurisdiction,Motor Vehicle In-Transport,Angle,No,Intersection,Four-Way Intersection,On Roadway,,Daylight,Clear,No,Not Applicable,39.96734444,-105.09010556,BOULDER (13),LAFAYETTE
80125,2023,1,0,0,1,1,0,4,4,Colorado,March,5,Sunday,1:00am-1:59am,19,Municipal,Urban,Other Freeways and Expressways,City or Municipal Highway Agency,This Section IS ON the NHS,No Special Jurisdiction,Guardrail End,The First Harmful Event was Not a Collision with a Motor Vehicle in Transport,No,Non-Junction,Not an Intersection,On Roadside,,Dark - Lighted,Clear,No,Not Applicable,39.79171111,-104.78816111,DENVER (31),DENVER
80126,2023,1,1,1,2,2,0,2,2,Colorado,February,12,Sunday,7:00pm-7:59pm,59,Interstate,Urban,Interstate,State Highway Agency,This Section IS ON the NHS,No Special Jurisdiction,Pedestrian,The First Harmful Event was Not a Collision with a Motor Vehicle in Transport,No,Non-Junction,Not an Intersection,On Roadway,,Dark - Lighted,Clear,No,Not Applicable,39.78345833,-105.01075,DENVER (31),DENVER
80127,2023,1,0,0,2,2,0,2,2,Colorado,April,1,Saturday,10:00am-10:59am,25,State Highway,Rural,Minor Arterial,State Highway Agency,This Section IS NOT on the NHS,No Special Jurisdiction,Motor Vehicle In-Transport,Sideswipe - Opposite Direction,No,Non-Junction,Not an Intersection,On Roadway,,Daylight,Not Reported,No,Not Applicable,40.54330556,-106.39760278,JACKSON (57),NOT APPLICABLE
80128,2023,1,0,0,1,1,0,1,1,Colorado,April,2,Sunday,2:00am-2:59am,33,Interstate,Rural,Interstate,State Highway Agency,This Section IS ON the NHS,No Special Jurisdiction,Rollover/Overturn,The First Harmful Event was Not a Collision with a Motor Vehicle in Transport,No,Non-Junction,Not an Intersection,On Median,,Dark - Not Lighted,Clear,No,Not Applicable,39.70676667,-106.72138889,EAGLE (37),NOT APPLICABLE
80129,2023,1,0,0,1,1,0,1,1,Colorado,April,2,Sunday,6:00pm-6:59pm,35,Municipal,Urban,Local,City or Municipal Highway Agency,This Section IS NOT on the NHS,No Special Jurisdiction,Curb,The First Harmful Event was Not a Collision with a Motor Vehicle in Transport,No,Non-Junction,Not an Intersection,On Median,,Daylight,Clear,No,Not Applicable,39.88078056,-105.111725,JEFFERSON (59),WESTMINSTER
80130,2023,1,0,0,2,2,0,2,2,Colorado,April,2,Sunday,12:00pm-12:59pm,38,U.S. Highway,Rural,Other Principal Arterial,State Highway Agency,This Section IS ON the NHS,No Special Jurisdiction,Motor Vehicle In-Transport,Angle,No,Non-Junction,Not an Intersection,On Roadway,,Daylight,Clear,No,Not Applicable,37.35419444,-108.25675278,MONTEZUMA (83),NOT APPLICABLE
80131,2023,1,0,0,2,2,0,6,6,Colorado,April,2,Sunday,2:00pm-2:59pm,12,Municipal,Urban,Other Principal Arterial,City or Municipal Highway Agency,This Section IS ON the NHS,No Special Jurisdiction,Motor Vehicle In-Transport,Angle,No,Intersection,Four-Way Intersection,On Roadway,,Daylight,Clear,No,Not Applicable,38.83803611,-104.82146111,EL PASO (41),COLORADO SPRINGS
80132,2023,1,0,0,1,1,0,1,1,Colorado,April,2,Sunday,9:00am-9:59am,48,Municipal,Urban,Minor Arterial,City or Municipal Highway Agency,This Section IS NOT on the NHS,No Special Jurisdiction,Rollover/Overturn,The First Harmful Event was Not a Collision with a Motor Vehicle in Transport,No,Non-Junction,Not an Intersection,On Roadway,,Daylight,Clear,No,Not Applicable,39.69460556,-104.77245556,ARAPAHOE (5),AURORA
80133,2023,1,0,0,1,1,0,5,5,Colorado,April,4,Tuesday,5:00pm-5:59pm,36,County,Rural,Minor Collector,County Highway Agency,This Section IS NOT on the NHS,No Special Jurisdiction,Rollover/Overturn,The First Harmful Event was Not a Collision with a Motor Vehicle in Transport,No,Non-Junction,Not an Intersection,On Roadside,,Daylight,Not Reported,No,Not Applicable,37.36629722,-103.04666944,BACA (9),NOT APPLICABLE
80134,2023,1,0,0,1,1,0,3,3,Colorado,April,4,Tuesday,7:00am-7:59am,48,Interstate,Rural,Interstate,State Highway Agency,This Section IS ON the NHS,No Special Jurisdiction,Rollover/Overturn,The First Harmful Event was Not a Collision with a Motor Vehicle in Transport,No,Non-Junction,Not an Intersection,On Median,,Daylight,Snow,No,Not Applicable,40.24004444,-104.07144167,MORGAN (87),NOT APPLICABLE
80135,2023,1,0,0,1,1,0,1,1,Colorado,April,4,Tuesday,7:00am-7:59am,33,Municipal,Urban,Minor Arterial,City or Municipal Highway Agency,This Section IS NOT on the NHS,No Special Jurisdiction,Traffic Sign Support,The First Harmful Event was Not a Collision with a Motor Vehicle in Transport,No,Non-Junction,Not an Intersection,On Roadside,,Daylight,Snow,No,Not Applicable,40.15305556,-105.13055,BOULDER (13),LONGMONT
80136,2023,1,0,0,1,1,0,3,3,Colorado,April,4,Tuesday,11:00pm-11:59pm,48,Municipal,Urban,Other Principal Arterial,City or Municipal Highway Agency,This Section IS ON the NHS,No Special Jurisdiction,Curb,The First Harmful Event was Not a Collision with a Motor Vehicle in Transport,No,Non-Junction,Not an Intersection,On Roadside,,Dark - Lighted,Clear,No,Not Applicable,39.89472222,-104.94015278,ADAMS (1),THORNTON