ST_CASE,YEAR,FATALS,PEDS,PERNOTMVIT,VE_TOTAL,VE_FORMS,PVH_INVL,PERSONS,PERMVIT,STATENAME,MONTHNAME,DAYNAME,DAY_WEEKNAME,HOURNAME,MINUTENAME,ROUTENAME,RUR_URBNAME,FUNC_SYSNAME,RD_OWNERNAME,NHSNAME,SP_JURNAME,HARM_EVNAME,MAN_COLLNAME,RELJCT1NAME,RELJCT2NAME,TYP_INTNAME,REL_ROADNAME,WRK_ZONENAME,LGT_CONDNAME,WEATHERNAME,SCH_BUSNAME,RAILNAME,LATITUDE,LONGITUD,COUNTYNAME,CITYNAME
80137,2023,1,1,1,1,1,0,1,1,Colorado,April,6,Thursday,5:00am-5:59am,57,Trafficway Not in State Inventory,Trafficway Not in State Inventory,Trafficway Not in State Inventory,Trafficway Not in State Inventory,This Section IS NOT on the NHS,No Special Jurisdiction,Pedestrian,The First Harmful Event was Not a Collision with a Motor Vehicle in Transport,No,Non-Junction,Not an Intersection,On Roadway,,Dark - Not Lighted,Clear,No,Not Applicable,39.74233889,-104.98674444,DENVER (31),DENVER
80138,2023,1,0,0,2,2,0,2,2,Colorado,April,4,Tuesday,12:00pm-12:59pm,19,State Highway,Urban,Other Principal Arterial,State Highway Agency,This Section IS ON the NHS,No Special Jurisdiction,Motor Vehicle In-Transport,Angle,No,Driveway Access Related,Not an Intersection,On Roadway,,Daylight,Snow,No,Not Applicable,39.69767222,-105.08143056,JEFFERSON (59),LAKEWOOD
80139,2023,1,0,0,1,1,0,2,2,Colorado,April,6,Thursday,1:00pm-1:59pm,15,State Highway,Rural,Minor Arterial,State Highway Agency,This Section IS NOT on the NHS,No Special Jurisdiction,Tree (Standing Only),The First Harmful Event was Not a Collision with a Motor Vehicle in Transport,No,Non-Junction,Not an Intersection,On Roadside,,Daylight,Clear,No,Not Applicable,38.13145,-108.22960278,SAN MIGUEL (113),NOT APPLICABLE
80140,2023,1,0,0,2,2,0,3,3,Colorado,April,8,Saturday,1:00pm-1:59pm,48,U.S. Highway,Rural,Other Principal Arterial,State Highway Agency,This Section IS ON the NHS,No Special Jurisdiction,Motor Vehicle In-Transport,Angle,No,Intersection,Four-Way Intersection,On Roadway,,Daylight,Clear,No,Not Applicable,39.48182222,-104.99401111,DOUGLAS (35),NOT APPLICABLE
80141,2023,1,1,1,1,1,0,1,1,Colorado,April,7,Friday,9:00pm-9:59pm,54,State Highway,Urban,Other Principal Arterial,State Highway Agency,This Section IS ON the NHS,No Special Jurisdiction,Pedalcyclist,The First Harmful Event was Not a Collision with a Motor Vehicle in Transport,Yes,Through Roadway,Not an Intersection,On Roadway,,Dark - Lighted,Clear,No,Not Applicable,39.72604444,-105.08165556,JEFFERSON (59),LAKEWOOD
80142,2023,1,1,1,1,1,0,2,2,Colorado,April,4,Tuesday,12:00pm-12:59pm,14,Municipal,Urban,Other Principal Arterial,City or Municipal Highway Agency,This Section IS ON the NHS,No Special Jurisdiction,Pedestrian,The First Harmful Event was Not a Collision with a Motor Vehicle in Transport,No,Intersection-Related,Four-Way Intersection,On Roadway,,Daylight,Snow,No,Not Applicable,39.70641944,-104.79065,ARAPAHOE (5),AURORA
80143,2023,1,0,0,2,2,0,2,2,Colorado,April,6,Thursday,1:00am-1:59am,38,U.S. Highway,Urban,Other Principal Arterial,State Highway Agency,This Section IS ON the NHS,No Special Jurisdiction,Curb,The First Harmful Event was Not a Collision with a Motor Vehicle in Transport,Yes,Other location within Interchange Area,Not an Intersection,On Median,Construction,Dark - Lighted,Clear,No,Not Applicable,40.40709722,-104.99361944,LARIMER (69),LOVELAND
80144,2023,1,0,0,2,2,0,4,4,Colorado,April,10,Monday,2:00pm-2:59pm,27,County,Rural,Major Collector,County Highway Agency,This Section IS NOT on the NHS,No Special Jurisdiction,Motor Vehicle In-Transport,Angle,No,Intersection,Four-Way Intersection,On Roadway,,Daylight,Clear,No,Not Applicable,40.52400833,-104.77490556,WELD (123),NOT APPLICABLE
80145,2023,1,0,0,1,1,0,1,1,Colorado,April,10,Monday,10:00pm-10:59pm,30,County,Rural,Minor Collector,County Highway Agency,This Section IS NOT on the NHS,No Special Jurisdiction,Shrubbery,The First Harmful Event was Not a Collision with a Motor Vehicle in Transport,No,Intersection-Related,T-Intersection,Outside Trafficway,,Dark - Not Lighted,Clear,No,Not Applicable,40.2037,-104.66045,WELD (123),NOT APPLICABLE
80146,2023,1,1,1,1,1,0,1,1,Colorado,April,11,Tuesday,7:00pm-7:59pm,30,County,Urban,Local,County Highway Agency,This Section IS NOT on the NHS,No Special Jurisdiction,Pedestrian,The First Harmful Event was Not a Collision with a Motor Vehicle in Transport,No,Intersection-Related,T-Intersection,On Roadway,,Daylight,Clear,No,Not Applicable,39.83445,-104.914575,ADAMS (1),NOT APPLICABLE
80147,2023,1,0,0,1,1,0,1,1,Colorado,April,10,Monday,2:00am-2:59am,8,U.S. Highway,Rural,Other Principal Arterial,State Highway Agency,This Section IS ON the NHS,No Special Jurisdiction,Concrete Traffic Barrier,The First Harmful Event was Not a Collision with a Motor Vehicle in Transport,No,Non-Junction,Not an Intersection,On Roadside,,Dark - Not Lighted,Clear,No,Not Applicable,37.45024167,-106.88811111,MINERAL (79),NOT APPLICABLE
80148,2023,1,1,1,1,1,0,1,1,Colorado,April,6,Thursday,1:00pm-1:59pm,19,Other,Trafficway Not in State Inventory,Trafficway Not in State Inventory,Trafficway Not in State Inventory,This Section IS NOT on the NHS,No Special Jurisdiction,Pedestrian,The First Harmful Event was Not a Collision with a Motor Vehicle in Transport,No,Non-Junction,Not an Intersection,Outside Trafficway,,Daylight,Clear,No,Not Applicable,40.45726667,-105.080175,LARIMER (69),LOVELAND
80149,2023,1,0,0,1,1,0,1,1,Colorado,April,17,Monday,3:00pm-3:59pm,45,Interstate,Rural,Interstate,State Highway Agency,This Section IS ON the NHS,No Special Jurisdiction,Traffic Sign Support,The First Harmful Event was Not a Collision with a Motor Vehicle in Transport,No,Non-Junction,Not an Intersection,On Median,,Daylight,Clear,No,Not Applicable,40.7638,-102.95451111,LOGAN (75),NOT APPLICABLE
80150,2023,1,0,0,2,2,0,2,2,Colorado,April,12,Wednesday,7:00am-7:59am,25,U.S. Highway,Rural,Minor Arterial,State Highway Agency,This Section IS NOT on the NHS,No Special Jurisdiction,Motor Vehicle In-Transport,Angle,No,Non-Junction,Not an Intersection,On Roadway,,Daylight,Clear,No,Not Applicable,39.04785,-105.56642222,PARK (93),NOT APPLICABLE
80151,2023,1,0,0,3,3,0,3,3,Colorado,April,13,Thursday,8:00am-8:59am,55,U.S. Highway,Rural,Other Principal Arterial,State Highway Agency,This Section IS ON the NHS,No Special Jurisdiction,Motor Vehicle In-Transport,Sideswipe - Opposite Direction,No,Non-Junction,Not an Intersection,On Roadway,,Daylight,Clear,No,Not Applicable,40.32867222,-104.42208333,WELD (123),NOT APPLICABLE
80152,2023,1,1,1,1,1,0,2,2,Colorado,April,12,Wednesday,2:00pm-2:59pm,58,County,Urban,Minor Arterial,County Highway Agency,This Section IS NOT on the NHS,No Special Jurisdiction,Pedestrian,The First Harmful Event was Not a Collision with a Motor Vehicle in Transport,No,Intersection-Related,Four-Way Intersection,On Roadway,,Daylight,Clear,No,Not Applicable,38.85798333,-104.7004,EL PASO (41),NOT APPLICABLE
80153,2023,1,0,0,1,1,0,7,7,Colorado,April,13,Thursday,5:00pm-5:59pm,26,County,Urban,Minor Collector,County Highway Agency,This Section IS NOT on the NHS,No Special Jurisdiction,Utility Pole/Light Support,The First Harmful Event was Not a Collision with a Motor Vehicle in Transport,No,Non-Junction,Not an Intersection,On Roadside,,Daylight,Clear,No,Not Applicable,39.04845833,-108.44889444,MESA (77),NOT APPLICABLE
80154,2023,1,0,0,2,2,0,6,6,Colorado,April,14,Friday,5:00pm-5:59pm,0,State Highway,Rural,Other Principal Arterial,State Highway Agency,This Section IS ON the NHS,No Special Jurisdiction,Motor Vehicle In-Transport,Front-to-Front,No,Non-Junction,Not an Intersection,On Roadway,,Daylight,Clear,No,Not Applicable,37.19083333,-107.75584167,LA PLATA (67),NOT APPLICABLE
80155,2023,1,0,0,1,1,0,2,2,Colorado,April,15,Saturday,0:00am-0:59am,49,Interstate,Rural,Interstate,State Highway Agency,This Section IS ON the NHS,No Special Jurisdiction,Concrete Traffic Barrier,The First Harmful Event was Not a Collision with a Motor Vehicle in Transport,No,Non-Junction,Not an Intersection,On Median,,Dark - Not Lighted,Snow,No,Not Applicable,39.73172222,-105.42680833,CLEAR CREEK (19),NOT APPLICABLE
80156,2023,1,0,0,1,1,0,2,2,Colorado,April,16,Sunday,6:00pm-6:59pm,32,County,Rural,Major Collector,County Highway Agency,This Section IS NOT on the NHS,No Special Jurisdiction,Fence,The First Harmful Event was Not a Collision with a Motor Vehicle in Transport,No,Non-Junction,Not an Intersection,Outside Trafficway,,Daylight,Clear,No,Not Applicable,37.26644444,-104.46758889,LAS ANIMAS (71),NOT APPLICABLE
80157,2023,1,0,0,2,2,0,2,2,Colorado,April,16,Sunday,9:00pm-9:59pm,28,Municipal,Urban,Minor Arterial,City or Municipal Highway Agency,This Section IS NOT on the NHS,No Special Jurisdiction,Motor Vehicle In-Transport,Front-to-Rear,No,Intersection-Related,T-Intersection,On Roadway,,Dark - Not Lighted,Clear,No,Not Applicable,40.00043611,-104.77231667,ADAMS (1),BRIGHTON
80158,2023,1,0,0,1,1,0,1,1,Colorado,April,8,Saturday,1:00pm-1:59pm,53,State Highway,Urban,Minor Arterial,State Highway Agency,This Section IS NOT on the NHS,No Special Jurisdiction,Ditch,The First Harmful Event was Not a Collision with a Motor Vehicle in Transport,No,Non-Junction,Not an Intersection,On Roadside,,Daylight,Cloudy,No,Not Applicable,39.83068889,-104.92691667,ADAMS (1),COMMERCE CITY
80159,2023,2,0,0,2,2,0,2,2,Colorado,April,12,Wednesday,10:00am-10:59am,14,U.S. Highway,Rural,Other Principal Arterial,State Highway Agency,This Section IS ON the NHS,No Special Jurisdiction,Motor Vehicle In-Transport,Front-to-Front,No,Non-Junction,Not an Intersection,On Roadway,,Daylight,Clear,No,Not Applicable,37.27100833,-108.00561111,LA PLATA (67),NOT APPLICABLE
80160,2023,1,0,0,1,1,0,1,1,Colorado,April,15,Saturday,7:00am-7:59am,23,State Highway,Urban,Other Principal Arterial,State Highway Agency,This Section IS ON the NHS,No Special Jurisdiction,Curb,The First Harmful Event was Not a Collision with a Motor Vehicle in Transport,No,Non-Junction,Not an Intersection,On Roadside,,Daylight,Clear,No,Not Applicable,38.21854722,-104.63081944,PUEBLO (101),PUEBLO
80161,2023,1,1,1,1,1,0,1,1,Colorado,April,12,Wednesday,6:00am-6:59am,12,U.S. Highway,Urban,Other Principal Arterial,State Highway Agency,This Section IS ON the NHS,No Special Jurisdiction,Pedestrian,The First Harmful Event was Not a Collision with a Motor Vehicle in Transport,No,Intersection-Related,Four-Way Intersection,On Roadway,,Dawn,Clear,No,Not Applicable,39.65315556,-104.99961944,ARAPAHOE (5),ENGLEWOOD
80162,2023,1,0,0,2,2,0,3,3,Colorado,April,19,Wednesday,3:00pm-3:59pm,5,County,Rural,Minor Collector,County Highway Agency,This Section IS NOT on the NHS,No Special Jurisdiction,Motor Vehicle In-Transport,Sideswipe - Same Direction,No,Driveway Access Related,Not an Intersection,On Roadway,,Daylight,Rain,No,Not Applicable,40.37172222,-104.48863333,WELD (123),NOT APPLICABLE
80163,2023,1,1,1,1,1,0,1,1,Colorado,April,17,Monday,10:00pm-10:59pm,46,State Highway,Urban,Other Principal Arterial,State Highway Agency,This Section IS ON the NHS,No Special Jurisdiction,Pedalcyclist,The First Harmful Event was Not a Collision with a Motor Vehicle in Transport,No,Intersection,Four-Way Intersection,On Roadway,,Daylight,Clear,No,Not Applicable,39.81277222,-105.05320278,ADAMS (1),ARVADA
80164,2023,1,0,0,1,1,0,1,1,Colorado,April,20,Thursday,9:00pm-9:59pm,50,State Highway,Rural,Other Principal Arterial,State Highway Agency,This Section IS ON the NHS,No Special Jurisdiction,"Post, Pole or Other Supports",The First Harmful Event was Not a Collision with a Motor Vehicle in Transport,No,Non-Junction,Not an Intersection,On Roadside,,Dark - Not Lighted,Cloudy,No,Not Applicable,40.14249167,-107.821725,RIO BLANCO (103),NOT APPLICABLE
80165,2023,1,0,0,1,1,0,1,1,Colorado,April,21,Friday,10:00am-10:59am,30,U.S. Highway,Rural,Other Principal Arterial,State Highway Agency,This Section IS ON the NHS,No Special Jurisdiction,Rollover/Overturn,The First Harmful Event was Not a Collision with a Motor Vehicle in Transport,No,Non-Junction,Not an Intersection,On Roadside,,Daylight,Clear,No,Not Applicable,37.55019444,-106.77602778,MINERAL (79),NOT APPLICABLE
80166,2023,1,1,1,1,1,0,1,1,Colorado,April,22,Saturday,3:00am-3:59am,16,Interstate,Urban,Interstate,State Highway Agency,This Section IS ON the NHS,No Special Jurisdiction,Guardrail End,The First Harmful Event was Not a Collision with a Motor Vehicle in Transport,No,Non-Junction,Not an Intersection,On Roadside,,Dark - Lighted,Snow,No,Not Applicable,39.94759444,-104.98828333,ADAMS (1),WESTMINSTER
80167,2023,1,0,0,1,1,0,3,3,Colorado,April,25,Tuesday,5:00am-5:59am,21,Interstate,Urban,Interstate,State Highway Agency,This Section IS ON the NHS,No Special Jurisdiction,Ground,The First Harmful Event was Not a Collision with a Motor Vehicle in Transport,No,Non-Junction,Not an Intersection,On Roadside,,Dark - Not Lighted,Clear,No,Not Applicable,39.03572222,-104.83980556,EL PASO (41),NOT APPLICABLE
80168,2023,1,0,0,1,1,0,2,2,Colorado,April,25,Tuesday,1:00am-1:59am,47,Municipal,Urban,Other Principal Arterial,City or Municipal Highway Agency,This Section IS ON the NHS,No Special Jurisdiction,Curb,The First Harmful Event was Not a Collision with a Motor Vehicle in Transport,No,Non-Junction,Not an Intersection,On Median,,Dark - Lighted,Cloudy,No,Not Applicable,39.674825,-104.84480556,ARAPAHOE (5),AURORA
80169,2023,1,1,1,1,1,0,1,1,Colorado,April,22,Saturday,1:00pm-1:59pm,31,U.S. Highway,Urban,Minor Arterial,State Highway Agency,This Section IS NOT on the NHS,No Special Jurisdiction,Pedestrian,The First Harmful Event was Not a Collision with a Motor Vehicle in Transport,No,Intersection-Related,T-Intersection,On Roadway,,Daylight,Clear,No,Not Applicable,39.07724444,-108.52095,MESA (77),GRAND JUNCTION
80170,2023,2,0,0,2,2,0,3,3,Colorado,April,26,Wednesday,3:00pm-3:59pm,17,County,Urban,Minor Arterial,County Highway Agency,This Section IS NOT on the NHS,No Special Jurisdiction,Motor Vehicle In-Transport,Angle,No,Intersection,T-Intersection,On Roadway,,Daylight,Clear,No,Not Applicable,39.57820833,-104.82312778,ARAPAHOE (5),NOT APPLICABLE
80171,2023,1,0,0,3,3,0,3,3,Colorado,April,26,Wednesday,9:00pm-9:59pm,47,Municipal,Urban,Major Collector,City or Municipal Highway Agency,This Section IS NOT on the NHS,No Special Jurisdiction,Motor Vehicle In-Transport,Angle,No,Driveway Access,Not an Intersection,On Roadway,,Dark - Lighted,Clear,No,Not Applicable,39.79103611,-104.93579444,ADAMS (1),COMMERCE CITY
80172,2023,2,0,0,1,1,0,2,2,Colorado,April,30,Sunday,9:00pm-9:59pm,38,Interstate,Rural,Interstate,State Highway Agency,This Section IS ON the NHS,No Special Jurisdiction,Rollover/Overturn,The First Harmful Event was Not a Collision with a Motor Vehicle in Transport,Yes,Other location within Interchange Area,Not an Intersection,On Median,,Dark - Not Lighted,Clear,No,Not Applicable,37.74095556,-104.83083333,HUERFANO (55),NOT APPLICABLE
80173,2023,1,0,0,3,2,1,3,3,Colorado,April,5,Wednesday,9:00pm-9:59pm,0,Municipal,Urban,Other Principal Arterial,City or Municipal Highway Agency,This Section IS ON the NHS,No Special Jurisdiction,Motor Vehicle In-Transport,Angle,No,Non-Junction,Not an Intersection,On Roadway,,Dark - Lighted,Clear,No,Not Applicable,39.72830556,-104.84727778,ARAPAHOE (5),AURORA
80174,2023,1,0,0,2,2,0,4,4,Colorado,April,27,Thursday,7:00pm-7:59pm,20,Municipal,Urban,Minor Arterial,City or Municipal Highway Agency,This Section IS NOT on the NHS,No Special Jurisdiction,Motor Vehicle In-Transport,Angle,No,Intersection,T-Intersection,On Roadway,,Dusk,Rain,No,Not Applicable,39.69653889,-104.77614444,ARAPAHOE (5),AURORA
80175,2023,1,0,0,1,1,0,1,1,Colorado,April,29,Saturday,3:00pm-3:59pm,19,Interstate,Rural,Interstate,State Highway Agency,This Section IS ON the NHS,No Special Jurisdiction,Traffic Sign Support,The First Harmful Event was Not a Collision with a Motor Vehicle in Transport,No,Non-Junction,Not an Intersection,On Roadside,,Daylight,Clear,No,Not Applicable,37.90678333,-104.82878056,PUEBLO (101),NOT APPLICABLE
80176,2023,1,0,0,1,1,0,1,1,Colorado,April,21,Friday,6:00pm-6:59pm,0,State Highway,Urban,Other Principal Arterial,State Highway Agency,This Section IS ON the NHS,No Special Jurisdiction,Fence,The First Harmful Event was Not a Collision with a Motor Vehicle in Transport,No,Non-Junction,Not an Intersection,Outside Trafficway,,Daylight,Clear,No,Not Applicable,38.25295,-104.66196667,PUEBLO (101),PUEBLO
80177,2023,1,0,0,2,2,0,2,2,Colorado,April,27,Thursday,3:00pm-3:59pm,16,Municipal,Urban,Other Principal Arterial,City or Municipal Highway Agency,This Section IS NOT on the NHS,No Special Jurisdiction,Rollover/Overturn,The First Harmful Event was Not a Collision with a Motor Vehicle in Transport,No,Driveway Access Related,Not an Intersection,On Roadway,,Daylight,Clear,No,Not Applicable,38.80542222,-104.84079167,EL PASO (41),COLORADO SPRINGS
80178,2023,1,0,0,3,3,0,6,6,Colorado,April,28,Friday,5:00pm-5:59pm,28,State Highway,Urban,Other Principal Arterial,State Highway Agency,This Section IS ON the NHS,No Special Jurisdiction,Motor Vehicle In-Transport,Front-to-Front,No,Intersection,Four-Way Intersection,On Roadway,,Daylight,Clear,No,Not Applicable,39.67894444,-105.08156944,JEFFERSON (59),LAKEWOOD
80179,2023,1,0,0,1,1,0,2,2,Colorado,April,30,Sunday,0:00am-0:59am,15,Municipal,Urban,Minor Arterial,City or Municipal Highway Agency,This Section IS NOT on the NHS,No Special Jurisdiction,Curb,The First Harmful Event was Not a Collision with a Motor Vehicle in Transport,No,Non-Junction,Not an Intersection,On Roadside,,Dark - Lighted,Clear,No,Not Applicable,38.87763889,-104.73666667,EL PASO (41),COLORADO SPRINGS
80180,2023,1,0,0,1,1,0,2,2,Colorado,April,30,Sunday,11:00pm-11:59pm,38,Interstate,Urban,Interstate,State Highway Agency,This Section IS ON the NHS,No Special Jurisdiction,Ground,The First Harmful Event was Not a Collision with a Motor Vehicle in Transport,No,Non-Junction,Not an Intersection,On Roadway,,Dark - Lighted,Clear,No,Not Applicable,39.71901389,-104.826375,ARAPAHOE (5),AURORA
80181,2023,1,1,1,1,1,0,1,1,Colorado,April,29,Saturday,11:00pm-11:59pm,21,State Highway,Urban,Other Principal Arterial,State Highway Agency,This Section IS ON the NHS,No Special Jurisdiction,Pedestrian,The First Harmful Event was Not a Collision with a Motor Vehicle in Transport,No,Non-Junction,Not an Intersection,On Roadway,,Dark - Lighted,Clear,No,Not Applicable,39.81413333,-105.05323333,ADAMS (1),ARVADA
80182,2023,1,1,1,1,1,0,1,1,Colorado,April,11,Tuesday,7:00pm-7:59pm,10,Municipal,Urban,Local,City or Municipal Highway Agency,This Section IS NOT on the NHS,No Special Jurisdiction,Non-Motorist on Personal Conveyance,The First Harmful Event was Not a Collision with a Motor Vehicle in Transport,No,Intersection,T-Intersection,On Roadway,,Daylight,Clear,No,Not Applicable,38.82594444,-104.76506667,EL PASO (41),COLORADO SPRINGS
80183,2023,1,1,1,1,1,0,1,1,Colorado,April,18,Tuesday,11:00pm-11:59pm,39,State Highway,Urban,Other Principal Arterial,State Highway Agency,This Section IS ON the NHS,No Special Jurisdiction,Pedestrian,The First Harmful Event was Not a Collision with a Motor Vehicle in Transport,No,Non-Junction,Not an Intersection,On Roadway,,Dark - Lighted,Clear,No,Not Applicable,40.58135,-105.05978889,LARIMER (69),FORT COLLINS
80184,2023,1,0,0,2,2,0,4,4,Colorado,April,22,Saturday,6:00pm-6:59pm,51,State Highway,Urban,Other Principal Arterial,State Highway Agency,This Section IS ON the NHS,No Special Jurisdiction,Motor Vehicle In-Transport,Front-to-Rear,No,Non-Junction,Not an Intersection,On Roadway,,Daylight,Clear,No,Not Applicable,38.23449167,-104.66237222,PUEBLO (101),PUEBLO
80185,2023,1,0,0,2,2,0,4,4,Colorado,April,15,Saturday,3:00am-3:59am,30,State Highway,Rural,Minor Arterial,State Highway Agency,This Section IS NOT on the NHS,No Special Jurisdiction,Motor Vehicle In-Transport,Angle,No,Intersection,Four-Way Intersection,On Roadway,,Dark - Not Lighted,Cloudy,No,Not Applicable,38.85195556,-103.70043889,LINCOLN (73),NOT APPLICABLE
80186,2023,1,0,0,1,1,0,1,1,Colorado,April,16,Sunday,2:00am-2:59am,5,Municipal,Urban,Local,City or Municipal Highway Agency,This Section IS NOT on the NHS,No Special Jurisdiction,Curb,The First Harmful Event was Not a Collision with a Motor Vehicle in Transport,No,Intersection-Related,L-Intersection,On Roadside,,Dark - Not Lighted,Clear,No,Not Applicable,39.37493333,-104.86503889,DOUGLAS (35),CASTLE ROCK
80187,2023,1,1,1,1,1,0,1,1,Colorado,April,24,Monday,7:00pm-7:59pm,45,Municipal,Urban,Minor Arterial,City or Municipal Highway Agency,This Section IS NOT on the NHS,No Special Jurisdiction,Pedestrian,The First Harmful Event was Not a Collision with a Motor Vehicle in Transport,No,Intersection-Related,Four-Way Intersection,On Roadway,,Dusk,Clear,No,Not Applicable,39.76531389,-104.97495278,DENVER (31),DENVER
80188,2023,1,0,0,2,2,0,2,2,Colorado,April,29,Saturday,8:00pm-8:59pm,6,County,Urban,Major Collector,City or Municipal Highway Agency,This Section IS NOT on the NHS,No Special Jurisdiction,Motor Vehicle In-Transport,Sideswipe - Same Direction,No,Intersection,T-Intersection,On Roadway,,Dark - Lighted,Cloudy,No,Not Applicable,39.80554444,-105.04405556,ADAMS (1),NOT APPLICABLE
80189,2023,1,1,1,1,1,0,1,1,Colorado,April,16,Sunday,8:00pm-8:59pm,32,State Highway,Urban,Other Principal Arterial,State Highway Agency,This Section IS ON the NHS,No Special Jurisdiction,Pedestrian,The First Harmful Event was Not a Collision with a Motor Vehicle in Transport,No,Non-Junction,Not an Intersection,On Roadway,,Dark - Lighted,Clear,No,Not Applicable,39.73766111,-105.02531111,DENVER (31),DENVER
80190,2023,1,0,0,1,1,0,1,1,Colorado,April,26,Wednesday,1:00pm-1:59pm,25,U.S. Highway,Urban,Other Principal Arterial,State Highway Agency,This Section IS ON the NHS,No Special Jurisdiction,Embankment,The First Harmful Event was Not a Collision with a Motor Vehicle in Transport,No,Non-Junction,Not an Intersection,On Roadside,,Daylight,Clear,No,Not Applicable,38.76257778,-108.09715833,DELTA (29),DELTA
80191,2023,1,1,1,1,1,0,3,3,Colorado,January,7,Saturday,10:00pm-10:59pm,51,State Highway,Urban,Other Principal Arterial,State Highway Agency,This Section IS ON the NHS,No Special Jurisdiction,Pedestrian,The First Harmful Event was Not a Collision with a Motor Vehicle in Transport,No,Non-Junction,Not an Intersection,On Roadway,,Dark - Lighted,Clear,No,Not Applicable,39.72152778,-105.02521389,DENVER (31),DENVER
80192,2023,1,1,1,1,1,0,1,1,Colorado,February,12,Sunday,12:00pm-12:59pm,51,Municipal,Urban,Minor Arterial,City or Municipal Highway Agency,This Section IS NOT on the NHS,No Special Jurisdiction,Pedalcyclist,The First Harmful Event was Not a Collision with a Motor Vehicle in Transport,No,Intersection,T-Intersection,On Roadway,,Daylight,Clear,No,Not Applicable,40.54696111,-105.05798333,LARIMER (69),FORT COLLINS
80193,2023,1,0,0,1,1,0,2,2,Colorado,April,9,Sunday,5:00am-5:59am,0,Interstate,Rural,Interstate,State Highway Agency,This Section IS ON the NHS,No Special Jurisdiction,Rollover/Overturn,The First Harmful Event was Not a Collision with a Motor Vehicle in Transport,No,Non-Junction,Not an Intersection,On Roadside,,Dark - Not Lighted,Clear,No,Not Applicable,40.06615556,-104.65076111,WELD (123),HUDSON
80194,2023,1,0,0,1,1,0,5,5,Colorado,May,2,Tuesday,1:00am-1:59am,33,State Highway,Rural,Minor Arterial,State Highway Agency,This Section IS NOT on the NHS,No Special Jurisdiction,Boulder,The First Harmful Event was Not a Collision with a Motor Vehicle in Transport,No,Non-Junction,Not an Intersection,On Roadside,,Dark - Not Lighted,Clear,No,Not Applicable,40.00355556,-105.40161667,BOULDER (13),NOT APPLICABLE
80195,2023,2,0,0,1,1,0,3,3,Colorado,May,4,Thursday,10:00pm-10:59pm,1,U.S. Highway,Rural,Minor Arterial,State Highway Agency,This Section IS NOT on the NHS,No Special Jurisdiction,Rollover/Overturn,The First Harmful Event was Not a Collision with a Motor Vehicle in Transport,No,Non-Junction,Not an Intersection,On Roadside,,Dark - Not Lighted,Clear,No,Not Applicable,40.075525,-105.28436111,BOULDER (13),NOT APPLICABLE
80196,2023,1,1,1,1,1,0,4,4,Colorado,May,4,Thursday,9:00pm-9:59pm,12,U.S. Highway,Urban,Other Principal Arterial,State Highway Agency,This Section IS ON the NHS,No Special Jurisdiction,Pedestrian,The First Harmful Event was Not a Collision with a Motor Vehicle in Transport,No,Intersection-Related,Four-Way Intersection,On Roadway,,Dark - Lighted,Clear,No,Not Applicable,38.24489167,-104.506,PUEBLO (101),NOT APPLICABLE
80197,2023,1,0,0,2,2,0,2,2,Colorado,May,4,Thursday,6:00am-6:59am,20,State Highway,Rural,Other Principal Arterial,State Highway Agency,This Section IS ON the NHS,No Special Jurisdiction,Motor Vehicle In-Transport,Front-to-Front,No,Non-Junction,Not an Intersection,On Roadway,,Daylight,Clear,No,Not Applicable,39.81597778,-107.95617778,RIO BLANCO (103),NOT APPLICABLE
80198,2023,1,1,1,1,1,0,1,1,Colorado,May,4,Thursday,11:00pm-11:59pm,13,Municipal,Urban,Minor Arterial,City or Municipal Highway Agency,This Section IS NOT on the NHS,No Special Jurisdiction,Pedalcyclist,The First Harmful Event was Not a Collision with a Motor Vehicle in Transport,No,Intersection,Four-Way Intersection,On Roadway,,Dark - Lighted,Clear,No,Not Applicable,39.73424444,-104.86590556,ARAPAHOE (5),AURORA
80199,2023,1,0,0,2,2,0,2,2,Colorado,May,5,Friday,12:00pm-12:59pm,43,County,Rural,Local,County Highway Agency,This Section IS NOT on the NHS,No Special Jurisdiction,Motor Vehicle In-Transport,Front-to-Front,No,Non-Junction,Not an Intersection,On Roadway,,Daylight,Clear,No,Not Applicable,39.47388889,-104.86066111,DOUGLAS (35),NOT APPLICABLE
80200,2023,1,0,0,3,3,0,5,5,Colorado,May,8,Monday,1:00pm-1:59pm,16,U.S. Highway,Rural,Other Principal Arterial,State Highway Agency,This Section IS ON the NHS,No Special Jurisdiction,Motor Vehicle In-Transport,Front-to-Rear,No,Non-Junction,Not an Intersection,On Roadway,,Daylight,Clear,No,Not Applicable,37.74325,-108.87455,DOLORES (33),NOT APPLICABLE
80201,2023,1,1,1,2,2,0,3,3,Colorado,May,4,Thursday,8:00pm-8:59pm,34,State Highway,Urban,Other Principal Arterial,State Highway Agency,This Section IS ON the NHS,No Special Jurisdiction,Pedestrian,The First Harmful Event was Not a Collision with a Motor Vehicle in Transport,No,Non-Junction,Not an Intersection,On Roadway,,Dark - Lighted,Clear,No,Not Applicable,39.72288889,-105.08150556,JEFFERSON (59),LAKEWOOD
80202,2023,1,0,0,3,3,0,5,5,Colorado,May,8,Monday,8:00pm-8:59pm,29,Municipal,Urban,Other Principal Arterial,City or Municipal Highway Agency,This Section IS ON the NHS,No Special Jurisdiction,Motor Vehicle In-Transport,Angle,No,Intersection,Four-Way Intersection,On Roadway,,Dark - Lighted,Clear,No,Not Applicable,39.86346111,-105.00607222,ADAMS (1),THORNTON
80203,2023,1,0,0,1,1,0,1,1,Colorado,May,8,Monday,3:00am-3:59am,0,State Highway,Rural,Minor Arterial,State Highway Agency,This Section IS NOT on the NHS,No Special Jurisdiction,Embankment,The First Harmful Event was Not a Collision with a Motor Vehicle in Transport,No,Non-Junction,Not an Intersection,On Roadside,,Dark - Not Lighted,Clear,No,Not Applicable,39.97777778,-105.45813889,BOULDER (13),NOT APPLICABLE