ST_CASE,YEAR,FATALS,PEDS,PERNOTMVIT,VE_TOTAL,VE_FORMS,PVH_INVL,PERSONS,PERMVIT,STATENAME,MONTHNAME,DAYNAME,DAY_WEEKNAME,HOURNAME,MINUTENAME,ROUTENAME,RUR_URBNAME,FUNC_SYSNAME,RD_OWNERNAME,NHSNAME,SP_JURNAME,HARM_EVNAME,MAN_COLLNAME,RELJCT1NAME,RELJCT2NAME,TYP_INTNAME,REL_ROADNAME,WRK_ZONENAME,LGT_CONDNAME,WEATHERNAME,SCH_BUSNAME,RAILNAME,LATITUDE,LONGITUD,COUNTYNAME,CITYNAME
80404,2023,1,0,0,1,1,0,1,1,Colorado,August,16,Wednesday,2:00pm-2:59pm,32,Municipal,Urban,Other Principal Arterial,City or Municipal Highway Agency,This Section IS ON the NHS,No Special Jurisdiction,Rollover/Overturn,The First Harmful Event was Not a Collision with a Motor Vehicle in Transport,Yes,Through Roadway,Not an Intersection,On Roadway,,Daylight,Clear,No,Not Applicable,38.79891667,-104.78258889,EL PASO (41),COLORADO SPRINGS
80405,2023,1,0,0,1,1,0,1,1,Colorado,August,10,Thursday,1:00am-1:59am,30,County,Rural,Major Collector,County Highway Agency,This Section IS NOT on the NHS,No Special Jurisdiction,Rollover/Overturn,The First Harmful Event was Not a Collision with a Motor Vehicle in Transport,No,Non-Junction,Not an Intersection,On Roadway,,Dark - Not Lighted,Clear,No,Not Applicable,37.31236111,-104.76694444,LAS ANIMAS (71),NOT APPLICABLE
80406,2023,1,0,0,2,2,0,2,2,Colorado,August,18,Friday,7:00am-7:59am,6,Interstate,Rural,Interstate,State Highway Agency,This Section IS ON the NHS,No Special Jurisdiction,"Post, Pole or Other Supports",The First Harmful Event was Not a Collision with a Motor Vehicle in Transport,Yes,Other location within Interchange Area,Not an Intersection,On Median,,Daylight,Clear,No,Not Applicable,38.12603056,-104.67027222,PUEBLO (101),NOT APPLICABLE
80407,2023,1,0,0,1,1,0,1,1,Colorado,August,18,Friday,8:00am-8:59am,0,Interstate,Rural,Interstate,State Highway Agency,This Section IS ON the NHS,No Special Jurisdiction,Rollover/Overturn,The First Harmful Event was Not a Collision with a Motor Vehicle in Transport,No,Non-Junction,Not an Intersection,On Roadway,Maintenance,Daylight,Clear,No,Not Applicable,39.67463333,-105.95926111,SUMMIT (117),NOT APPLICABLE
80408,2023,1,0,0,1,1,0,1,1,Colorado,August,18,Friday,4:00pm-4:59pm,35,County,Rural,Minor Collector,County Highway Agency,This Section IS NOT on the NHS,No Special Jurisdiction,Rollover/Overturn,The First Harmful Event was Not a Collision with a Motor Vehicle in Transport,No,Non-Junction,Not an Intersection,On Roadside,,Daylight,Clear,No,Not Applicable,39.06903889,-103.05123889,KIT CARSON (63),NOT APPLICABLE
80409,2023,1,0,0,1,1,0,1,1,Colorado,August,9,Wednesday,7:00am-7:59am,5,State Highway,Rural,Other Principal Arterial,State Highway Agency,This Section IS ON the NHS,No Special Jurisdiction,Ditch,The First Harmful Event was Not a Collision with a Motor Vehicle in Transport,No,Non-Junction,Not an Intersection,On Roadside,,Dark - Not Lighted,Clear,No,Not Applicable,40.20365,-104.85963333,WELD (123),PLATTEVILLE
80410,2023,1,1,1,1,1,0,2,2,Colorado,August,12,Saturday,9:00pm-9:59pm,25,State Highway,Urban,Other Principal Arterial,State Highway Agency,This Section IS ON the NHS,No Special Jurisdiction,Pedestrian,The First Harmful Event was Not a Collision with a Motor Vehicle in Transport,No,Intersection-Related,Four-Way Intersection,On Roadway,,Dark - Lighted,Clear,No,Not Applicable,39.51901111,-104.76526111,DOUGLAS (35),PARKER
80411,2023,1,0,0,2,2,0,2,2,Colorado,August,8,Tuesday,4:00pm-4:59pm,59,County,Rural,Minor Collector,County Highway Agency,This Section IS NOT on the NHS,No Special Jurisdiction,Rollover/Overturn,The First Harmful Event was Not a Collision with a Motor Vehicle in Transport,No,Intersection,T-Intersection,On Roadway,,Daylight,Clear,No,Not Applicable,39.53551667,-107.64575278,GARFIELD (45),NOT APPLICABLE
80412,2023,1,0,0,1,1,0,1,1,Colorado,August,21,Monday,6:00am-6:59am,27,Interstate,Rural,Interstate,State Highway Agency,This Section IS ON the NHS,No Special Jurisdiction,Rollover/Overturn,The First Harmful Event was Not a Collision with a Motor Vehicle in Transport,No,Non-Junction,Not an Intersection,On Roadside,,Dawn,Clear,No,Not Applicable,37.91229167,-104.82783333,PUEBLO (101),NOT APPLICABLE
80413,2023,1,1,1,1,1,0,1,1,Colorado,August,21,Monday,5:00am-5:59am,17,Municipal,Urban,Minor Arterial,City or Municipal Highway Agency,This Section IS NOT on the NHS,No Special Jurisdiction,Non-Motorist on Personal Conveyance,The First Harmful Event was Not a Collision with a Motor Vehicle in Transport,No,Intersection,Four-Way Intersection,On Roadway,,Dark - Lighted,Clear,No,Not Applicable,39.73844444,-104.98112222,DENVER (31),DENVER
80414,2023,1,0,0,2,2,0,3,3,Colorado,August,22,Tuesday,1:00pm-1:59pm,22,U.S. Highway,Rural,Other Principal Arterial,State Highway Agency,This Section IS ON the NHS,No Special Jurisdiction,Motor Vehicle In-Transport,Angle,No,Non-Junction,Not an Intersection,On Roadway,,Daylight,Rain,No,Not Applicable,37.35291667,-108.22051111,MONTEZUMA (83),NOT APPLICABLE
80415,2023,1,0,0,1,1,0,1,1,Colorado,August,18,Friday,5:00pm-5:59pm,13,Municipal,Urban,Major Collector,City or Municipal Highway Agency,This Section IS NOT on the NHS,No Special Jurisdiction,Rollover/Overturn,The First Harmful Event was Not a Collision with a Motor Vehicle in Transport,No,Non-Junction,Not an Intersection,On Roadside,,Daylight,Cloudy,No,Not Applicable,39.70277778,-105.19567778,JEFFERSON (59),LAKEWOOD
80416,2023,1,0,0,1,1,0,3,3,Colorado,August,23,Wednesday,0:00am-0:59am,27,County,Urban,Local,County Highway Agency,This Section IS NOT on the NHS,No Special Jurisdiction,Mail Box,The First Harmful Event was Not a Collision with a Motor Vehicle in Transport,No,Non-Junction,Not an Intersection,On Roadside,,Dark - Not Lighted,Clear,No,Not Applicable,38.42126667,-105.21661667,FREMONT (43),NOT APPLICABLE
80417,2023,1,0,0,1,1,0,1,1,Colorado,August,24,Thursday,1:00am-1:59am,0,County,Rural,Local,County Highway Agency,This Section IS NOT on the NHS,No Special Jurisdiction,Rollover/Overturn,The First Harmful Event was Not a Collision with a Motor Vehicle in Transport,No,Non-Junction,Not an Intersection,On Roadside,,Dark - Not Lighted,Rain,No,Not Applicable,37.37840556,-108.49777778,MONTEZUMA (83),NOT APPLICABLE
80418,2023,1,0,0,2,2,0,2,2,Colorado,August,9,Wednesday,6:00am-6:59am,33,State Highway,Urban,Other Principal Arterial,State Highway Agency,This Section IS ON the NHS,No Special Jurisdiction,Motor Vehicle In-Transport,Front-to-Front,No,Non-Junction,Not an Intersection,On Median,,Daylight,Clear,No,Not Applicable,39.40816667,-104.84954444,DOUGLAS (35),CASTLE ROCK
80419,2023,1,0,0,1,1,0,1,1,Colorado,August,19,Saturday,6:00pm-6:59pm,42,U.S. Highway,Urban,Other Freeways and Expressways,State Highway Agency,This Section IS ON the NHS,No Special Jurisdiction,Guardrail Face,The First Harmful Event was Not a Collision with a Motor Vehicle in Transport,Yes,Other location within Interchange Area,Not an Intersection,On Roadside,,Daylight,Cloudy,No,Not Applicable,40.39022222,-104.68772222,WELD (123),EVANS
80420,2023,1,0,0,1,1,0,2,2,Colorado,August,25,Friday,0:00am-0:59am,46,State Highway,Urban,Other Freeways and Expressways,State Highway Agency,This Section IS ON the NHS,No Special Jurisdiction,Guardrail Face,The First Harmful Event was Not a Collision with a Motor Vehicle in Transport,Yes,Other location within Interchange Area,Not an Intersection,On Roadside,,Dark - Lighted,Cloudy,No,Not Applicable,39.55361944,-105.08622222,JEFFERSON (59),NOT APPLICABLE
80421,2023,1,0,0,1,1,0,2,2,Colorado,August,26,Saturday,1:00am-1:59am,25,Interstate,Urban,Interstate,State Highway Agency,This Section IS ON the NHS,No Special Jurisdiction,"Post, Pole or Other Supports",The First Harmful Event was Not a Collision with a Motor Vehicle in Transport,Yes,Entrance/Exit Ramp Related,Not an Intersection,Gore,,Dark - Not Lighted,Clear,No,Not Applicable,39.55459444,-104.87277778,DOUGLAS (35),NOT APPLICABLE
80422,2023,3,0,0,2,2,0,4,4,Colorado,August,26,Saturday,7:00pm-7:59pm,56,Municipal,Urban,Minor Arterial,City or Municipal Highway Agency,This Section IS NOT on the NHS,No Special Jurisdiction,Motor Vehicle In-Transport,Front-to-Front,No,Non-Junction,Not an Intersection,On Roadway,,Dark - Not Lighted,Severe Crosswinds,No,Not Applicable,38.36344444,-104.68397778,PUEBLO (101),PUEBLO WEST
80423,2023,1,0,0,2,2,0,4,4,Colorado,August,27,Sunday,11:00am-11:59am,16,State Highway,Rural,Minor Arterial,State Highway Agency,This Section IS NOT on the NHS,No Special Jurisdiction,Motor Vehicle In-Transport,Angle,No,Intersection,T-Intersection,On Roadway,,Daylight,Clear,No,Not Applicable,39.37968333,-104.71627222,DOUGLAS (35),NOT APPLICABLE
80424,2023,1,1,1,1,1,0,1,1,Colorado,August,3,Thursday,11:00pm-11:59pm,17,Municipal,Urban,Minor Arterial,City or Municipal Highway Agency,This Section IS NOT on the NHS,No Special Jurisdiction,Pedestrian,The First Harmful Event was Not a Collision with a Motor Vehicle in Transport,No,Intersection,Four-Way Intersection,On Roadway,,Dark - Lighted,Clear,No,Not Applicable,38.24407222,-104.61611111,PUEBLO (101),PUEBLO
80425,2023,1,1,1,1,1,0,1,1,Colorado,August,26,Saturday,1:00am-1:59am,14,U.S. Highway,Urban,Other Principal Arterial,State Highway Agency,This Section IS ON the NHS,No Special Jurisdiction,Pedestrian,The First Harmful Event was Not a Collision with a Motor Vehicle in Transport,No,Intersection-Related,Four-Way Intersection,On Roadway,,Dark - Lighted,Clear,No,Not Applicable,38.28674444,-104.59695,PUEBLO (101),PUEBLO
80426,2023,1,0,0,1,1,0,1,1,Colorado,August,27,Sunday,11:00am-11:59am,35,U.S. Highway,Rural,Other Principal Arterial,State Highway Agency,This Section IS ON the NHS,No Special Jurisdiction,Shrubbery,The First Harmful Event was Not a Collision with a Motor Vehicle in Transport,No,Non-Junction,Not an Intersection,On Roadside,,Daylight,Cloudy,No,Not Applicable,39.41113889,-105.50333333,PARK (93),NOT APPLICABLE
80427,2023,1,1,1,1,1,0,1,1,Colorado,August,29,Tuesday,9:00pm-9:59pm,27,U.S. Highway,Urban,Other Freeways and Expressways,State Highway Agency,This Section IS ON the NHS,No Special Jurisdiction,Pedalcyclist,The First Harmful Event was Not a Collision with a Motor Vehicle in Transport,No,Non-Junction,Not an Intersection,On Roadway,,Dark - Not Lighted,Clear,No,Not Applicable,38.31679722,-104.67499167,PUEBLO (101),NOT APPLICABLE
80428,2023,1,1,1,1,1,0,1,1,Colorado,August,11,Friday,9:00pm-9:59pm,21,State Highway,Urban,Other Principal Arterial,State Highway Agency,This Section IS ON the NHS,No Special Jurisdiction,Pedalcyclist,The First Harmful Event was Not a Collision with a Motor Vehicle in Transport,No,Intersection-Related,Four-Way Intersection,On Roadway,,Dark - Lighted,Cloudy,No,Not Applicable,39.65567222,-105.08128889,JEFFERSON (59),LAKEWOOD
80429,2023,1,1,1,1,1,0,1,1,Colorado,August,20,Sunday,9:00am-9:59am,25,U.S. Highway,Urban,Other Freeways and Expressways,State Highway Agency,This Section IS ON the NHS,No Special Jurisdiction,Pedalcyclist,The First Harmful Event was Not a Collision with a Motor Vehicle in Transport,Yes,Through Roadway,Not an Intersection,On Roadway,,Daylight,Clear,No,Not Applicable,39.70516667,-104.997,DENVER (31),DENVER
80430,2023,1,1,1,1,1,0,1,1,Colorado,August,28,Monday,2:00pm-2:59pm,29,U.S. Highway,Urban,Other Principal Arterial,State Highway Agency,This Section IS ON the NHS,No Special Jurisdiction,Pedestrian,The First Harmful Event was Not a Collision with a Motor Vehicle in Transport,No,Non-Junction,Not an Intersection,On Roadway,,Daylight,Clear,No,Not Applicable,37.30944444,-108.61125,MONTEZUMA (83),NOT APPLICABLE
80431,2023,1,0,0,2,2,0,2,2,Colorado,August,30,Wednesday,5:00am-5:59am,22,U.S. Highway,Urban,Other Principal Arterial,State Highway Agency,This Section IS ON the NHS,No Special Jurisdiction,Motor Vehicle In-Transport,Front-to-Front,No,Non-Junction,Not an Intersection,On Roadway,,Dark - Not Lighted,Clear,No,Not Applicable,37.32268333,-108.60873056,MONTEZUMA (83),NOT APPLICABLE
80432,2023,1,0,0,3,3,0,5,5,Colorado,August,30,Wednesday,9:00am-9:59am,1,U.S. Highway,Rural,Other Principal Arterial,State Highway Agency,This Section IS ON the NHS,No Special Jurisdiction,Motor Vehicle In-Transport,Front-to-Rear,No,Driveway Access Related,Not an Intersection,On Roadway,,Daylight,Clear,No,Not Applicable,37.25098056,-107.08373056,ARCHULETA (7),NOT APPLICABLE
80433,2023,1,0,0,2,2,0,2,2,Colorado,August,31,Thursday,12:00pm-12:59pm,10,County,Urban,Major Collector,County Highway Agency,This Section IS NOT on the NHS,No Special Jurisdiction,Motor Vehicle In-Transport,Front-to-Front,No,Non-Junction,Not an Intersection,On Roadway,,Daylight,Clear,No,Not Applicable,39.549675,-105.13153611,JEFFERSON (59),NOT APPLICABLE
80434,2023,1,0,0,1,1,0,1,1,Colorado,August,30,Wednesday,3:00pm-3:59pm,34,State Highway,Rural,Minor Arterial,State Highway Agency,This Section IS NOT on the NHS,No Special Jurisdiction,Culvert,The First Harmful Event was Not a Collision with a Motor Vehicle in Transport,No,Non-Junction,Not an Intersection,On Roadside,,Daylight,Clear,No,Not Applicable,40.61206667,-106.09274444,JACKSON (57),NOT APPLICABLE
80435,2023,1,1,1,1,1,0,1,1,Colorado,August,15,Tuesday,0:00am-0:59am,24,Municipal,Urban,Local,City or Municipal Highway Agency,This Section IS NOT on the NHS,No Special Jurisdiction,Pedestrian,The First Harmful Event was Not a Collision with a Motor Vehicle in Transport,No,Non-Junction,Not an Intersection,On Roadway,,Dark - Lighted,Clear,No,Not Applicable,39.77140278,-104.84799444,DENVER (31),DENVER
80436,2023,1,0,0,1,1,0,1,1,Colorado,August,17,Thursday,11:00pm-11:59pm,20,Interstate,Rural,Interstate,State Highway Agency,This Section IS ON the NHS,No Special Jurisdiction,Guardrail Face,The First Harmful Event was Not a Collision with a Motor Vehicle in Transport,No,Non-Junction,Not an Intersection,On Roadside,,Dark - Not Lighted,Clear,No,Not Applicable,39.29468333,-102.61333333,KIT CARSON (63),NOT APPLICABLE
80437,2023,1,0,0,1,1,0,1,1,Colorado,August,27,Sunday,4:00pm-4:59pm,7,Interstate,Rural,Interstate,State Highway Agency,This Section IS ON the NHS,No Special Jurisdiction,Cable Barrier,The First Harmful Event was Not a Collision with a Motor Vehicle in Transport,No,Non-Junction,Not an Intersection,On Median,,Daylight,Clear,No,Not Applicable,40.08756111,-104.62363611,WELD (123),HUDSON
80438,2023,1,0,0,2,2,0,3,3,Colorado,August,4,Friday,10:00pm-10:59pm,31,U.S. Highway,Urban,Other Principal Arterial,State Highway Agency,This Section IS ON the NHS,No Special Jurisdiction,Motor Vehicle In-Transport,Front-to-Front,No,Non-Junction,Not an Intersection,On Roadway,,Dark - Lighted,Clear,No,Not Applicable,39.74031111,-105.03677222,DENVER (31),DENVER
80439,2023,1,1,1,1,1,0,4,4,Colorado,August,28,Monday,7:00pm-7:59pm,34,Municipal,Urban,Other Principal Arterial,City or Municipal Highway Agency,This Section IS ON the NHS,No Special Jurisdiction,Pedestrian,The First Harmful Event was Not a Collision with a Motor Vehicle in Transport,No,Non-Junction,Not an Intersection,On Roadway,,Daylight,Rain,No,Not Applicable,39.67854722,-104.97596111,DENVER (31),DENVER
80440,2023,1,1,1,1,1,0,2,2,Colorado,August,21,Monday,8:00pm-8:59pm,31,State Highway,Urban,Other Principal Arterial,State Highway Agency,This Section IS ON the NHS,No Special Jurisdiction,Pedestrian,The First Harmful Event was Not a Collision with a Motor Vehicle in Transport,No,Intersection-Related,Four-Way Intersection,On Roadway,,Dark - Lighted,Clear,No,Not Applicable,39.53697778,-104.76799444,DOUGLAS (35),PARKER
80441,2023,1,0,0,1,1,0,1,1,Colorado,August,29,Tuesday,8:00am-8:59am,56,State Highway,Urban,Other Principal Arterial,State Highway Agency,This Section IS ON the NHS,No Special Jurisdiction,Wall,The First Harmful Event was Not a Collision with a Motor Vehicle in Transport,No,Non-Junction,Not an Intersection,On Roadside,Construction,Daylight,Clear,No,Not Applicable,39.78277778,-105.08128611,JEFFERSON (59),WHEAT RIDGE
80442,2023,1,0,0,1,1,0,1,1,Colorado,July,31,Monday,0:00am-0:59am,19,U.S. Highway,Rural,Other Freeways and Expressways,State Highway Agency,This Section IS ON the NHS,No Special Jurisdiction,Cable Barrier,The First Harmful Event was Not a Collision with a Motor Vehicle in Transport,No,Non-Junction,Not an Intersection,On Median,,Dark - Not Lighted,Clear,No,Not Applicable,40.15349167,-104.81261944,WELD (123),FORT LUPTON
80443,2023,1,0,0,2,2,0,2,2,Colorado,September,1,Friday,4:00pm-4:59pm,2,U.S. Highway,Rural,Other Principal Arterial,State Highway Agency,This Section IS ON the NHS,No Special Jurisdiction,Motor Vehicle In-Transport,Front-to-Front,No,Non-Junction,Not an Intersection,On Roadway,,Daylight,Clear,No,Not Applicable,40.87581944,-104.79481944,WELD (123),NOT APPLICABLE
80444,2023,1,0,0,2,2,0,3,3,Colorado,September,1,Friday,4:00pm-4:59pm,21,Interstate,Rural,Interstate,State Highway Agency,This Section IS ON the NHS,No Special Jurisdiction,Motor Vehicle In-Transport,Rear-to-Side,No,Non-Junction,Not an Intersection,On Roadway,,Daylight,Clear,No,Not Applicable,40.88491667,-102.58006111,SEDGWICK (115),NOT APPLICABLE
80445,2023,1,0,0,3,3,0,7,7,Colorado,September,2,Saturday,11:00pm-11:59pm,40,Municipal,Urban,Other Principal Arterial,City or Municipal Highway Agency,This Section IS ON the NHS,No Special Jurisdiction,Motor Vehicle In-Transport,Angle,No,Intersection,Four-Way Intersection,On Roadway,,Dark - Lighted,Cloudy,No,Not Applicable,39.67489167,-104.81006667,ARAPAHOE (5),AURORA
80446,2023,1,0,0,2,2,0,2,2,Colorado,September,4,Monday,1:00pm-1:59pm,10,U.S. Highway,Rural,Other Principal Arterial,State Highway Agency,This Section IS ON the NHS,No Special Jurisdiction,Motor Vehicle In-Transport,Front-to-Front,No,Non-Junction,Not an Intersection,On Roadway,,Daylight,Clear,No,Not Applicable,39.26293889,-105.95805556,PARK (93),NOT APPLICABLE
80447,2023,1,0,0,2,2,0,2,2,Colorado,September,2,Saturday,8:00pm-8:59pm,4,State Highway,Urban,Other Principal Arterial,State Highway Agency,This Section IS ON the NHS,No Special Jurisdiction,"Motor Vehicle In-Transport Strikes or is Struck by Cargo, Persons or Objects Set-in-Motion from/by Another Motor Vehicle In Transport",Other,No,Intersection,Four-Way Intersection,On Roadway,,Dark - Lighted,Clear,No,Not Applicable,39.68593889,-105.05325833,JEFFERSON (59),LAKEWOOD
80448,2023,1,0,0,2,2,0,4,4,Colorado,September,2,Saturday,2:00am-2:59am,44,U.S. Highway,Urban,Other Freeways and Expressways,State Highway Agency,This Section IS ON the NHS,No Special Jurisdiction,Motor Vehicle In-Transport,Front-to-Rear,No,Non-Junction,Not an Intersection,On Roadway,,Dark - Lighted,Clear,No,Not Applicable,39.84327778,-105.04093333,ADAMS (1),WESTMINSTER
80449,2023,1,0,0,1,1,0,1,1,Colorado,September,6,Wednesday,8:00pm-8:59pm,40,County,Rural,Local,County Highway Agency,This Section IS NOT on the NHS,No Special Jurisdiction,Rollover/Overturn,The First Harmful Event was Not a Collision with a Motor Vehicle in Transport,No,Non-Junction,Not an Intersection,On Roadside,,Daylight,Clear,No,Not Applicable,38.37248611,-104.96166667,FREMONT (43),NOT APPLICABLE
80450,2023,1,0,0,1,1,0,1,1,Colorado,September,7,Thursday,12:00pm-12:59pm,28,State Highway,Rural,Major Collector,State Highway Agency,This Section IS NOT on the NHS,No Special Jurisdiction,"Post, Pole or Other Supports",The First Harmful Event was Not a Collision with a Motor Vehicle in Transport,No,Non-Junction,Not an Intersection,On Roadside,,Daylight,Clear,No,Not Applicable,38.7117,-107.632075,DELTA (29),NOT APPLICABLE
80451,2023,1,0,0,2,2,0,2,2,Colorado,September,7,Thursday,7:00am-7:59am,0,State Highway,Rural,Minor Collector,State Highway Agency,This Section IS NOT on the NHS,No Special Jurisdiction,Motor Vehicle In-Transport,Front-to-Rear,No,Non-Junction,Not an Intersection,On Roadway,,Daylight,Clear,Yes,Not Applicable,37.28350833,-106.11302778,CONEJOS (21),NOT APPLICABLE
80452,2023,1,0,0,3,3,0,3,3,Colorado,September,7,Thursday,3:00pm-3:59pm,33,U.S. Highway,Urban,Other Principal Arterial,State Highway Agency,This Section IS ON the NHS,No Special Jurisdiction,Motor Vehicle In-Transport,Sideswipe - Same Direction,No,Non-Junction,Not an Intersection,On Roadway,,Daylight,Clear,No,Not Applicable,39.914275,-105.02588333,ADAMS (1),WESTMINSTER
80453,2023,1,1,1,1,1,0,1,1,Colorado,September,8,Friday,6:00am-6:59am,2,U.S. Highway,Urban,Other Freeways and Expressways,State Highway Agency,This Section IS ON the NHS,No Special Jurisdiction,Pedestrian,The First Harmful Event was Not a Collision with a Motor Vehicle in Transport,Yes,Intersection-Related,Four-Way Intersection,On Roadway,,Dark - Lighted,Clear,No,Not Applicable,39.85906111,-105.05533611,JEFFERSON (59),WESTMINSTER
80454,2023,1,0,0,2,2,0,2,2,Colorado,September,8,Friday,4:00pm-4:59pm,39,State Highway,Urban,Other Principal Arterial,State Highway Agency,This Section IS ON the NHS,No Special Jurisdiction,Motor Vehicle In-Transport,Angle,No,Intersection-Related,T-Intersection,On Roadway,,Daylight,Clear,No,Not Applicable,39.34121111,-107.00179722,PITKIN (97),NOT APPLICABLE
80455,2023,1,0,0,3,3,0,3,3,Colorado,September,8,Friday,6:00pm-6:59pm,20,Interstate,Urban,Interstate,State Highway Agency,This Section IS ON the NHS,No Special Jurisdiction,Motor Vehicle In-Transport,Angle,No,Crossover-Related,Not an Intersection,On Roadway,Construction,Daylight,Clear,No,Not Applicable,39.63068611,-106.06184167,SUMMIT (117),NOT APPLICABLE
80456,2023,1,0,0,2,2,0,2,2,Colorado,September,9,Saturday,12:00pm-12:59pm,4,U.S. Highway,Rural,Minor Arterial,State Highway Agency,This Section IS NOT on the NHS,No Special Jurisdiction,Motor Vehicle In-Transport,Sideswipe - Opposite Direction,No,Non-Junction,Not an Intersection,On Roadway,,Daylight,Clear,No,Not Applicable,39.03896667,-105.52666667,PARK (93),NOT APPLICABLE
80457,2023,1,0,0,1,1,0,1,1,Colorado,September,9,Saturday,6:00pm-6:59pm,49,U.S. Highway,Rural,Other Principal Arterial,State Highway Agency,This Section IS ON the NHS,No Special Jurisdiction,Tree (Standing Only),The First Harmful Event was Not a Collision with a Motor Vehicle in Transport,No,Non-Junction,Not an Intersection,On Roadside,,Dusk,Clear,No,Not Applicable,40.49194444,-107.30174444,ROUTT (107),NOT APPLICABLE
80458,2023,1,0,0,1,1,0,4,4,Colorado,September,4,Monday,2:00am-2:59am,10,Municipal,Urban,Minor Arterial,City or Municipal Highway Agency,This Section IS NOT on the NHS,No Special Jurisdiction,Curb,The First Harmful Event was Not a Collision with a Motor Vehicle in Transport,No,Non-Junction,Not an Intersection,On Roadside,,Dark - Lighted,Clear,No,Not Applicable,38.24422778,-104.62913333,PUEBLO (101),PUEBLO
80459,2023,2,0,0,1,1,0,4,4,Colorado,September,11,Monday,9:00pm-9:59pm,54,County,Rural,Local,County Highway Agency,This Section IS NOT on the NHS,No Special Jurisdiction,Tree (Standing Only),The First Harmful Event was Not a Collision with a Motor Vehicle in Transport,No,Non-Junction,Not an Intersection,On Roadside,,Dark - Not Lighted,Clear,No,Not Applicable,37.29385278,-107.940075,LA PLATA (67),NOT APPLICABLE
80460,2023,1,0,0,2,2,0,2,2,Colorado,September,8,Friday,4:00pm-4:59pm,26,Municipal,Urban,Major Collector,City or Municipal Highway Agency,This Section IS NOT on the NHS,No Special Jurisdiction,Motor Vehicle In-Transport,Angle,No,Driveway Access Related,Not an Intersection,On Roadway,,Daylight,Clear,No,Not Applicable,39.70654444,-104.82741667,ARAPAHOE (5),AURORA
80461,2023,1,0,0,3,3,0,3,3,Colorado,September,13,Wednesday,2:00pm-2:59pm,27,County,Rural,Major Collector,County Highway Agency,This Section IS NOT on the NHS,No Special Jurisdiction,Motor Vehicle In-Transport,Front-to-Front,No,Non-Junction,Not an Intersection,On Roadway,,Daylight,Clear,No,Not Applicable,40.31433333,-104.60214444,WELD (123),NOT APPLICABLE
80462,2023,1,0,0,1,1,0,4,4,Colorado,September,13,Wednesday,11:00pm-11:59pm,20,County,Rural,Major Collector,County Highway Agency,This Section IS NOT on the NHS,No Special Jurisdiction,Embankment,The First Harmful Event was Not a Collision with a Motor Vehicle in Transport,No,Non-Junction,Not an Intersection,On Roadside,,Dark - Not Lighted,Clear,No,Not Applicable,40.37697222,-104.65591944,WELD (123),NOT APPLICABLE
80463,2023,1,0,0,2,2,0,3,3,Colorado,September,14,Thursday,8:00pm-8:59pm,15,State Highway,Rural,Other Principal Arterial,State Highway Agency,This Section IS ON the NHS,No Special Jurisdiction,Motor Vehicle In-Transport,Angle,No,Intersection,Four-Way Intersection,On Roadway,,Dark - Not Lighted,Rain,No,Not Applicable,40.64065278,-104.06810556,WELD (123),NOT APPLICABLE
80464,2023,1,0,0,2,2,0,3,3,Colorado,September,3,Sunday,5:00pm-5:59pm,41,U.S. Highway,Rural,Minor Arterial,State Highway Agency,This Section IS NOT on the NHS,No Special Jurisdiction,Motor Vehicle In-Transport,Angle,No,Driveway Access Related,Not an Intersection,On Roadway,,Daylight,Clear,No,Not Applicable,40.25396111,-103.71349444,MORGAN (87),NOT APPLICABLE
80465,2023,1,0,0,1,1,0,2,2,Colorado,September,16,Saturday,6:00pm-6:59pm,28,County,Rural,Local,County Highway Agency,This Section IS NOT on the NHS,No Special Jurisdiction,Rollover/Overturn,The First Harmful Event was Not a Collision with a Motor Vehicle in Transport,No,Non-Junction,Not an Intersection,On Roadway,,Daylight,Clear,No,Not Applicable,40.79857222,-104.13128056,WELD (123),NOT APPLICABLE
80466,2023,1,1,1,1,1,0,1,1,Colorado,September,10,Sunday,10:00pm-10:59pm,19,Municipal,Urban,Other Principal Arterial,City or Municipal Highway Agency,This Section IS ON the NHS,No Special Jurisdiction,Pedestrian,The First Harmful Event was Not a Collision with a Motor Vehicle in Transport,No,Intersection-Related,Four-Way Intersection,On Roadway,,Dark - Lighted,Cloudy,No,Not Applicable,39.74729444,-104.84710556,ADAMS (1),AURORA
80467,2023,2,0,0,2,2,0,4,4,Colorado,September,15,Friday,11:00pm-11:59pm,27,Municipal,Urban,Other Principal Arterial,City or Municipal Highway Agency,This Section IS ON the NHS,No Special Jurisdiction,Motor Vehicle In-Transport,Front-to-Front,No,Intersection,Four-Way Intersection,On Roadway,,Dark - Lighted,Clear,No,Not Applicable,39.82726111,-104.91551111,ADAMS (1),COMMERCE CITY
80468,2023,1,0,0,2,2,0,3,3,Colorado,September,16,Saturday,10:00am-10:59am,35,Municipal,Urban,Other Principal Arterial,City or Municipal Highway Agency,This Section IS ON the NHS,No Special Jurisdiction,Motor Vehicle In-Transport,Angle,No,Intersection,Four-Way Intersection,On Roadway,,Daylight,Clear,No,Not Applicable,39.67393333,-104.785725,ARAPAHOE (5),AURORA
80469,2023,1,0,2,2,1,1,8,6,Colorado,September,14,Thursday,5:00pm-5:59pm,1,Interstate,Rural,Interstate,State Highway Agency,This Section IS ON the NHS,No Special Jurisdiction,Parked Motor Vehicle,The First Harmful Event was Not a Collision with a Motor Vehicle in Transport,No,Non-Junction,Not an Intersection,On Shoulder,,Daylight,Sleet or Hail,No,Not Applicable,39.73813056,-104.45386111,ARAPAHOE (5),NOT APPLICABLE