ST_CASE,YEAR,FATALS,PEDS,PERNOTMVIT,VE_TOTAL,VE_FORMS,PVH_INVL,PERSONS,PERMVIT,STATENAME,MONTHNAME,DAYNAME,DAY_WEEKNAME,HOURNAME,MINUTENAME,ROUTENAME,RUR_URBNAME,FUNC_SYSNAME,RD_OWNERNAME,NHSNAME,SP_JURNAME,HARM_EVNAME,MAN_COLLNAME,RELJCT1NAME,RELJCT2NAME,TYP_INTNAME,REL_ROADNAME,WRK_ZONENAME,LGT_CONDNAME,WEATHERNAME,SCH_BUSNAME,RAILNAME,LATITUDE,LONGITUD,COUNTYNAME,CITYNAME
80536,2023,1,0,0,1,1,0,1,1,Colorado,October,15,Sunday,1:00pm-1:59pm,0,State Highway,Rural,Minor Arterial,State Highway Agency,This Section IS NOT on the NHS,No Special Jurisdiction,Rollover/Overturn,The First Harmful Event was Not a Collision with a Motor Vehicle in Transport,No,Non-Junction,Not an Intersection,On Roadside,,Daylight,Clear,No,Not Applicable,38.23911111,-103.63709444,CROWLEY (25),NOT APPLICABLE
80537,2023,1,0,0,2,2,0,3,3,Colorado,October,13,Friday,1:00am-1:59am,50,County,Urban,Minor Arterial,County Highway Agency,This Section IS NOT on the NHS,No Special Jurisdiction,Motor Vehicle In-Transport,Front-to-Rear,No,Intersection,T-Intersection,On Roadway,,Dark - Lighted,Clear,No,Not Applicable,39.09174722,-108.47177778,MESA (77),NOT APPLICABLE
80538,2023,1,0,0,2,2,0,2,2,Colorado,October,10,Tuesday,7:00pm-7:59pm,45,Municipal,Urban,Minor Arterial,City or Municipal Highway Agency,This Section IS NOT on the NHS,No Special Jurisdiction,Motor Vehicle In-Transport,Angle,No,Intersection,T-Intersection,On Roadway,,Dark - Lighted,Clear,No,Not Applicable,40.53818056,-105.09141111,LARIMER (69),FORT COLLINS
80539,2023,1,0,0,2,2,0,2,2,Colorado,October,16,Monday,1:00am-1:59am,10,Interstate,Rural,Interstate,State Highway Agency,This Section IS ON the NHS,No Special Jurisdiction,Motor Vehicle In-Transport,Front-to-Rear,Yes,Entrance/Exit Ramp,Not an Intersection,On Roadway,,Dark - Lighted,Clear,No,Not Applicable,39.18588333,-104.85007222,DOUGLAS (35),NOT APPLICABLE
80540,2023,1,1,1,3,3,0,1,1,Colorado,October,29,Sunday,9:00pm-9:59pm,25,Interstate,Urban,Interstate,State Highway Agency,This Section IS ON the NHS,No Special Jurisdiction,Motor Vehicle In-Transport,Front-to-Rear,No,Non-Junction,Not an Intersection,On Roadway,,Dark - Lighted,Cloudy,No,Not Applicable,39.78371389,-105.09081667,JEFFERSON (59),WHEAT RIDGE
80541,2023,1,0,0,2,2,0,2,2,Colorado,October,17,Tuesday,7:00am-7:59am,55,U.S. Highway,Rural,Minor Arterial,State Highway Agency,This Section IS NOT on the NHS,No Special Jurisdiction,Motor Vehicle In-Transport,Sideswipe - Opposite Direction,No,Non-Junction,Not an Intersection,On Roadway,,Daylight,Clear,No,Not Applicable,39.32527778,-106.33585556,LAKE (65),NOT APPLICABLE
80542,2023,1,0,0,1,1,0,1,1,Colorado,October,14,Saturday,0:00am-0:59am,40,Municipal,Urban,Minor Arterial,City or Municipal Highway Agency,This Section IS NOT on the NHS,No Special Jurisdiction,Traffic Signal Support,The First Harmful Event was Not a Collision with a Motor Vehicle in Transport,No,Intersection-Related,Four-Way Intersection,On Roadside,,Dark - Lighted,Clear,No,Not Applicable,40.52384444,-105.058275,LARIMER (69),FORT COLLINS
80543,2023,1,1,1,1,1,0,1,1,Colorado,October,3,Tuesday,7:00am-7:59am,45,Municipal,Urban,Minor Arterial,City or Municipal Highway Agency,This Section IS NOT on the NHS,No Special Jurisdiction,Pedestrian,The First Harmful Event was Not a Collision with a Motor Vehicle in Transport,No,Intersection-Related,T-Intersection,On Roadway,,Dawn,Clear,No,Not Applicable,39.74740556,-104.848125,ADAMS (1),AURORA
80544,2023,1,0,0,2,2,0,2,2,Colorado,October,18,Wednesday,7:00pm-7:59pm,29,State Highway,Rural,Major Collector,State Highway Agency,This Section IS NOT on the NHS,No Special Jurisdiction,Motor Vehicle In-Transport,Sideswipe - Opposite Direction,No,Non-Junction,Not an Intersection,On Roadway,,Dusk,Clear,No,Not Applicable,38.15672222,-104.79163889,PUEBLO (101),NOT APPLICABLE
80545,2023,1,0,0,1,1,0,1,1,Colorado,October,18,Wednesday,4:00am-4:59am,30,State Highway,Rural,Major Collector,State Highway Agency,This Section IS NOT on the NHS,No Special Jurisdiction,Rollover/Overturn,The First Harmful Event was Not a Collision with a Motor Vehicle in Transport,No,Non-Junction,Not an Intersection,On Roadside,,Dark - Not Lighted,Clear,No,Not Applicable,40.414825,-103.217,WASHINGTON (121),NOT APPLICABLE
80546,2023,2,0,0,2,2,0,3,3,Colorado,October,20,Friday,7:00pm-7:59pm,20,State Highway,Rural,Minor Arterial,State Highway Agency,This Section IS NOT on the NHS,No Special Jurisdiction,Motor Vehicle In-Transport,Angle,No,Intersection,T-Intersection,On Roadway,,Dark - Not Lighted,Clear,No,Not Applicable,39.30880833,-106.24533333,LAKE (65),NOT APPLICABLE
80547,2023,1,0,0,2,2,0,3,3,Colorado,October,20,Friday,11:00am-11:59am,55,Municipal,Urban,Minor Arterial,City or Municipal Highway Agency,This Section IS NOT on the NHS,No Special Jurisdiction,Motor Vehicle In-Transport,Angle,No,Intersection,Four-Way Intersection,On Roadway,,Daylight,Clear,No,Not Applicable,39.92893056,-105.13696111,BROOMFIELD (14),BROOMFIELD
80548,2023,1,0,0,2,1,1,1,1,Colorado,October,20,Friday,10:00pm-10:59pm,6,Municipal,Urban,Local,City or Municipal Highway Agency,This Section IS NOT on the NHS,No Special Jurisdiction,Other Object (not fixed),The First Harmful Event was Not a Collision with a Motor Vehicle in Transport,No,Non-Junction,Not an Intersection,In Parking Lane/Zone,,Dark - Lighted,Clear,No,Not Applicable,39.72715556,-104.804425,ARAPAHOE (5),AURORA
80549,2023,1,0,0,2,2,0,2,2,Colorado,October,18,Wednesday,5:00pm-5:59pm,38,Municipal,Urban,Other Principal Arterial,City or Municipal Highway Agency,This Section IS ON the NHS,No Special Jurisdiction,Motor Vehicle In-Transport,Angle,No,Driveway Access Related,Not an Intersection,On Roadway,,Dusk,Clear,No,Not Applicable,38.87397222,-104.80408333,EL PASO (41),COLORADO SPRINGS
80550,2023,1,0,0,1,1,0,2,2,Colorado,October,22,Sunday,0:00am-0:59am,49,U.S. Highway,Urban,Other Principal Arterial,State Highway Agency,This Section IS ON the NHS,No Special Jurisdiction,Boulder,The First Harmful Event was Not a Collision with a Motor Vehicle in Transport,No,Non-Junction,Not an Intersection,On Roadside,,Dark - Lighted,Clear,No,Not Applicable,40.41693611,-104.69109444,WELD (123),GREELEY
80551,2023,1,1,1,1,1,0,1,1,Colorado,October,18,Wednesday,7:00pm-7:59pm,28,U.S. Highway,Urban,Other Principal Arterial,State Highway Agency,This Section IS ON the NHS,No Special Jurisdiction,Pedestrian,The First Harmful Event was Not a Collision with a Motor Vehicle in Transport,No,Non-Junction,Not an Intersection,On Roadway,,Dark - Lighted,Clear,No,Not Applicable,40.52219444,-105.07727222,LARIMER (69),FORT COLLINS
80552,2023,1,0,0,1,1,0,1,1,Colorado,October,3,Tuesday,10:00am-10:59am,49,County,Rural,Local,County Highway Agency,This Section IS NOT on the NHS,No Special Jurisdiction,Rollover/Overturn,The First Harmful Event was Not a Collision with a Motor Vehicle in Transport,No,Non-Junction,Not an Intersection,On Roadway,,Daylight,Clear,No,Not Applicable,38.56195556,-107.97766667,MONTROSE (85),NOT APPLICABLE
80553,2023,1,0,0,1,1,0,1,1,Colorado,October,22,Sunday,2:00pm-2:59pm,50,County,Rural,Major Collector,County Highway Agency,This Section IS NOT on the NHS,No Special Jurisdiction,"Post, Pole or Other Supports",The First Harmful Event was Not a Collision with a Motor Vehicle in Transport,No,Non-Junction,Not an Intersection,On Roadside,,Daylight,Clear,No,Not Applicable,39.29261667,-104.9673,DOUGLAS (35),NOT APPLICABLE
80554,2023,1,0,0,2,2,0,2,2,Colorado,October,23,Monday,4:00pm-4:59pm,51,U.S. Highway,Urban,Other Freeways and Expressways,State Highway Agency,This Section IS ON the NHS,No Special Jurisdiction,Motor Vehicle In-Transport,Front-to-Rear,No,Non-Junction,Not an Intersection,On Roadway,,Daylight,Clear,No,Not Applicable,39.87675556,-105.064,JEFFERSON (59),WESTMINSTER
80555,2023,2,0,0,2,2,0,4,4,Colorado,October,21,Saturday,2:00am-2:59am,0,State Highway,Urban,Other Principal Arterial,State Highway Agency,This Section IS ON the NHS,No Special Jurisdiction,Curb,The First Harmful Event was Not a Collision with a Motor Vehicle in Transport,No,Non-Junction,Not an Intersection,On Median,,Dark - Not Lighted,Clear,No,Not Applicable,39.62433889,-104.95804444,ARAPAHOE (5),CHERRY HILLS VILLAGE
80556,2023,1,1,1,1,1,0,1,1,Colorado,October,13,Friday,5:00pm-5:59pm,5,Municipal,Urban,Minor Arterial,City or Municipal Highway Agency,This Section IS NOT on the NHS,No Special Jurisdiction,Pedalcyclist,The First Harmful Event was Not a Collision with a Motor Vehicle in Transport,No,Non-Junction,Not an Intersection,On Shoulder,,Daylight,Clear,No,Not Applicable,38.80748056,-104.79522222,EL PASO (41),COLORADO SPRINGS
80557,2023,1,0,0,1,1,0,3,3,Colorado,October,24,Tuesday,10:00pm-10:59pm,38,U.S. Highway,Urban,Other Freeways and Expressways,State Highway Agency,This Section IS ON the NHS,No Special Jurisdiction,"Post, Pole or Other Supports",The First Harmful Event was Not a Collision with a Motor Vehicle in Transport,No,Non-Junction,Not an Intersection,On Roadside,,Dark - Not Lighted,Clear,No,Not Applicable,40.39833333,-104.80947222,WELD (123),GREELEY
80558,2023,1,0,0,1,1,0,1,1,Colorado,October,1,Sunday,10:00pm-10:59pm,31,Municipal,Urban,Minor Arterial,City or Municipal Highway Agency,This Section IS NOT on the NHS,No Special Jurisdiction,Tree (Standing Only),The First Harmful Event was Not a Collision with a Motor Vehicle in Transport,No,Non-Junction,Not an Intersection,On Median,,Dark - Lighted,Clear,No,Not Applicable,39.72538889,-104.92854444,DENVER (31),DENVER
80559,2023,1,0,0,1,1,0,1,1,Colorado,October,31,Tuesday,10:00pm-10:59pm,30,U.S. Highway,Rural,Other Principal Arterial,State Highway Agency,This Section IS ON the NHS,No Special Jurisdiction,Traffic Sign Support,The First Harmful Event was Not a Collision with a Motor Vehicle in Transport,No,Intersection-Related,T-Intersection,On Roadside,,Dark - Not Lighted,Clear,No,Not Applicable,38.48956944,-107.05885,GUNNISON (51),NOT APPLICABLE
80560,2023,1,1,1,1,1,0,1,1,Colorado,October,20,Friday,7:00pm-7:59pm,24,Municipal,Urban,Minor Arterial,City or Municipal Highway Agency,This Section IS NOT on the NHS,No Special Jurisdiction,Non-Motorist on Personal Conveyance,The First Harmful Event was Not a Collision with a Motor Vehicle in Transport,Yes,Intersection-Related,Four-Way Intersection,On Roadway,,Dark - Lighted,Clear,No,Not Applicable,38.81458889,-104.82476111,EL PASO (41),COLORADO SPRINGS
80561,2023,1,0,0,2,2,0,2,2,Colorado,October,21,Saturday,8:00am-8:59am,22,State Highway,Urban,Other Principal Arterial,State Highway Agency,This Section IS ON the NHS,No Special Jurisdiction,Motor Vehicle In-Transport,Angle,No,Intersection,Four-Way Intersection,On Roadway,,Daylight,Clear,No,Not Applicable,39.53415556,-104.76717222,DOUGLAS (35),PARKER
80562,2023,1,0,0,7,7,0,8,8,Colorado,October,23,Monday,6:00am-6:59am,3,U.S. Highway,Urban,Other Principal Arterial,State Highway Agency,This Section IS ON the NHS,No Special Jurisdiction,Motor Vehicle In-Transport,Sideswipe - Same Direction,No,Non-Junction,Not an Intersection,On Roadway,,Dark - Lighted,Clear,No,Not Applicable,39.74017222,-104.82393889,ARAPAHOE (5),AURORA
80563,2023,1,0,0,1,1,0,1,1,Colorado,October,30,Monday,6:00am-6:59am,0,U.S. Highway,Rural,Other Principal Arterial,State Highway Agency,This Section IS ON the NHS,No Special Jurisdiction,Rollover/Overturn,The First Harmful Event was Not a Collision with a Motor Vehicle in Transport,No,Non-Junction,Not an Intersection,On Roadside,,Dark - Not Lighted,Clear,No,Not Applicable,38.46517778,-105.86261111,FREMONT (43),NOT APPLICABLE
80564,2023,1,0,0,3,3,0,4,4,Colorado,October,30,Monday,10:00pm-10:59pm,32,U.S. Highway,Rural,Other Principal Arterial,State Highway Agency,This Section IS ON the NHS,No Special Jurisdiction,Motor Vehicle In-Transport,Front-to-Rear,No,Intersection-Related,Four-Way Intersection,On Roadway,,Dark - Lighted,Clear,No,Not Applicable,40.40657778,-104.90742222,WELD (123),NOT APPLICABLE
80565,2023,1,0,0,1,1,0,1,1,Colorado,October,31,Tuesday,6:00am-6:59am,27,County,Rural,Local,County Highway Agency,This Section IS NOT on the NHS,No Special Jurisdiction,Boulder,The First Harmful Event was Not a Collision with a Motor Vehicle in Transport,No,Non-Junction,Not an Intersection,On Roadside,,Dark - Not Lighted,Cloudy,No,Not Applicable,39.72841389,-105.4301,CLEAR CREEK (19),NOT APPLICABLE
80566,2023,1,0,0,2,2,0,3,3,Colorado,October,23,Monday,7:00pm-7:59pm,14,County,Rural,Minor Collector,County Highway Agency,This Section IS NOT on the NHS,No Special Jurisdiction,Motor Vehicle In-Transport,Angle,No,Intersection,Four-Way Intersection,On Roadway,,Dusk,Clear,No,Not Applicable,39.566,-104.66065,ARAPAHOE (5),AURORA
80567,2023,1,0,0,2,1,1,1,1,Colorado,October,22,Sunday,5:00am-5:59am,17,Municipal,Urban,Other Principal Arterial,City or Municipal Highway Agency,This Section IS ON the NHS,No Special Jurisdiction,Traffic Sign Support,The First Harmful Event was Not a Collision with a Motor Vehicle in Transport,No,Non-Junction,Not an Intersection,On Median,,Dark - Not Lighted,Clear,No,Not Applicable,38.82535,-104.75151389,EL PASO (41),COLORADO SPRINGS
80568,2023,1,1,1,1,1,0,1,1,Colorado,October,17,Tuesday,8:00am-8:59am,4,Municipal,Urban,Major Collector,City or Municipal Highway Agency,This Section IS NOT on the NHS,No Special Jurisdiction,Pedalcyclist,The First Harmful Event was Not a Collision with a Motor Vehicle in Transport,No,Intersection,Roundabout,On Roadway,,Daylight,Clear,No,Not Applicable,39.59513889,-104.99766111,ARAPAHOE (5),LITTLETON
80569,2023,1,1,1,1,1,0,1,1,Colorado,October,10,Tuesday,4:00pm-4:59pm,50,Municipal,Urban,Minor Arterial,City or Municipal Highway Agency,This Section IS NOT on the NHS,No Special Jurisdiction,Pedestrian,The First Harmful Event was Not a Collision with a Motor Vehicle in Transport,No,Intersection-Related,Four-Way Intersection,On Roadway,,Daylight,Clear,No,Not Applicable,38.244,-104.6149,PUEBLO (101),PUEBLO
80570,2023,1,1,1,1,1,0,3,3,Colorado,October,20,Friday,8:00pm-8:59pm,0,County,Rural,Major Collector,County Highway Agency,This Section IS NOT on the NHS,No Special Jurisdiction,Pedestrian,The First Harmful Event was Not a Collision with a Motor Vehicle in Transport,No,Non-Junction,Not an Intersection,On Roadway,,Dark - Not Lighted,Clear,No,Not Applicable,37.09682222,-107.72320278,LA PLATA (67),NOT APPLICABLE
80571,2023,1,0,0,2,2,0,6,6,Colorado,October,28,Saturday,11:00pm-11:59pm,8,Municipal,Urban,Other Principal Arterial,City or Municipal Highway Agency,This Section IS ON the NHS,No Special Jurisdiction,Motor Vehicle In-Transport,Angle,Yes,Intersection,Four-Way Intersection,On Roadway,,Dark - Lighted,Snow,No,Not Applicable,38.84037778,-104.75753333,EL PASO (41),COLORADO SPRINGS
80572,2023,1,0,0,1,1,0,1,1,Colorado,October,22,Sunday,0:00am-0:59am,1,U.S. Highway,Rural,Other Principal Arterial,State Highway Agency,This Section IS ON the NHS,No Special Jurisdiction,Tree (Standing Only),The First Harmful Event was Not a Collision with a Motor Vehicle in Transport,No,Non-Junction,Not an Intersection,On Roadside,,Dark - Not Lighted,Clear,No,Not Applicable,40.39071667,-106.80645278,ROUTT (107),NOT APPLICABLE
80573,2023,1,0,0,2,2,0,3,3,Colorado,October,13,Friday,5:00pm-5:59pm,36,Municipal,Urban,Other Principal Arterial,City or Municipal Highway Agency,This Section IS ON the NHS,No Special Jurisdiction,Rollover/Overturn,The First Harmful Event was Not a Collision with a Motor Vehicle in Transport,No,Intersection-Related,Four-Way Intersection,On Roadway,,Daylight,Clear,No,Not Applicable,38.82533889,-104.73929167,EL PASO (41),COLORADO SPRINGS
80574,2023,1,0,0,2,1,1,2,2,Colorado,July,30,Sunday,0:00am-0:59am,1,Interstate,Urban,Interstate,State Highway Agency,This Section IS ON the NHS,No Special Jurisdiction,Parked Motor Vehicle,The First Harmful Event was Not a Collision with a Motor Vehicle in Transport,Yes,Other location within Interchange Area,Not an Intersection,On Shoulder,,Dark - Lighted,Clear,No,Not Applicable,39.77738889,-104.88696111,DENVER (31),DENVER
80575,2023,1,1,1,1,1,0,1,1,Colorado,August,24,Thursday,7:00am-7:59am,33,Municipal,Urban,Major Collector,City or Municipal Highway Agency,This Section IS NOT on the NHS,No Special Jurisdiction,Pedestrian,The First Harmful Event was Not a Collision with a Motor Vehicle in Transport,No,Non-Junction,Not an Intersection,On Roadway,,Daylight,Clear,No,Not Applicable,39.96515,-105.14730278,BOULDER (13),LOUISVILLE
80576,2023,2,0,0,1,1,0,2,2,Colorado,September,8,Friday,0:00am-0:59am,33,Municipal,Urban,Local,City or Municipal Highway Agency,This Section IS NOT on the NHS,No Special Jurisdiction,Rollover/Overturn,The First Harmful Event was Not a Collision with a Motor Vehicle in Transport,No,Non-Junction,Not an Intersection,On Roadside,,Dark - Not Lighted,Clear,No,Not Applicable,40.38831111,-104.96451389,LARIMER (69),Other
80577,2023,1,0,0,2,2,0,4,4,Colorado,November,17,Friday,3:00pm-3:59pm,19,State Highway,Rural,Minor Arterial,State Highway Agency,This Section IS NOT on the NHS,No Special Jurisdiction,Motor Vehicle In-Transport,Angle,No,Intersection,Four-Way Intersection,On Roadway,,Daylight,Clear,No,Not Applicable,38.83861944,-104.46113333,EL PASO (41),NOT APPLICABLE
80578,2023,1,1,1,1,1,0,1,1,Colorado,November,3,Friday,9:00am-9:59am,31,Municipal,Urban,Major Collector,City or Municipal Highway Agency,This Section IS NOT on the NHS,No Special Jurisdiction,Pedestrian,The First Harmful Event was Not a Collision with a Motor Vehicle in Transport,No,Non-Junction,Not an Intersection,On Roadway,Construction,Daylight,Clear,No,Not Applicable,39.95779444,-104.80478611,ADAMS (1),BRIGHTON
80579,2023,1,0,0,1,1,0,1,1,Colorado,November,4,Saturday,6:00pm-6:59pm,1,County,Rural,Local,City or Municipal Highway Agency,This Section IS NOT on the NHS,No Special Jurisdiction,Culvert,The First Harmful Event was Not a Collision with a Motor Vehicle in Transport,No,Non-Junction,Not an Intersection,On Roadside,,Dark - Not Lighted,Clear,No,Not Applicable,40.17426111,-105.22936667,BOULDER (13),NOT APPLICABLE
80580,2023,1,0,0,2,2,0,3,3,Colorado,November,5,Sunday,3:00pm-3:59pm,49,State Highway,Urban,Other Principal Arterial,State Highway Agency,This Section IS ON the NHS,No Special Jurisdiction,Motor Vehicle In-Transport,Angle,No,Intersection,Four-Way Intersection,On Roadway,,Daylight,Clear,No,Not Applicable,38.73741667,-104.68271111,EL PASO (41),NOT APPLICABLE
80581,2023,1,0,0,1,1,0,2,2,Colorado,November,5,Sunday,2:00pm-2:59pm,11,Interstate,Rural,Interstate,State Highway Agency,This Section IS ON the NHS,No Special Jurisdiction,Rollover/Overturn,The First Harmful Event was Not a Collision with a Motor Vehicle in Transport,No,Non-Junction,Not an Intersection,On Roadside,,Daylight,Clear,No,Not Applicable,39.72063333,-104.242875,ARAPAHOE (5),NOT APPLICABLE
80582,2023,1,1,1,1,1,0,2,2,Colorado,November,5,Sunday,10:00pm-10:59pm,12,State Highway,Urban,Other Principal Arterial,State Highway Agency,This Section IS ON the NHS,No Special Jurisdiction,Pedestrian,The First Harmful Event was Not a Collision with a Motor Vehicle in Transport,No,Non-Junction,Not an Intersection,On Roadway,,Dark - Lighted,Clear,No,Not Applicable,39.65960556,-104.85138889,ARAPAHOE (5),AURORA
80583,2023,1,0,0,2,2,0,6,6,Colorado,November,6,Monday,6:00pm-6:59pm,37,State Highway,Rural,Minor Arterial,State Highway Agency,This Section IS NOT on the NHS,No Special Jurisdiction,Motor Vehicle In-Transport,Front-to-Front,No,Non-Junction,Not an Intersection,On Roadway,,Dark - Not Lighted,Cloudy,No,Not Applicable,38.78411667,-108.70604167,MESA (77),NOT APPLICABLE
80584,2023,1,0,0,3,3,0,3,3,Colorado,November,6,Monday,12:00pm-12:59pm,47,U.S. Highway,Urban,Other Principal Arterial,State Highway Agency,This Section IS ON the NHS,No Special Jurisdiction,Motor Vehicle In-Transport,Front-to-Rear,No,Non-Junction,Not an Intersection,On Roadway,,Daylight,Clear,No,Not Applicable,40.421425,-104.76253333,WELD (123),GREELEY
80585,2023,1,1,1,1,1,0,2,2,Colorado,November,7,Tuesday,7:00am-7:59am,57,Municipal,Urban,Minor Arterial,City or Municipal Highway Agency,This Section IS NOT on the NHS,No Special Jurisdiction,Pedestrian,The First Harmful Event was Not a Collision with a Motor Vehicle in Transport,No,Non-Junction,Not an Intersection,On Roadway,,Daylight,Clear,No,Not Applicable,39.74749444,-104.87473056,ADAMS (1),AURORA
80586,2023,2,0,0,1,1,0,2,2,Colorado,November,9,Thursday,9:00pm-9:59pm,30,County,Rural,Major Collector,City or Municipal Highway Agency,This Section IS NOT on the NHS,No Special Jurisdiction,Rollover/Overturn,The First Harmful Event was Not a Collision with a Motor Vehicle in Transport,No,Non-Junction,Not an Intersection,On Roadside,,Dark - Not Lighted,Clear,No,Not Applicable,39.51816667,-107.08821111,EAGLE (37),NOT APPLICABLE
80587,2023,1,0,0,1,1,0,2,2,Colorado,November,10,Friday,8:00am-8:59am,25,Interstate,Rural,Interstate,State Highway Agency,This Section IS ON the NHS,No Special Jurisdiction,Rollover/Overturn,The First Harmful Event was Not a Collision with a Motor Vehicle in Transport,No,Non-Junction,Not an Intersection,On Median,,Daylight,Clear,No,Not Applicable,39.14743056,-108.31416667,MESA (77),NOT APPLICABLE
80588,2023,1,1,1,1,1,0,1,1,Colorado,November,12,Sunday,0:00am-0:59am,33,U.S. Highway,Urban,Minor Arterial,State Highway Agency,This Section IS NOT on the NHS,No Special Jurisdiction,Pedestrian,The First Harmful Event was Not a Collision with a Motor Vehicle in Transport,No,Non-Junction,Not an Intersection,On Roadway,,Dark - Not Lighted,Clear,No,Not Applicable,38.77059444,-104.76368056,EL PASO (41),NOT APPLICABLE
80589,2023,1,1,1,2,2,0,2,2,Colorado,November,12,Sunday,9:00pm-9:59pm,41,U.S. Highway,Urban,Other Principal Arterial,State Highway Agency,This Section IS ON the NHS,No Special Jurisdiction,Pedestrian,The First Harmful Event was Not a Collision with a Motor Vehicle in Transport,No,Non-Junction,Not an Intersection,On Roadway,,Dark - Not Lighted,Clear,No,Not Applicable,39.83293611,-104.92546944,ADAMS (1),COMMERCE CITY
80590,2023,1,0,0,2,2,0,2,2,Colorado,November,12,Sunday,4:00pm-4:59pm,7,Municipal,Urban,Other Principal Arterial,City or Municipal Highway Agency,This Section IS ON the NHS,No Special Jurisdiction,Motor Vehicle In-Transport,Angle,No,Intersection,Four-Way Intersection,On Roadway,,Daylight,Clear,No,Not Applicable,38.8895,-104.81896944,EL PASO (41),COLORADO SPRINGS
80591,2023,1,0,0,3,3,0,3,3,Colorado,November,1,Wednesday,6:00am-6:59am,10,State Highway,Urban,Other Principal Arterial,State Highway Agency,This Section IS ON the NHS,No Special Jurisdiction,Motor Vehicle In-Transport,Angle,No,Intersection,Four-Way Intersection,On Roadway,,Dark - Lighted,Clear,No,Not Applicable,39.71093889,-105.08165556,JEFFERSON (59),LAKEWOOD
80592,2023,1,0,0,3,3,0,3,3,Colorado,November,15,Wednesday,2:00pm-2:59pm,55,County,Rural,Minor Arterial,County Highway Agency,This Section IS NOT on the NHS,No Special Jurisdiction,Motor Vehicle In-Transport,Front-to-Rear,No,Driveway Access Related,Not an Intersection,On Roadway,,Daylight,Clear,No,Not Applicable,38.99541944,-104.60766944,EL PASO (41),NOT APPLICABLE
80593,2023,1,0,0,1,1,0,1,1,Colorado,November,9,Thursday,8:00pm-8:59pm,36,State Highway,Rural,Other Principal Arterial,State Highway Agency,This Section IS ON the NHS,No Special Jurisdiction,"Post, Pole or Other Supports",The First Harmful Event was Not a Collision with a Motor Vehicle in Transport,No,Non-Junction,Not an Intersection,On Roadside,,Dark - Not Lighted,Clear,No,Not Applicable,37.95636111,-107.93400556,SAN MIGUEL (113),NOT APPLICABLE
80594,2023,1,0,0,2,2,0,2,2,Colorado,November,19,Sunday,9:00am-9:59am,25,U.S. Highway,Rural,Other Principal Arterial,State Highway Agency,This Section IS ON the NHS,No Special Jurisdiction,Motor Vehicle In-Transport,Angle,No,Non-Junction,Not an Intersection,On Roadway,,Daylight,Snow,No,Not Applicable,37.53155556,-108.71748056,MONTEZUMA (83),NOT APPLICABLE
80595,2023,1,0,0,2,2,0,4,4,Colorado,November,17,Friday,4:00pm-4:59pm,37,County,Urban,Other Principal Arterial,County Highway Agency,This Section IS ON the NHS,No Special Jurisdiction,Motor Vehicle In-Transport,Angle,No,Intersection,Four-Way Intersection,On Roadway,,Dusk,Clear,No,Not Applicable,38.94068333,-104.60772222,EL PASO (41),NOT APPLICABLE
80596,2023,1,1,1,1,1,0,1,1,Colorado,November,16,Thursday,8:00pm-8:59pm,17,Municipal,Urban,Minor Arterial,City or Municipal Highway Agency,This Section IS NOT on the NHS,No Special Jurisdiction,Pedestrian,The First Harmful Event was Not a Collision with a Motor Vehicle in Transport,No,Intersection-Related,Four-Way Intersection,On Roadway,,Dark - Not Lighted,Clear,No,Not Applicable,38.30638056,-104.71909167,PUEBLO (101),PUEBLO WEST
80597,2023,3,0,0,1,1,0,3,3,Colorado,November,21,Tuesday,3:00pm-3:59pm,21,State Highway,Rural,Major Collector,State Highway Agency,This Section IS NOT on the NHS,No Special Jurisdiction,Tree (Standing Only),The First Harmful Event was Not a Collision with a Motor Vehicle in Transport,No,Non-Junction,Not an Intersection,On Roadside,,Daylight,Clear,No,Not Applicable,38.08664444,-104.93068056,PUEBLO (101),NOT APPLICABLE
80598,2023,1,0,0,1,1,0,1,1,Colorado,November,21,Tuesday,7:00am-7:59am,7,Interstate,Rural,Interstate,State Highway Agency,This Section IS ON the NHS,No Special Jurisdiction,Bridge Pier or Support,The First Harmful Event was Not a Collision with a Motor Vehicle in Transport,Yes,Other location within Interchange Area,Not an Intersection,On Roadside,,Daylight,Clear,No,Not Applicable,40.91098889,-104.937775,WELD (123),NOT APPLICABLE
80599,2023,1,0,0,2,2,0,2,2,Colorado,November,21,Tuesday,5:00am-5:59am,21,State Highway,Urban,Other Principal Arterial,State Highway Agency,This Section IS ON the NHS,No Special Jurisdiction,Motor Vehicle In-Transport,Front-to-Front,No,Intersection,T-Intersection,On Roadway,,Dark - Lighted,Clear,No,Not Applicable,40.00033333,-105.02652778,BROOMFIELD (14),BROOMFIELD
80600,2023,1,0,0,2,2,0,6,6,Colorado,November,19,Sunday,11:00pm-11:59pm,5,Municipal,Urban,Minor Arterial,City or Municipal Highway Agency,This Section IS NOT on the NHS,No Special Jurisdiction,Motor Vehicle In-Transport,Front-to-Front,No,Non-Junction,Not an Intersection,On Roadway,,Dark - Lighted,Clear,No,Not Applicable,39.96186111,-104.78982222,ADAMS (1),BRIGHTON
80601,2023,1,0,0,2,2,0,3,3,Colorado,November,22,Wednesday,5:00pm-5:59pm,5,County,Urban,Local,County Highway Agency,This Section IS NOT on the NHS,No Special Jurisdiction,Motor Vehicle In-Transport,Angle,No,Driveway Access Related,Not an Intersection,On Roadway,,Dark - Lighted,Clear,No,Not Applicable,38.93821389,-104.61017222,EL PASO (41),NOT APPLICABLE