ST_CASE,YEAR,FATALS,PEDS,PERNOTMVIT,VE_TOTAL,VE_FORMS,PVH_INVL,PERSONS,PERMVIT,STATENAME,MONTHNAME,DAYNAME,DAY_WEEKNAME,HOURNAME,MINUTENAME,ROUTENAME,RUR_URBNAME,FUNC_SYSNAME,RD_OWNERNAME,NHSNAME,SP_JURNAME,HARM_EVNAME,MAN_COLLNAME,RELJCT1NAME,RELJCT2NAME,TYP_INTNAME,REL_ROADNAME,WRK_ZONENAME,LGT_CONDNAME,WEATHERNAME,SCH_BUSNAME,RAILNAME,LATITUDE,LONGITUD,COUNTYNAME,CITYNAME
80602,2023,1,0,0,1,1,0,1,1,Colorado,November,22,Wednesday,1:00pm-1:59pm,10,Interstate,Rural,Interstate,State Highway Agency,This Section IS ON the NHS,No Special Jurisdiction,Rollover/Overturn,The First Harmful Event was Not a Collision with a Motor Vehicle in Transport,No,Non-Junction,Not an Intersection,On Median,,Daylight,Clear,No,Not Applicable,40.64182222,-103.15176667,LOGAN (75),NOT APPLICABLE
80603,2023,1,0,0,2,2,0,5,5,Colorado,November,22,Wednesday,5:00pm-5:59pm,50,U.S. Highway,Rural,Minor Arterial,State Highway Agency,This Section IS NOT on the NHS,No Special Jurisdiction,Motor Vehicle In-Transport,Front-to-Front,No,Non-Junction,Not an Intersection,On Roadway,,Dark - Not Lighted,Clear,No,Not Applicable,39.65478889,-105.87277778,SUMMIT (117),NOT APPLICABLE
80604,2023,1,1,1,1,1,0,1,1,Colorado,November,23,Thursday,3:00am-3:59am,0,U.S. Highway,Urban,Other Principal Arterial,State Highway Agency,This Section IS ON the NHS,No Special Jurisdiction,Pedestrian,The First Harmful Event was Not a Collision with a Motor Vehicle in Transport,No,Intersection-Related,Four-Way Intersection,On Roadway,,Dark - Lighted,Clear,No,Not Applicable,39.80305556,-105.02522778,ADAMS (1),NOT APPLICABLE
80605,2023,1,0,0,2,2,0,6,6,Colorado,November,24,Friday,5:00pm-5:59pm,56,U.S. Highway,Rural,Other Principal Arterial,State Highway Agency,This Section IS ON the NHS,No Special Jurisdiction,Motor Vehicle In-Transport,Angle,No,Intersection,Four-Way Intersection,On Roadway,,Dark - Not Lighted,Clear,No,Not Applicable,37.67565833,-106.14901389,RIO GRANDE (105),NOT APPLICABLE
80606,2023,1,0,0,1,1,0,4,4,Colorado,November,25,Saturday,10:00am-10:59am,12,County,Rural,Local,County Highway Agency,This Section IS NOT on the NHS,No Special Jurisdiction,Railway Vehicle,The First Harmful Event was Not a Collision with a Motor Vehicle in Transport,No,Railway Grade Crossing,Not an Intersection,On Roadway,,Daylight,Snow,No,804868X,40.62591944,-104.74808333,WELD (123),NOT APPLICABLE
80607,2023,1,0,0,2,2,0,2,2,Colorado,November,26,Sunday,7:00am-7:59am,9,State Highway,Urban,Other Principal Arterial,State Highway Agency,This Section IS ON the NHS,No Special Jurisdiction,Motor Vehicle In-Transport,Angle,No,Intersection,Four-Way Intersection,On Roadway,,Dawn,Clear,No,Not Applicable,39.67484167,-104.86605556,ARAPAHOE (5),AURORA
80608,2023,1,1,1,1,1,0,1,1,Colorado,November,15,Wednesday,6:00pm-6:59pm,0,County,Urban,Major Collector,County Highway Agency,This Section IS NOT on the NHS,No Special Jurisdiction,Pedestrian,The First Harmful Event was Not a Collision with a Motor Vehicle in Transport,Yes,Intersection-Related,Four-Way Intersection,On Roadway,,Dark - Lighted,Clear,No,Not Applicable,39.56638333,-107.51672222,GARFIELD (45),NOT APPLICABLE
80609,2023,1,0,0,1,1,0,1,1,Colorado,November,8,Wednesday,6:00am-6:59am,0,County,Rural,Major Collector,County Highway Agency,This Section IS NOT on the NHS,No Special Jurisdiction,Live Animal,The First Harmful Event was Not a Collision with a Motor Vehicle in Transport,No,Non-Junction,Not an Intersection,On Roadway,,Dark - Not Lighted,Clear,No,Not Applicable,38.79374167,-106.14651944,CHAFFEE (15),NOT APPLICABLE
80610,2023,1,0,0,2,2,0,2,2,Colorado,November,23,Thursday,10:00am-10:59am,44,Municipal,Urban,Minor Arterial,City or Municipal Highway Agency,This Section IS NOT on the NHS,No Special Jurisdiction,Motor Vehicle In-Transport,Angle,No,Intersection,Four-Way Intersection,On Roadway,,Daylight,Clear,No,Not Applicable,39.98663889,-104.97847778,ADAMS (1),THORNTON
80611,2023,1,1,1,1,1,0,3,3,Colorado,November,19,Sunday,2:00am-2:59am,33,Interstate,Urban,Interstate,State Highway Agency,This Section IS ON the NHS,No Special Jurisdiction,Pedestrian,The First Harmful Event was Not a Collision with a Motor Vehicle in Transport,Yes,Through Roadway,Not an Intersection,On Roadway,,Dark - Lighted,Clear,No,Not Applicable,39.77289444,-104.83383056,DENVER (31),DENVER
80612,2023,1,1,1,1,1,0,1,1,Colorado,November,30,Thursday,11:00am-11:59am,59,State Highway,Urban,Other Principal Arterial,State Highway Agency,This Section IS ON the NHS,No Special Jurisdiction,Non-Motorist on Personal Conveyance,The First Harmful Event was Not a Collision with a Motor Vehicle in Transport,No,Intersection-Related,Four-Way Intersection,On Roadway,,Daylight,Clear,No,Not Applicable,39.733075,-105.02515278,DENVER (31),DENVER
80613,2023,1,1,1,1,1,0,1,1,Colorado,November,22,Wednesday,6:00pm-6:59pm,33,Municipal,Urban,Other Freeways and Expressways,City or Municipal Highway Agency,This Section IS ON the NHS,No Special Jurisdiction,Pedestrian,The First Harmful Event was Not a Collision with a Motor Vehicle in Transport,Yes,Through Roadway,Not an Intersection,On Roadway,,Dark - Lighted,Clear,No,Not Applicable,38.83966667,-104.75555556,EL PASO (41),COLORADO SPRINGS
80614,2023,1,0,0,1,1,0,1,1,Colorado,November,18,Saturday,9:00am-9:59am,59,Interstate,Urban,Interstate,State Highway Agency,This Section IS ON the NHS,No Special Jurisdiction,Rollover/Overturn,The First Harmful Event was Not a Collision with a Motor Vehicle in Transport,Yes,Other location within Interchange Area,Not an Intersection,Gore,,Daylight,Clear,No,Not Applicable,38.24122222,-104.6125,PUEBLO (101),PUEBLO
80615,2023,1,1,1,1,1,0,1,1,Colorado,November,19,Sunday,6:00pm-6:59pm,36,State Highway,Urban,Other Principal Arterial,State Highway Agency,This Section IS ON the NHS,No Special Jurisdiction,Pedestrian,The First Harmful Event was Not a Collision with a Motor Vehicle in Transport,No,Intersection-Related,Four-Way Intersection,On Roadway,,Dark - Lighted,Clear,No,Not Applicable,39.78366111,-104.94063333,DENVER (31),DENVER
80616,2023,1,0,0,1,1,0,1,1,Colorado,November,25,Saturday,10:00pm-10:59pm,0,Municipal,Urban,Minor Arterial,City or Municipal Highway Agency,This Section IS NOT on the NHS,No Special Jurisdiction,Curb,The First Harmful Event was Not a Collision with a Motor Vehicle in Transport,No,Non-Junction,Not an Intersection,On Roadside,,Dark - Lighted,Clear,No,Not Applicable,39.73627778,-104.903425,DENVER (31),DENVER
80617,2023,1,1,1,2,2,0,1,1,Colorado,October,22,Sunday,10:00pm-10:59pm,48,Interstate,Urban,Interstate,State Highway Agency,This Section IS ON the NHS,No Special Jurisdiction,Motor Vehicle In-Transport,Front-to-Rear,Yes,Through Roadway,Not an Intersection,On Roadway,,Dark - Lighted,Clear,No,Not Applicable,39.77732778,-104.88375278,DENVER (31),DENVER
80618,2023,1,1,1,1,1,0,1,1,Colorado,December,4,Monday,0:00am-0:59am,3,Municipal,Urban,Minor Arterial,City or Municipal Highway Agency,This Section IS NOT on the NHS,No Special Jurisdiction,Pedalcyclist,The First Harmful Event was Not a Collision with a Motor Vehicle in Transport,No,Non-Junction,Not an Intersection,On Roadway,,Dark - Lighted,Clear,No,Not Applicable,40.39951389,-104.69114722,WELD (123),GREELEY
80619,2023,1,0,0,3,3,0,4,4,Colorado,December,3,Sunday,10:00pm-10:59pm,5,State Highway,Urban,Other Principal Arterial,State Highway Agency,This Section IS ON the NHS,No Special Jurisdiction,Rollover/Overturn,The First Harmful Event was Not a Collision with a Motor Vehicle in Transport,No,Intersection-Related,Four-Way Intersection,On Roadway,,Dark - Lighted,Clear,No,Not Applicable,39.67455556,-104.86588056,ARAPAHOE (5),AURORA
80620,2023,1,0,0,1,1,0,3,3,Colorado,December,3,Sunday,9:00pm-9:59pm,1,Municipal,Urban,Local,City or Municipal Highway Agency,This Section IS NOT on the NHS,No Special Jurisdiction,Curb,The First Harmful Event was Not a Collision with a Motor Vehicle in Transport,No,Non-Junction,Not an Intersection,On Median,,Dark - Not Lighted,Cloudy,No,Not Applicable,39.60253889,-104.69381389,ARAPAHOE (5),AURORA
80621,2023,1,0,0,2,2,0,3,3,Colorado,December,5,Tuesday,5:00pm-5:59pm,0,U.S. Highway,Rural,Other Principal Arterial,State Highway Agency,This Section IS ON the NHS,No Special Jurisdiction,Motor Vehicle In-Transport,Front-to-Front,No,Non-Junction,Not an Intersection,On Roadway,,Dark - Not Lighted,Clear,No,Not Applicable,38.27553333,-107.76643889,OURAY (91),NOT APPLICABLE
80622,2023,1,0,0,2,2,0,2,2,Colorado,December,5,Tuesday,7:00am-7:59am,20,Municipal,Urban,Major Collector,City or Municipal Highway Agency,This Section IS NOT on the NHS,No Special Jurisdiction,Motor Vehicle In-Transport,Angle,No,Intersection,Four-Way Intersection,On Roadway,,Daylight,Clear,No,Not Applicable,40.15633333,-105.055325,WELD (123),LONGMONT
80623,2023,1,1,1,1,1,0,1,1,Colorado,December,3,Sunday,11:00pm-11:59pm,39,State Highway,Urban,Other Principal Arterial,State Highway Agency,This Section IS ON the NHS,No Special Jurisdiction,Pedestrian,The First Harmful Event was Not a Collision with a Motor Vehicle in Transport,No,Non-Junction,Not an Intersection,On Roadway,,Dark - Lighted,Clear,No,Not Applicable,39.72956111,-105.10975,JEFFERSON (59),LAKEWOOD
80624,2023,1,1,1,1,1,0,1,1,Colorado,December,7,Thursday,12:00pm-12:59pm,21,U.S. Highway,Urban,Other Principal Arterial,State Highway Agency,This Section IS ON the NHS,No Special Jurisdiction,Non-Motorist on Personal Conveyance,The First Harmful Event was Not a Collision with a Motor Vehicle in Transport,No,Intersection-Related,Four-Way Intersection,On Roadway,,Daylight,Clear,No,Not Applicable,39.74021111,-105.07683889,JEFFERSON (59),LAKEWOOD
80625,2023,1,0,0,2,2,0,3,3,Colorado,December,9,Saturday,3:00pm-3:59pm,59,Municipal,Urban,Local,City or Municipal Highway Agency,This Section IS NOT on the NHS,No Special Jurisdiction,Motor Vehicle In-Transport,Front-to-Front,No,Non-Junction,Not an Intersection,On Roadway,,Daylight,Clear,No,Not Applicable,38.32436944,-104.83279722,PUEBLO (101),PUEBLO WEST
80626,2023,1,1,1,1,1,0,1,1,Colorado,December,10,Sunday,6:00pm-6:59pm,42,State Highway,Urban,Other Principal Arterial,State Highway Agency,This Section IS ON the NHS,No Special Jurisdiction,Pedestrian,The First Harmful Event was Not a Collision with a Motor Vehicle in Transport,No,Non-Junction,Not an Intersection,On Roadway,,Dark - Not Lighted,Clear,No,Not Applicable,40.58119167,-105.00609722,LARIMER (69),NOT APPLICABLE
80627,2023,2,0,0,2,2,0,3,3,Colorado,December,9,Saturday,7:00am-7:59am,47,U.S. Highway,Rural,Minor Arterial,State Highway Agency,This Section IS NOT on the NHS,No Special Jurisdiction,Motor Vehicle In-Transport,Front-to-Front,No,Non-Junction,Not an Intersection,On Roadway,,Daylight,Clear,No,Not Applicable,39.04791944,-105.59951944,PARK (93),NOT APPLICABLE
80628,2023,1,1,1,1,1,0,1,1,Colorado,December,5,Tuesday,6:00pm-6:59pm,15,Municipal,Urban,Minor Arterial,City or Municipal Highway Agency,This Section IS NOT on the NHS,No Special Jurisdiction,Pedestrian,The First Harmful Event was Not a Collision with a Motor Vehicle in Transport,No,Intersection-Related,Four-Way Intersection,On Roadway,,Dark - Lighted,Clear,No,Not Applicable,39.78253333,-104.86581111,DENVER (31),DENVER
80629,2023,1,0,0,2,2,0,2,2,Colorado,December,8,Friday,11:00am-11:59am,33,State Highway,Rural,Minor Arterial,State Highway Agency,This Section IS NOT on the NHS,No Special Jurisdiction,Motor Vehicle In-Transport,Front-to-Front,No,Non-Junction,Not an Intersection,On Roadway,,Daylight,Cloudy,No,Not Applicable,40.47968889,-104.85461667,WELD (123),NOT APPLICABLE
80630,2023,1,1,1,1,1,0,1,1,Colorado,December,11,Monday,8:00pm-8:59pm,0,State Highway,Urban,Other Principal Arterial,State Highway Agency,This Section IS ON the NHS,No Special Jurisdiction,Non-Motorist on Personal Conveyance,The First Harmful Event was Not a Collision with a Motor Vehicle in Transport,No,Intersection-Related,Four-Way Intersection,On Roadway,,Dark - Lighted,Clear,No,Not Applicable,38.21865556,-104.62526111,PUEBLO (101),PUEBLO
80631,2023,1,0,0,2,2,0,2,2,Colorado,December,15,Friday,1:00pm-1:59pm,39,Municipal,Urban,Major Collector,City or Municipal Highway Agency,This Section IS NOT on the NHS,No Special Jurisdiction,Motor Vehicle In-Transport,Front-to-Front,No,Driveway Access Related,Not an Intersection,On Roadway,,Daylight,Clear,No,Not Applicable,39.87077222,-104.87474444,ADAMS (1),COMMERCE CITY
80632,2023,1,0,0,1,1,0,1,1,Colorado,December,16,Saturday,8:00am-8:59am,30,State Highway,Rural,Minor Arterial,State Highway Agency,This Section IS NOT on the NHS,No Special Jurisdiction,Traffic Sign Support,The First Harmful Event was Not a Collision with a Motor Vehicle in Transport,No,Non-Junction,Not an Intersection,On Roadside,,Daylight,Clear,No,Not Applicable,38.22236111,-108.50359722,MONTROSE (85),NOT APPLICABLE
80633,2023,1,0,0,1,1,0,1,1,Colorado,December,16,Saturday,2:00am-2:59am,12,State Highway,Urban,Other Freeways and Expressways,State Highway Agency,This Section IS ON the NHS,No Special Jurisdiction,Culvert,The First Harmful Event was Not a Collision with a Motor Vehicle in Transport,No,Non-Junction,Not an Intersection,On Roadside,,Dark - Not Lighted,Clear,No,Not Applicable,39.84959722,-104.747175,ADAMS (1),NOT APPLICABLE
80634,2023,2,0,0,2,2,0,3,3,Colorado,December,12,Tuesday,1:00pm-1:59pm,19,Municipal,Urban,Minor Arterial,City or Municipal Highway Agency,This Section IS NOT on the NHS,No Special Jurisdiction,Motor Vehicle In-Transport,Angle,No,Intersection,T-Intersection,On Roadway,,Daylight,Clear,No,Not Applicable,39.93272778,-105.07192222,BROOMFIELD (14),BROOMFIELD
80635,2023,1,0,0,2,2,0,2,2,Colorado,December,20,Wednesday,5:00am-5:59am,22,Municipal,Urban,Minor Arterial,City or Municipal Highway Agency,This Section IS NOT on the NHS,No Special Jurisdiction,Motor Vehicle In-Transport,Angle,No,Intersection,Four-Way Intersection,On Roadway,,Dark - Lighted,Clear,No,Not Applicable,40.450725,-104.94423611,WELD (123),WINDSOR
80636,2023,1,1,1,1,1,0,1,1,Colorado,December,21,Thursday,3:00am-3:59am,46,County,Urban,Minor Arterial,County Highway Agency,This Section IS NOT on the NHS,No Special Jurisdiction,Pedestrian,The First Harmful Event was Not a Collision with a Motor Vehicle in Transport,No,Non-Junction,Not an Intersection,On Roadway,,Dark - Not Lighted,Clear,No,Not Applicable,39.59519444,-105.04801389,ARAPAHOE (5),NOT APPLICABLE
80637,2023,1,0,0,2,2,0,2,2,Colorado,December,21,Thursday,6:00am-6:59am,55,U.S. Highway,Rural,Other Principal Arterial,State Highway Agency,This Section IS ON the NHS,No Special Jurisdiction,Motor Vehicle In-Transport,Angle,No,Non-Junction,Not an Intersection,On Roadway,,Dark - Not Lighted,Freezing Rain or Drizzle,No,Not Applicable,37.47504722,-105.59908333,COSTILLA (23),NOT APPLICABLE
80638,2023,1,1,1,1,1,0,1,1,Colorado,December,26,Tuesday,1:00pm-1:59pm,30,Municipal,Urban,Other Principal Arterial,City or Municipal Highway Agency,This Section IS ON the NHS,No Special Jurisdiction,Pedestrian,The First Harmful Event was Not a Collision with a Motor Vehicle in Transport,No,Intersection-Related,Four-Way Intersection,On Roadway,,Daylight,Cloudy,No,Not Applicable,39.67843889,-104.93656111,DENVER (31),DENVER
80639,2023,1,1,1,1,1,0,1,1,Colorado,December,21,Thursday,7:00pm-7:59pm,3,County,Urban,Minor Arterial,County Highway Agency,This Section IS NOT on the NHS,No Special Jurisdiction,Non-Motorist on Personal Conveyance,The First Harmful Event was Not a Collision with a Motor Vehicle in Transport,No,Intersection,T-Intersection,On Roadway,,Dark - Lighted,Clear,No,Not Applicable,39.80186111,-104.98129167,ADAMS (1),NOT APPLICABLE
80640,2023,1,0,0,2,2,0,4,4,Colorado,December,24,Sunday,5:00pm-5:59pm,21,County,Rural,Major Collector,County Highway Agency,This Section IS NOT on the NHS,No Special Jurisdiction,Motor Vehicle In-Transport,Front-to-Front,No,Non-Junction,Not an Intersection,On Roadway,,Dark - Not Lighted,Clear,No,Not Applicable,40.27426111,-104.60236667,WELD (123),NOT APPLICABLE
80641,2023,1,0,0,1,1,0,1,1,Colorado,December,25,Monday,3:00am-3:59am,16,Interstate,Urban,Interstate,State Highway Agency,This Section IS ON the NHS,No Special Jurisdiction,Guardrail End,The First Harmful Event was Not a Collision with a Motor Vehicle in Transport,No,Non-Junction,Not an Intersection,On Roadside,,Dark - Lighted,Clear,No,Not Applicable,40.47482778,-104.99151389,LARIMER (69),NOT APPLICABLE
80642,2023,1,1,1,1,1,0,2,2,Colorado,December,25,Monday,1:00am-1:59am,18,Municipal,Urban,Major Collector,City or Municipal Highway Agency,This Section IS NOT on the NHS,No Special Jurisdiction,Pedestrian,The First Harmful Event was Not a Collision with a Motor Vehicle in Transport,No,Non-Junction,Not an Intersection,On Roadway,,Dark - Lighted,Clear,No,Not Applicable,39.74115556,-104.88462778,ADAMS (1),AURORA
80643,2023,1,1,1,1,1,0,2,2,Colorado,December,21,Thursday,8:00pm-8:59pm,56,Municipal,Urban,Minor Arterial,City or Municipal Highway Agency,This Section IS NOT on the NHS,No Special Jurisdiction,Non-Motorist on Personal Conveyance,The First Harmful Event was Not a Collision with a Motor Vehicle in Transport,No,Non-Junction,Not an Intersection,On Roadway,,Dark - Lighted,Clear,No,Not Applicable,40.55779167,-105.115,LARIMER (69),FORT COLLINS
80644,2023,1,1,1,1,1,0,2,2,Colorado,December,15,Friday,9:00pm-9:59pm,5,County,Urban,Major Collector,County Highway Agency,This Section IS NOT on the NHS,No Special Jurisdiction,Pedestrian,The First Harmful Event was Not a Collision with a Motor Vehicle in Transport,No,Non-Junction,Not an Intersection,On Roadway,,Dark - Not Lighted,Clear,No,Not Applicable,39.68928333,-104.8847,ARAPAHOE (5),NOT APPLICABLE
80645,2023,2,0,0,2,2,0,3,3,Colorado,December,17,Sunday,7:00pm-7:59pm,11,State Highway,Urban,Other Principal Arterial,State Highway Agency,This Section IS ON the NHS,No Special Jurisdiction,Motor Vehicle In-Transport,Angle,No,Driveway Access Related,Not an Intersection,On Roadway,,Dark - Lighted,Clear,No,Not Applicable,39.68285,-105.05317222,DENVER (31),DENVER
80646,2023,1,0,0,4,4,0,8,8,Colorado,December,27,Wednesday,4:00pm-4:59pm,30,State Highway,Urban,Other Freeways and Expressways,State Highway Agency,This Section IS ON the NHS,No Special Jurisdiction,Motor Vehicle In-Transport,Front-to-Front,Yes,Through Roadway,Not an Intersection,On Roadway,,Daylight,Clear,No,Not Applicable,39.97618611,-104.96080556,ADAMS (1),NOT APPLICABLE
80647,2023,1,0,0,1,1,0,1,1,Colorado,December,27,Wednesday,10:00pm-10:59pm,30,Not Signed,Urban,Local,Not Reported,This Section IS NOT on the NHS,No Special Jurisdiction,Fence,The First Harmful Event was Not a Collision with a Motor Vehicle in Transport,No,Non-Junction,Not an Intersection,Outside Trafficway,,Dark - Lighted,Clear,No,Not Applicable,39.86097778,-104.90945556,ADAMS (1),NOT APPLICABLE
80648,2023,2,0,0,2,2,0,3,3,Colorado,December,28,Thursday,5:00pm-5:59pm,11,State Highway,Rural,Other Principal Arterial,State Highway Agency,This Section IS ON the NHS,No Special Jurisdiction,Motor Vehicle In-Transport,Front-to-Front,No,Non-Junction,Not an Intersection,On Roadway,,Daylight,Clear,No,Not Applicable,40.59656944,-103.90376111,WELD (123),NOT APPLICABLE
80649,2023,1,1,1,1,1,0,1,1,Colorado,December,17,Sunday,2:00am-2:59am,15,Township,Rural,Local,Town or Township Highway Agency,This Section IS NOT on the NHS,No Special Jurisdiction,Pedestrian,The First Harmful Event was Not a Collision with a Motor Vehicle in Transport,No,Driveway Access Related,Not an Intersection,On Roadway,,Dark - Lighted,Clear,No,Not Applicable,40.0241,-104.72075556,WELD (123),LOCHBUIE
80650,2023,2,0,0,1,1,0,4,4,Colorado,December,28,Thursday,1:00pm-1:59pm,54,Interstate,Urban,Interstate,State Highway Agency,This Section IS ON the NHS,No Special Jurisdiction,Ditch,The First Harmful Event was Not a Collision with a Motor Vehicle in Transport,No,Non-Junction,Not an Intersection,On Roadside,,Daylight,Clear,No,Not Applicable,39.99,-104.73079444,ADAMS (1),BRIGHTON
80651,2023,1,1,1,1,1,0,1,1,Colorado,December,29,Friday,10:00pm-10:59pm,37,Municipal,Urban,Other Principal Arterial,City or Municipal Highway Agency,This Section IS ON the NHS,No Special Jurisdiction,Pedestrian,The First Harmful Event was Not a Collision with a Motor Vehicle in Transport,No,Intersection-Related,T-Intersection,On Roadway,,Dark - Not Lighted,Cloudy,No,Not Applicable,39.70864722,-104.81311944,ARAPAHOE (5),AURORA
80652,2023,1,1,1,1,1,0,1,1,Colorado,December,30,Saturday,7:00pm-7:59pm,48,Municipal,Urban,Minor Arterial,City or Municipal Highway Agency,This Section IS NOT on the NHS,No Special Jurisdiction,Pedestrian,The First Harmful Event was Not a Collision with a Motor Vehicle in Transport,No,Intersection-Related,Four-Way Intersection,On Roadway,,Dark - Lighted,Clear,No,Not Applicable,39.79854167,-104.76276389,DENVER (31),DENVER
80653,2023,1,0,0,2,2,0,2,2,Colorado,December,20,Wednesday,11:00am-11:59am,56,County,Rural,Local,County Highway Agency,This Section IS NOT on the NHS,No Special Jurisdiction,Motor Vehicle In-Transport,Angle,No,Intersection,Four-Way Intersection,On Roadway,,Daylight,Clear,No,Not Applicable,40.62941389,-102.32074722,PHILLIPS (95),NOT APPLICABLE
80654,2023,1,0,0,3,3,0,11,11,Colorado,December,12,Tuesday,3:00pm-3:59pm,43,Municipal,Urban,Minor Arterial,City or Municipal Highway Agency,This Section IS NOT on the NHS,No Special Jurisdiction,Motor Vehicle In-Transport,Angle,No,Intersection,Four-Way Intersection,On Roadway,,Daylight,Cloudy,No,Not Applicable,39.518425,-104.77074444,DOUGLAS (35),PARKER
80655,2023,1,0,0,2,2,0,2,2,Colorado,December,29,Friday,2:00pm-2:59pm,12,Not Signed,Urban,Local,Not Reported,This Section IS NOT on the NHS,No Special Jurisdiction,Motor Vehicle In-Transport,Front-to-Front,No,Intersection,T-Intersection,On Roadway,,Daylight,Clear,No,Not Applicable,40.46473889,-104.99234722,LARIMER (69),LOVELAND
80656,2023,1,0,0,1,1,0,1,1,Colorado,December,29,Friday,4:00pm-4:59pm,25,Municipal,Urban,Other Principal Arterial,City or Municipal Highway Agency,This Section IS ON the NHS,No Special Jurisdiction,Rollover/Overturn,The First Harmful Event was Not a Collision with a Motor Vehicle in Transport,No,Intersection,Four-Way Intersection,On Roadway,,Dusk,Clear,No,Not Applicable,38.84240556,-104.82117222,EL PASO (41),COLORADO SPRINGS
80657,2023,1,0,0,1,1,0,1,1,Colorado,December,30,Saturday,1:00pm-1:59pm,17,Interstate,Urban,Interstate,State Highway Agency,This Section IS ON the NHS,No Special Jurisdiction,Rollover/Overturn,The First Harmful Event was Not a Collision with a Motor Vehicle in Transport,Yes,Other location within Interchange Area,Not an Intersection,On Median,,Daylight,Clear,No,Not Applicable,38.9349,-104.81258889,EL PASO (41),COLORADO SPRINGS
80658,2023,1,0,0,1,1,0,1,1,Colorado,December,31,Sunday,9:00pm-9:59pm,39,State Highway,Urban,Other Principal Arterial,State Highway Agency,This Section IS ON the NHS,No Special Jurisdiction,Impact Attenuator/Crash Cushion,The First Harmful Event was Not a Collision with a Motor Vehicle in Transport,Yes,Other location within Interchange Area,Not an Intersection,On Roadside,,Dark - Lighted,Clear,No,Not Applicable,39.11119444,-108.64335833,MESA (77),GRAND JUNCTION
80659,2023,1,0,0,1,1,0,1,1,Colorado,December,30,Saturday,8:00pm-8:59pm,3,Interstate,Urban,Interstate,State Highway Agency,This Section IS ON the NHS,No Special Jurisdiction,Other Object (not fixed),The First Harmful Event was Not a Collision with a Motor Vehicle in Transport,Yes,Other location within Interchange Area,Not an Intersection,On Shoulder,,Dark - Lighted,Clear,No,Not Applicable,39.63994167,-104.88357778,DENVER (31),DENVER
80660,2023,1,0,0,1,1,0,1,1,Colorado,December,26,Tuesday,7:00am-7:59am,3,Municipal,Urban,Minor Arterial,City or Municipal Highway Agency,This Section IS NOT on the NHS,No Special Jurisdiction,Curb,The First Harmful Event was Not a Collision with a Motor Vehicle in Transport,No,Non-Junction,Not an Intersection,On Roadside,,Dark - Lighted,Snow,No,Not Applicable,39.66797222,-104.93747222,DENVER (31),DENVER
80661,2023,1,0,0,1,1,0,1,1,Colorado,December,20,Wednesday,2:00pm-2:59pm,25,Interstate,Rural,Interstate,State Highway Agency,This Section IS ON the NHS,No Special Jurisdiction,Guardrail Face,The First Harmful Event was Not a Collision with a Motor Vehicle in Transport,Yes,Other location within Interchange Area,Not an Intersection,On Median,,Daylight,Cloudy,No,Not Applicable,40.76949722,-102.94098056,LOGAN (75),NOT APPLICABLE
80662,2023,1,0,0,2,2,0,3,3,Colorado,December,19,Tuesday,7:00pm-7:59pm,47,Municipal,Urban,Major Collector,City or Municipal Highway Agency,This Section IS NOT on the NHS,No Special Jurisdiction,Motor Vehicle In-Transport,Sideswipe - Opposite Direction,No,Non-Junction,Not an Intersection,On Roadway,,Dark - Lighted,Clear,No,Not Applicable,39.58044444,-104.72506111,ARAPAHOE (5),AURORA
80663,2023,1,1,1,1,1,0,1,1,Colorado,December,8,Friday,2:00pm-2:59pm,48,Municipal,Urban,Other Principal Arterial,City or Municipal Highway Agency,This Section IS ON the NHS,No Special Jurisdiction,Pedestrian,The First Harmful Event was Not a Collision with a Motor Vehicle in Transport,No,Non-Junction,Not an Intersection,On Roadway,,Daylight,Cloudy,No,Not Applicable,38.825425,-104.76858611,EL PASO (41),COLORADO SPRINGS
80664,2023,1,1,1,1,1,0,1,1,Colorado,December,27,Wednesday,6:00am-6:59am,5,U.S. Highway,Urban,Other Principal Arterial,State Highway Agency,This Section IS NOT on the NHS,No Special Jurisdiction,Pedestrian,The First Harmful Event was Not a Collision with a Motor Vehicle in Transport,No,Intersection,Four-Way Intersection,On Roadway,,Dark - Not Lighted,Clear,No,Not Applicable,39.72183333,-105.19700556,JEFFERSON (59),GOLDEN
80665,2023,1,1,1,1,1,0,1,1,Colorado,February,13,Monday,9:00am-9:59am,43,U.S. Highway,Urban,Other Principal Arterial,State Highway Agency,This Section IS ON the NHS,No Special Jurisdiction,Pedestrian,The First Harmful Event was Not a Collision with a Motor Vehicle in Transport,No,Intersection-Related,Four-Way Intersection,On Roadway,,Daylight,Clear,No,Not Applicable,39.74005,-104.99288889,DENVER (31),DENVER
80666,2023,1,0,0,2,2,0,2,2,Colorado,November,18,Saturday,0:00am-0:59am,7,Municipal,Urban,Minor Arterial,City or Municipal Highway Agency,This Section IS NOT on the NHS,No Special Jurisdiction,Motor Vehicle In-Transport,Angle,No,Intersection,T-Intersection,On Roadway,,Dark - Lighted,Clear,No,Not Applicable,39.76106667,-105.02682222,DENVER (31),DENVER
80667,2023,1,0,0,1,1,0,2,2,Colorado,December,29,Friday,10:00am-10:59am,34,Township,Rural,Local,Town or Township Highway Agency,This Section IS NOT on the NHS,No Special Jurisdiction,Railway Vehicle,The First Harmful Event was Not a Collision with a Motor Vehicle in Transport,No,Railway Grade Crossing,Not an Intersection,On Roadway,,Daylight,Clear,No,804870Y,40.69624444,-104.77595833,WELD (123),NUNN